station,city,state,latitude,longitude,board_acronym,snapshot_date,snapshot_label,PM2.5,PM10,SO2,NO2,CO,NH3,OZONE,valid_pollutant_count,missing_pollutant_count,completeness_pct,total_pollutant_conc,mean_pollutant_conc,median_pollutant_conc,pollutant_conc_range,highest_raw_concentration_pollutant,highest_raw_concentration_value,dominant_pollutant_by_AQI,high_missingness_flag,suspicious_zero_flag,incomplete_station_flag,coordinate_issue_flag,duplicate_coordinate_flag,PM2.5_zscore,PM10_zscore,SO2_zscore,NO2_zscore,CO_zscore,NH3_zscore,OZONE_zscore,SI_PM2.5,SI_PM10,SI_SO2,SI_NO2,SI_CO,SI_NH3,SI_OZONE,calculated_AQI,aqi_label,dominant_AQI_subindex,aqi_category,possible_sensor_anomaly
"Police Line, Saharsa - BSPCB",Saharsa,Bihar,25.892357,86.590325,BSPCB,23-09-2026,SINGLE_SNAPSHOT_NOT_TIME_SERIES,49.0,53.0,15.0,7.0,38.0,4.0,9.0,7,0,100.0,175.0,25.0,15.0,49.0,PM10,53.0,PM2.5,False,False,False,False,False,-0.3931,-0.5976,0.1481,-0.8997,0.1123,-0.2618,-0.847,82.03,53.94,18.75,8.75,1.9,1.0,9.0,82.03,Satisfactory,82.03,FULL,False
"DM Office_Kasipur, Samastipur - BSPCB",Samastipur,Bihar,25.859655,85.77944,BSPCB,23-09-2026,SINGLE_SNAPSHOT_NOT_TIME_SERIES,73.0,47.0,12.0,8.0,6.0,1.0,6.0,7,0,100.0,153.0,21.86,8.0,72.0,PM2.5,73.0,PM2.5,False,False,False,False,False,0.0795,-0.7338,-0.0855,-0.8404,-1.2171,-0.9545,-1.0114,143.9,47.0,15.0,10.0,0.3,0.25,6.0,143.9,Moderate,143.9,FULL,False
"Dada Peer, Sasaram - BSPCB",Sasaram,Bihar,24.952822,84.002396,BSPCB,23-09-2026,SINGLE_SNAPSHOT_NOT_TIME_SERIES,17.0,15.0,,,,,,2,5,28.6,32.0,16.0,17.0,2.0,PM2.5,17.0,PM2.5,True,False,True,False,False,-1.0232,-1.4602,,,,,,28.33,15.0,,,,,,28.33,Good,28.33,PARTIAL_LOW_CONFIDENCE,False
"Chitragupta Nagar, Siwan - BSPCB",Siwan,Bihar,26.2271665,84.3570427,BSPCB,23-09-2026,SINGLE_SNAPSHOT_NOT_TIME_SERIES,44.0,53.0,6.0,2.0,65.0,1.0,7.0,7,0,100.0,178.0,25.43,7.0,64.0,CO,65.0,PM2.5,False,False,False,False,False,-0.4915,-0.5976,-0.5528,-1.1964,1.2339,-0.9545,-0.9566,73.87,53.94,7.5,2.5,3.25,0.25,7.0,73.87,Satisfactory,73.87,FULL,False
"Sector-25, Chandigarh - CPCC",Chandigarh,Chandigarh,30.751462,76.762879,CPCC,23-09-2026,SINGLE_SNAPSHOT_NOT_TIME_SERIES,36.0,63.0,6.0,18.0,20.0,7.0,19.0,7,0,100.0,169.0,24.14,19.0,57.0,PM10,63.0,PM10,False,False,False,False,False,-0.6491,-0.3706,-0.5528,-0.247,-0.6355,0.431,-0.299,60.8,63.74,7.5,22.5,1.0,1.75,19.0,63.74,Satisfactory,63.74,FULL,False
"Sector-53, Chandigarh - CPCC",Chandigarh,Chandigarh,30.719859,76.738637,CPCC,23-09-2026,SINGLE_SNAPSHOT_NOT_TIME_SERIES,,,,,28.0,,40.0,2,5,28.6,68.0,34.0,40.0,12.0,OZONE,40.0,OZONE,True,False,True,False,False,,,,,-0.3031,,0.8519,,,,,1.4,,40.0,40.0,Good,40.0,PARTIAL_LOW_CONFIDENCE,False
"Sector 22, Chandigarh - CPCC",Chandigarh,Chandigarh,30.735567,76.775714,CPCC,23-09-2026,SINGLE_SNAPSHOT_NOT_TIME_SERIES,30.0,36.0,5.0,11.0,34.0,23.0,31.0,7,0,100.0,170.0,24.29,30.0,31.0,PM10,36.0,PM2.5,False,False,False,False,False,-0.7672,-0.9835,-0.6307,-0.6624,-0.0539,4.1259,0.3587,50.0,36.0,6.25,13.75,1.7,5.75,31.0,50.0,Good,50.0,FULL,False
"Hathkhoj, Bhilai - CECB",Bhilai,Chhattisgarh,21.224231,81.40835,CECB,23-09-2026,SINGLE_SNAPSHOT_NOT_TIME_SERIES,29.0,31.0,12.0,13.0,15.0,7.0,12.0,7,0,100.0,119.0,17.0,13.0,24.0,PM10,31.0,PM2.5,False,False,False,False,False,-0.7869,-1.097,-0.0855,-0.5437,-0.8432,0.431,-0.6826,48.33,31.0,15.0,16.25,0.75,1.75,12.0,48.33,Good,48.33,FULL,False
"Civic Center, Bhilai - Bhilai Steel Plant",Bhilai,Chhattisgarh,21.185571,81.343175,Bhilai Steel Plant,23-09-2026,SINGLE_SNAPSHOT_NOT_TIME_SERIES,10.0,20.0,10.0,16.0,20.0,1.0,12.0,7,0,100.0,89.0,12.71,12.0,19.0,PM10,20.0,PM10,False,False,False,False,False,-1.1611,-1.3467,-0.2413,-0.3656,-0.6355,-0.9545,-0.6826,16.67,20.0,12.5,20.0,1.0,0.25,12.0,20.0,Good,20.0,FULL,False
"32Bungalows, Bhilai - CECB",Bhilai,Chhattisgarh,21.194815,81.31477,CECB,23-09-2026,SINGLE_SNAPSHOT_NOT_TIME_SERIES,14.0,27.0,11.0,15.0,12.0,4.0,10.0,7,0,100.0,93.0,13.29,12.0,23.0,PM10,27.0,PM10,False,False,False,False,False,-1.0823,-1.1878,-0.1634,-0.425,-0.9678,-0.2618,-0.7922,23.33,27.0,13.75,18.75,0.6,1.0,10.0,27.0,Good,27.0,FULL,False
"Mangala, Bilaspur - NTPC",Bilaspur,Chhattisgarh,22.08815,82.13737,NTPC,23-09-2026,SINGLE_SNAPSHOT_NOT_TIME_SERIES,26.0,34.0,16.0,21.0,27.0,,,5,2,71.4,124.0,24.8,26.0,18.0,PM10,34.0,PM2.5,False,False,True,False,False,-0.846,-1.0289,0.226,-0.0689,-0.3447,,,43.33,34.0,20.0,26.25,1.35,,,43.33,Good,43.33,PARTIAL_HIGH_CONFIDENCE,False
"D M Colony, Bihar Sharif - BSPCB",Bihar Sharif,Bihar,25.204762,85.51496,BSPCB,23-09-2026,SINGLE_SNAPSHOT_NOT_TIME_SERIES,26.0,39.0,12.0,9.0,12.0,3.0,2.0,7,0,100.0,103.0,14.71,12.0,37.0,PM10,39.0,PM2.5,False,False,False,False,False,-0.846,-0.9154,-0.0855,-0.781,-0.9678,-0.4927,-1.2306,43.33,39.0,15.0,11.25,0.6,0.75,2.0,43.33,Good,43.33,FULL,False
"Darshan Nagar, Chhapra - BSPCB",Chhapra,Bihar,25.7808257,84.7446768,BSPCB,23-09-2026,SINGLE_SNAPSHOT_NOT_TIME_SERIES,,,,,89.0,,2.0,2,5,28.6,91.0,45.5,89.0,87.0,CO,89.0,CO,True,False,True,False,False,,,,,2.2309,,-1.2306,,,,,4.45,,2.0,4.45,Good,4.45,PARTIAL_LOW_CONFIDENCE,False
"Collectorate, Gaya - BSPCB",Gaya,Bihar,24.7955,84.9994,BSPCB,23-09-2026,SINGLE_SNAPSHOT_NOT_TIME_SERIES,,,,,12.0,,29.0,2,5,28.6,41.0,20.5,29.0,17.0,OZONE,29.0,OZONE,True,False,True,False,False,,,,,-0.9678,,0.2491,,,,,0.6,,29.0,29.0,Good,29.0,PARTIAL_LOW_CONFIDENCE,False
"SFTI Kusdihra, Gaya - BSPCB",Gaya,Bihar,24.762518,84.982348,BSPCB,23-09-2026,SINGLE_SNAPSHOT_NOT_TIME_SERIES,33.0,39.0,8.0,25.0,22.0,6.0,16.0,7,0,100.0,149.0,21.29,22.0,33.0,PM10,39.0,PM2.5,False,False,False,False,False,-0.7081,-0.9154,-0.397,0.1684,-0.5524,0.2001,-0.4634,55.9,39.0,10.0,31.25,1.1,1.5,16.0,55.9,Satisfactory,55.9,FULL,False
"Industrial Area, Hajipur - BSPCB",Hajipur,Bihar,25.697189,85.2459,BSPCB,23-09-2026,SINGLE_SNAPSHOT_NOT_TIME_SERIES,50.0,70.0,4.0,19.0,34.0,12.0,28.0,7,0,100.0,217.0,31.0,28.0,66.0,PM10,70.0,PM2.5,False,False,False,False,False,-0.3734,-0.2117,-0.7086,-0.1876,-0.0539,1.5857,0.1943,83.67,70.6,5.0,23.75,1.7,3.0,28.0,83.67,Satisfactory,83.67,FULL,False
"Mirchaibari, Katihar - BSPCB",Katihar,Bihar,25.560083,87.553265,BSPCB,23-09-2026,SINGLE_SNAPSHOT_NOT_TIME_SERIES,29.0,29.0,25.0,9.0,90.0,1.0,26.0,7,0,100.0,209.0,29.86,26.0,89.0,CO,90.0,PM2.5,False,False,False,False,False,-0.7869,-1.1424,0.9269,-0.781,2.2724,-0.9545,0.0847,48.33,29.0,31.25,11.25,4.5,0.25,26.0,48.33,Good,48.33,FULL,False
"Forest Rest House, Manguraha - BSPCB",Manguraha,Bihar,27.308328,84.531742,BSPCB,23-09-2026,SINGLE_SNAPSHOT_NOT_TIME_SERIES,,83.0,20.0,19.0,29.0,1.0,41.0,6,1,85.7,193.0,32.17,29.0,82.0,PM10,83.0,PM10,False,False,True,False,False,,0.0834,0.5375,-0.1876,-0.2616,-0.9545,0.9067,,83.34,25.0,23.75,1.45,0.25,41.0,83.34,Satisfactory,83.34,PARTIAL_HIGH_CONFIDENCE,False
"Gandak Colony, Motihari - BSPCB",Motihari,Bihar,26.63086,84.90051,BSPCB,23-09-2026,SINGLE_SNAPSHOT_NOT_TIME_SERIES,,,3.0,3.0,12.0,1.0,52.0,5,2,71.4,71.0,14.2,3.0,51.0,OZONE,52.0,OZONE,False,False,True,False,False,,,-0.7865,-1.1371,-0.9678,-0.9545,1.5095,,,3.75,3.75,0.6,0.25,52.96,52.96,Satisfactory,52.96,PARTIAL_HIGH_CONFIDENCE,False
"Town Hall, Munger - BSPCB",Munger,Bihar,25.376776,86.471523,BSPCB,23-09-2026,SINGLE_SNAPSHOT_NOT_TIME_SERIES,41.0,59.0,75.0,12.0,38.0,3.0,110.0,7,0,100.0,338.0,48.29,41.0,107.0,OZONE,110.0,OZONE,False,False,False,False,False,-0.5506,-0.4614,4.821,-0.603,0.1123,-0.4927,4.6881,68.97,59.82,93.88,15.0,1.9,0.75,115.56,115.56,Moderate,115.56,FULL,False
"Nehru Nagar, Delhi - DPCC",Delhi,Delhi,28.56789,77.250515,DPCC,23-09-2026,SINGLE_SNAPSHOT_NOT_TIME_SERIES,188.0,161.0,14.0,41.0,51.0,8.0,7.0,7,0,100.0,470.0,67.14,41.0,181.0,PM2.5,188.0,PM2.5,False,False,False,False,False,2.344,1.8541,0.0702,1.1179,0.6523,0.662,-0.9566,352.78,141.26,17.5,52.23,2.55,2.0,7.0,352.78,Very Poor,352.78,FULL,False
"Patparganj, Delhi - DPCC",Delhi,Delhi,28.623763,77.287209,DPCC,23-09-2026,SINGLE_SNAPSHOT_NOT_TIME_SERIES,149.0,174.0,12.0,41.0,45.0,11.0,13.0,7,0,100.0,445.0,63.57,41.0,163.0,PM10,174.0,PM2.5,False,False,False,False,False,1.5761,2.1492,-0.0855,1.1179,0.4031,1.3548,-0.6278,323.08,149.84,15.0,52.23,2.25,2.75,13.0,323.08,Very Poor,323.08,FULL,False
"Jawaharlal Nehru Stadium, Delhi - DPCC",Delhi,Delhi,28.58028,77.233829,DPCC,23-09-2026,SINGLE_SNAPSHOT_NOT_TIME_SERIES,134.0,127.0,24.0,39.0,38.0,8.0,11.0,7,0,100.0,381.0,54.43,38.0,126.0,PM2.5,134.0,PM2.5,False,False,False,False,False,1.2807,1.0823,0.849,0.9992,0.1123,0.662,-0.7374,311.66,118.82,30.0,48.75,1.9,2.0,11.0,311.66,Very Poor,311.66,FULL,False
"Mundka, Delhi - DPCC",Delhi,Delhi,28.684678,77.076574,DPCC,23-09-2026,SINGLE_SNAPSHOT_NOT_TIME_SERIES,150.0,153.0,16.0,96.0,56.0,7.0,5.0,7,0,100.0,483.0,69.0,56.0,148.0,PM10,153.0,PM2.5,False,False,False,False,False,1.5958,1.6725,0.226,4.3817,0.86,0.431,-1.0662,323.85,135.98,20.0,116.84,2.8,1.75,5.0,323.85,Very Poor,323.85,FULL,False
"NSUT Jaffarpur, Delhi - DPCC",Delhi,Delhi,28.594004,76.909423,DPCC,23-09-2026,SINGLE_SNAPSHOT_NOT_TIME_SERIES,160.0,139.0,2.0,8.0,50.0,5.0,11.0,7,0,100.0,375.0,53.57,11.0,158.0,PM2.5,160.0,PM2.5,False,False,False,False,False,1.7927,1.3547,-0.8643,-0.8404,0.6108,-0.0308,-0.7374,331.46,126.74,2.5,10.0,2.5,1.25,11.0,331.46,Very Poor,331.46,FULL,False
"Ashok Vihar, Delhi - DPCC",Delhi,Delhi,28.695381,77.181665,DPCC,23-09-2026,SINGLE_SNAPSHOT_NOT_TIME_SERIES,116.0,132.0,45.0,35.0,105.0,7.0,11.0,7,0,100.0,451.0,64.43,45.0,125.0,PM10,132.0,PM2.5,False,False,False,False,False,0.9263,1.1958,2.4845,0.7619,2.8956,0.431,-0.7374,286.8,122.12,57.12,43.75,5.25,1.75,11.0,286.8,Poor,286.8,FULL,True
"Anand Vihar, Delhi - DPCC",Delhi,Delhi,28.647622,77.315809,DPCC,23-09-2026,SINGLE_SNAPSHOT_NOT_TIME_SERIES,153.0,,27.0,26.0,94.0,3.0,16.0,6,1,85.7,319.0,53.17,27.0,150.0,PM2.5,153.0,PM2.5,False,False,True,False,False,1.6548,,1.0827,0.2278,2.4386,-0.4927,-0.4634,326.13,,33.75,32.5,4.7,0.75,16.0,326.13,Very Poor,326.13,PARTIAL_HIGH_CONFIDENCE,False
"Punjabi Bagh, Delhi - DPCC",Delhi,Delhi,28.674045,77.131023,DPCC,23-09-2026,SINGLE_SNAPSHOT_NOT_TIME_SERIES,155.0,152.0,25.0,48.0,43.0,5.0,28.0,7,0,100.0,456.0,65.14,43.0,150.0,PM2.5,155.0,PM2.5,False,False,False,False,False,1.6942,1.6498,0.9269,1.5333,0.32,-0.0308,0.1943,327.65,135.32,31.25,60.8,2.15,1.25,28.0,327.65,Very Poor,327.65,FULL,False
"Dwarka-Sector 8, Delhi - DPCC",Delhi,Delhi,28.5710274,77.0719006,DPCC,23-09-2026,SINGLE_SNAPSHOT_NOT_TIME_SERIES,117.0,171.0,9.0,51.0,17.0,7.0,19.0,7,0,100.0,391.0,55.86,19.0,164.0,PM10,171.0,PM2.5,False,False,False,False,False,0.9459,2.0811,-0.3192,1.7113,-0.7601,0.431,-0.299,290.1,147.86,11.25,64.47,0.85,1.75,19.0,290.1,Poor,290.1,FULL,False
"Dr. Karni Singh Shooting Range, Delhi - DPCC",Delhi,Delhi,28.498571,77.26484,DPCC,23-09-2026,SINGLE_SNAPSHOT_NOT_TIME_SERIES,115.0,148.0,8.0,25.0,108.0,7.0,18.0,7,0,100.0,429.0,61.29,25.0,141.0,PM10,148.0,PM2.5,False,False,False,False,False,0.9066,1.559,-0.397,0.1684,3.0202,0.431,-0.3538,283.5,132.68,10.0,31.25,5.4,1.75,18.0,283.5,Poor,283.5,FULL,True
"Narela, Delhi - DPCC",Delhi,Delhi,28.822836,77.101981,DPCC,23-09-2026,SINGLE_SNAPSHOT_NOT_TIME_SERIES,143.0,156.0,12.0,26.0,40.0,9.0,22.0,7,0,100.0,408.0,58.29,26.0,147.0,PM10,156.0,PM2.5,False,False,False,False,False,1.4579,1.7406,-0.0855,0.2278,0.1954,0.8929,-0.1346,318.52,137.96,15.0,32.5,2.0,2.25,22.0,318.52,Very Poor,318.52,FULL,False
"Cantonment Area, Delhi - DPCC",Delhi,Delhi,28.594169,77.1251,DPCC,23-09-2026,SINGLE_SNAPSHOT_NOT_TIME_SERIES,38.0,79.0,3.0,16.0,81.0,2.0,6.0,7,0,100.0,225.0,32.14,16.0,79.0,CO,81.0,PM10,False,False,False,False,False,-0.6097,-0.0074,-0.7865,-0.3656,1.8986,-0.7236,-1.0114,64.07,79.42,3.75,20.0,4.05,0.5,6.0,79.42,Satisfactory,79.42,FULL,False
"Major Dhyan Chand National Stadium, Delhi - DPCC",Delhi,Delhi,28.611281,77.237738,DPCC,23-09-2026,SINGLE_SNAPSHOT_NOT_TIME_SERIES,83.0,126.0,29.0,57.0,74.0,5.0,14.0,7,0,100.0,388.0,55.43,57.0,121.0,PM10,126.0,PM2.5,False,False,False,False,False,0.2764,1.0596,1.2384,2.0674,1.6078,-0.0308,-0.573,176.9,118.16,36.25,71.83,3.7,1.25,14.0,176.9,Moderate,176.9,FULL,False
"Bawana, Delhi - DPCC",Delhi,Delhi,28.7762,77.051074,DPCC,23-09-2026,SINGLE_SNAPSHOT_NOT_TIME_SERIES,188.0,146.0,29.0,19.0,49.0,8.0,16.0,7,0,100.0,455.0,65.0,29.0,180.0,PM2.5,188.0,PM2.5,False,False,False,False,False,2.344,1.5136,1.2384,-0.1876,0.5692,0.662,-0.4634,352.78,131.36,36.25,23.75,2.45,2.0,16.0,352.78,Very Poor,352.78,FULL,False
"Okhla Phase-2, Delhi - DPCC",Delhi,Delhi,28.530785,77.271255,DPCC,23-09-2026,SINGLE_SNAPSHOT_NOT_TIME_SERIES,139.0,158.0,11.0,42.0,80.0,6.0,12.0,7,0,100.0,448.0,64.0,42.0,152.0,PM10,158.0,PM2.5,False,False,False,False,False,1.3792,1.786,-0.1634,1.1773,1.857,0.2001,-0.6826,315.47,139.28,13.75,53.45,4.0,1.5,12.0,315.47,Very Poor,315.47,FULL,False
"Rohini, Delhi - DPCC",Delhi,Delhi,28.732528,77.11992,DPCC,23-09-2026,SINGLE_SNAPSHOT_NOT_TIME_SERIES,169.0,151.0,13.0,6.0,56.0,4.0,17.0,7,0,100.0,416.0,59.43,17.0,165.0,PM2.5,169.0,PM2.5,False,False,False,False,False,1.9699,1.6271,-0.0076,-0.9591,0.86,-0.2618,-0.4086,338.32,134.66,16.25,7.5,2.8,1.0,17.0,338.32,Very Poor,338.32,FULL,False
"Vivek Vihar, Delhi - DPCC",Delhi,Delhi,28.672342,77.31526,DPCC,23-09-2026,SINGLE_SNAPSHOT_NOT_TIME_SERIES,134.0,145.0,12.0,50.0,75.0,7.0,17.0,7,0,100.0,440.0,62.86,50.0,138.0,PM10,145.0,PM2.5,False,False,False,False,False,1.2807,1.4909,-0.0855,1.652,1.6493,0.431,-0.4086,311.66,130.7,15.0,63.25,3.75,1.75,17.0,311.66,Very Poor,311.66,FULL,False
"IHBAS, Dilshad Garden, Delhi - CPCB",Delhi,Delhi,28.6811736,77.3025234,CPCB,23-09-2026,SINGLE_SNAPSHOT_NOT_TIME_SERIES,156.0,107.0,14.0,55.0,20.0,3.0,11.0,7,0,100.0,366.0,52.29,20.0,153.0,PM2.5,156.0,PM2.5,False,False,False,False,False,1.7139,0.6283,0.0702,1.9487,-0.6355,-0.4927,-0.7374,328.42,105.62,17.5,69.38,1.0,0.75,11.0,328.42,Very Poor,328.42,FULL,False
"MIT-Daudpur Kothi, Muzaffarpur - BSPCB",Muzaffarpur,Bihar,26.1403345,85.3650192,BSPCB,23-09-2026,SINGLE_SNAPSHOT_NOT_TIME_SERIES,26.0,33.0,16.0,4.0,18.0,1.0,30.0,7,0,100.0,128.0,18.29,18.0,32.0,PM10,33.0,PM2.5,False,False,False,False,False,-0.846,-1.0516,0.226,-1.0777,-0.7186,-0.9545,0.3039,43.33,33.0,20.0,5.0,0.9,0.25,30.0,43.33,Good,43.33,FULL,False
"Buddha Colony, Muzaffarpur - BSPCB",Muzaffarpur,Bihar,26.11442,85.39813,BSPCB,23-09-2026,SINGLE_SNAPSHOT_NOT_TIME_SERIES,32.0,42.0,5.0,15.0,15.0,11.0,21.0,7,0,100.0,141.0,20.14,15.0,37.0,PM10,42.0,PM2.5,False,False,False,False,False,-0.7278,-0.8473,-0.6307,-0.425,-0.8432,1.3548,-0.1894,54.27,42.0,6.25,18.75,0.75,2.75,21.0,54.27,Satisfactory,54.27,FULL,False
"Samanpura, Patna - BSPCB",Patna,Bihar,25.596727,85.085624,BSPCB,23-09-2026,SINGLE_SNAPSHOT_NOT_TIME_SERIES,78.0,74.0,7.0,15.0,84.0,6.0,45.0,7,0,100.0,309.0,44.14,45.0,78.0,CO,84.0,PM2.5,False,False,False,False,False,0.178,-0.1209,-0.4749,-0.425,2.0232,0.2001,1.1259,160.4,74.52,8.75,18.75,4.2,1.5,45.0,160.4,Moderate,160.4,FULL,False
"Muradpur, Patna - BSPCB",Patna,Bihar,25.619651,85.147382,BSPCB,23-09-2026,SINGLE_SNAPSHOT_NOT_TIME_SERIES,35.0,42.0,8.0,3.0,47.0,5.0,22.0,7,0,100.0,162.0,23.14,22.0,44.0,CO,47.0,PM2.5,False,False,False,False,False,-0.6688,-0.8473,-0.397,-1.1371,0.4861,-0.0308,-0.1346,59.17,42.0,10.0,3.75,2.35,1.25,22.0,59.17,Satisfactory,59.17,FULL,False
"Govt. High School Shikarpur, Patna - BSPCB",Patna,Bihar,25.592539,85.227158,BSPCB,23-09-2026,SINGLE_SNAPSHOT_NOT_TIME_SERIES,41.0,91.0,13.0,6.0,83.0,6.0,45.0,7,0,100.0,285.0,40.71,41.0,85.0,PM10,91.0,PM10,False,False,False,False,False,-0.5506,0.265,-0.0076,-0.9591,1.9816,0.2001,1.1259,68.97,91.18,16.25,7.5,4.15,1.5,45.0,91.18,Satisfactory,91.18,FULL,False
"IGSC Planetarium Complex, Patna - BSPCB",Patna,Bihar,25.610369,85.132568,BSPCB,23-09-2026,SINGLE_SNAPSHOT_NOT_TIME_SERIES,50.0,,14.0,4.0,9.0,,38.0,5,2,71.4,115.0,23.0,14.0,46.0,PM2.5,50.0,PM2.5,False,False,True,False,False,-0.3734,,0.0702,-1.0777,-1.0924,,0.7423,83.67,,17.5,5.0,0.45,,38.0,83.67,Satisfactory,83.67,PARTIAL_HIGH_CONFIDENCE,False
"Rajbansi Nagar, Patna - BSPCB",Patna,Bihar,25.599486,85.113666,BSPCB,23-09-2026,SINGLE_SNAPSHOT_NOT_TIME_SERIES,24.0,36.0,10.0,31.0,39.0,3.0,28.0,7,0,100.0,171.0,24.43,28.0,36.0,CO,39.0,PM2.5,False,False,False,False,False,-0.8854,-0.9835,-0.2413,0.5245,0.1538,-0.4927,0.1943,40.0,36.0,12.5,38.75,1.95,0.75,28.0,40.0,Good,40.0,FULL,False
"Mariam Nagar, Purnia - BSPCB",Purnia,Bihar,25.366336,87.117468,BSPCB,23-09-2026,SINGLE_SNAPSHOT_NOT_TIME_SERIES,,,16.0,18.0,51.0,4.0,22.0,5,2,71.4,111.0,22.2,18.0,47.0,CO,51.0,NO2,False,False,True,False,False,,,0.226,-0.247,0.6523,-0.2618,-0.1346,,,20.0,22.5,2.55,1.0,22.0,22.5,Good,22.5,PARTIAL_HIGH_CONFIDENCE,False
"Dangi Tola, Rajgir - BSPCB",Rajgir,Bihar,25.0328,85.41948,BSPCB,23-09-2026,SINGLE_SNAPSHOT_NOT_TIME_SERIES,23.0,19.0,3.0,14.0,43.0,3.0,15.0,7,0,100.0,120.0,17.14,15.0,40.0,CO,43.0,PM2.5,False,False,False,False,False,-0.9051,-1.3694,-0.7865,-0.4843,0.32,-0.4927,-0.5182,38.33,19.0,3.75,17.5,2.15,0.75,15.0,38.33,Good,38.33,FULL,False
"Rampur, Korba - CECB",Korba,Chhattisgarh,22.368195,82.746431,CECB,23-09-2026,SINGLE_SNAPSHOT_NOT_TIME_SERIES,11.0,12.0,4.0,12.0,11.0,1.0,12.0,7,0,100.0,63.0,9.0,11.0,11.0,PM10,12.0,PM2.5,False,False,False,False,False,-1.1414,-1.5283,-0.7086,-0.603,-1.0093,-0.9545,-0.6826,18.33,12.0,5.0,15.0,0.55,0.25,12.0,18.33,Good,18.33,FULL,False
"OP Jindal School, Kunjemura - CECB",Kunjemura,Chhattisgarh,22.12665,83.483212,CECB,23-09-2026,SINGLE_SNAPSHOT_NOT_TIME_SERIES,9.0,22.0,10.0,12.0,16.0,2.0,4.0,7,0,100.0,75.0,10.71,10.0,20.0,PM10,22.0,PM10,False,False,False,False,False,-1.1807,-1.3013,-0.2413,-0.603,-0.8016,-0.7236,-1.121,15.0,22.0,12.5,15.0,0.8,0.5,4.0,22.0,Good,22.0,FULL,False
"Govt. Higher Secondary School, Milupara - CECB",Milupara,Chhattisgarh,22.1910172,83.5197009,CECB,23-09-2026,SINGLE_SNAPSHOT_NOT_TIME_SERIES,9.0,20.0,13.0,9.0,15.0,1.0,9.0,7,0,100.0,76.0,10.86,9.0,19.0,PM10,20.0,PM10,False,False,False,False,False,-1.1807,-1.3467,-0.0076,-0.781,-0.8432,-0.9545,-0.847,15.0,20.0,16.25,11.25,0.75,0.25,9.0,20.0,Good,20.0,FULL,False
"Krishak Nagar, Raipur - CECB",Raipur,Chhattisgarh,21.237755,81.705301,CECB,23-09-2026,SINGLE_SNAPSHOT_NOT_TIME_SERIES,39.0,62.0,14.0,14.0,28.0,2.0,5.0,7,0,100.0,164.0,23.43,14.0,60.0,PM10,62.0,PM2.5,False,False,False,False,False,-0.59,-0.3933,0.0702,-0.4843,-0.3031,-0.7236,-1.0662,65.7,62.76,17.5,17.5,1.4,0.5,5.0,65.7,Satisfactory,65.7,FULL,False
"Bhatagaon New ISBT, Raipur - CECB",Raipur,Chhattisgarh,21.219665,81.630094,CECB,23-09-2026,SINGLE_SNAPSHOT_NOT_TIME_SERIES,15.0,40.0,3.0,16.0,35.0,2.0,1.0,7,0,100.0,112.0,16.0,15.0,39.0,PM10,40.0,PM10,False,False,False,False,False,-1.0626,-0.8927,-0.7865,-0.3656,-0.0124,-0.7236,-1.2854,25.0,40.0,3.75,20.0,1.75,0.5,1.0,40.0,Good,40.0,FULL,False
"AIIMS, Raipur - CECB",Raipur,Chhattisgarh,21.258815,81.578979,CECB,23-09-2026,SINGLE_SNAPSHOT_NOT_TIME_SERIES,42.0,56.0,4.0,9.0,26.0,2.0,21.0,7,0,100.0,160.0,22.86,21.0,54.0,PM10,56.0,PM2.5,False,False,False,False,False,-0.5309,-0.5295,-0.7086,-0.781,-0.3862,-0.7236,-0.1894,70.6,56.88,5.0,11.25,1.3,0.5,21.0,70.6,Satisfactory,70.6,FULL,False
"Siltara Phase-II, Raipur - CECB",Raipur,Chhattisgarh,21.371751,81.664929,CECB,23-09-2026,SINGLE_SNAPSHOT_NOT_TIME_SERIES,37.0,75.0,3.0,19.0,20.0,2.0,12.0,7,0,100.0,168.0,24.0,19.0,73.0,PM10,75.0,PM10,False,False,False,False,False,-0.6294,-0.0982,-0.7865,-0.1876,-0.6355,-0.7236,-0.6826,62.43,75.5,3.75,23.75,1.0,0.5,12.0,75.5,Satisfactory,75.5,FULL,False
"OP Jindal Industrial Park, Tumidih - CECB",Tumidih,Chhattisgarh,22.06631475,83.33820077,CECB,23-09-2026,SINGLE_SNAPSHOT_NOT_TIME_SERIES,12.0,15.0,5.0,15.0,13.0,2.0,8.0,7,0,100.0,70.0,10.0,12.0,13.0,PM10,15.0,PM2.5,False,False,False,False,False,-1.1217,-1.4602,-0.6307,-0.425,-0.9263,-0.7236,-0.9018,20.0,15.0,6.25,18.75,0.65,0.5,8.0,20.0,Good,20.0,FULL,False
"Sita Rama Nagar, Kurnool - APPCB",Kurnool,Andhra Pradesh,15.83411,78.028546,APPCB,23-09-2026,SINGLE_SNAPSHOT_NOT_TIME_SERIES,37.0,36.0,7.0,29.0,9.0,5.0,27.0,7,0,100.0,150.0,21.43,27.0,32.0,PM2.5,37.0,PM2.5,False,False,False,False,False,-0.6294,-0.9835,-0.4749,0.4058,-1.0924,-0.0308,0.1395,62.43,36.0,8.75,36.25,0.45,1.25,27.0,62.43,Satisfactory,62.43,FULL,False
"Srinivas Nagar Colony, Machilipatnam - APPCB",Machilipatnam,Andhra Pradesh,16.186555,81.13219,APPCB,23-09-2026,SINGLE_SNAPSHOT_NOT_TIME_SERIES,62.0,64.0,11.0,32.0,20.0,4.0,18.0,7,0,100.0,211.0,30.14,20.0,60.0,PM10,64.0,PM2.5,False,False,False,False,False,-0.1371,-0.3479,-0.1634,0.5838,-0.6355,-0.2618,-0.3538,107.6,64.72,13.75,40.0,1.0,1.0,18.0,107.6,Moderate,107.6,FULL,False
"Ambedkar Nagar, Nellore - APPCB",Nellore,Andhra Pradesh,14.438164,79.966814,APPCB,23-09-2026,SINGLE_SNAPSHOT_NOT_TIME_SERIES,59.0,60.0,16.0,28.0,36.0,6.0,24.0,7,0,100.0,229.0,32.71,28.0,54.0,PM10,60.0,PM2.5,False,False,False,False,False,-0.1962,-0.4387,0.226,0.3465,0.0292,0.2001,-0.025,98.37,60.8,20.0,35.0,1.8,1.5,24.0,98.37,Satisfactory,98.37,FULL,False
"Anand Kala Kshetram, Rajamahendravaram - APPCB",Rajamahendravaram,Andhra Pradesh,16.9872867,81.7363176,APPCB,23-09-2026,SINGLE_SNAPSHOT_NOT_TIME_SERIES,,34.0,6.0,5.0,14.0,3.0,26.0,6,1,85.7,88.0,14.67,14.0,31.0,PM10,34.0,PM10,False,False,True,False,False,,-1.0289,-0.5528,-1.0184,-0.8847,-0.4927,0.0847,,34.0,7.5,6.25,0.7,0.75,26.0,34.0,Good,34.0,PARTIAL_HIGH_CONFIDENCE,False
"Toll Gate, Tirumala - APPCB",Tirumala,Andhra Pradesh,13.67,79.35,APPCB,23-09-2026,SINGLE_SNAPSHOT_NOT_TIME_SERIES,20.0,27.0,6.0,54.0,16.0,3.0,27.0,7,0,100.0,153.0,21.86,20.0,51.0,NO2,54.0,NO2,False,False,False,False,False,-0.9641,-1.1878,-0.5528,1.8894,-0.8016,-0.4927,0.1395,33.33,27.0,7.5,68.15,0.8,0.75,27.0,68.15,Satisfactory,68.15,FULL,False
"Vaikuntapuram, Tirupati - APPCB",Tirupati,Andhra Pradesh,13.615387,79.40923,APPCB,23-09-2026,SINGLE_SNAPSHOT_NOT_TIME_SERIES,,,,,20.0,,33.0,2,5,28.6,53.0,26.5,33.0,13.0,OZONE,33.0,OZONE,True,False,True,False,False,,,,,-0.6355,,0.4683,,,,,1.0,,33.0,33.0,Good,33.0,PARTIAL_LOW_CONFIDENCE,False
"HB Colony, Vijayawada - APPCB",Vijayawada,Andhra Pradesh,16.536107,80.594233,APPCB,23-09-2026,SINGLE_SNAPSHOT_NOT_TIME_SERIES,57.0,62.0,12.0,22.0,42.0,5.0,18.0,7,0,100.0,218.0,31.14,22.0,57.0,PM10,62.0,PM2.5,False,False,False,False,False,-0.2355,-0.3933,-0.0855,-0.0096,0.2784,-0.0308,-0.3538,95.1,62.76,15.0,27.5,2.1,1.25,18.0,95.1,Satisfactory,95.1,FULL,False
"Rajiv Gandhi Park, Vijayawada - APPCB",Vijayawada,Andhra Pradesh,16.509717,80.612222,APPCB,23-09-2026,SINGLE_SNAPSHOT_NOT_TIME_SERIES,,,,,28.0,,18.0,2,5,28.6,46.0,23.0,28.0,10.0,CO,28.0,OZONE,True,False,True,False,False,,,,,-0.3031,,-0.3538,,,,,1.4,,18.0,18.0,Good,18.0,PARTIAL_LOW_CONFIDENCE,False
"Naharlagun, Naharlagun - APSPCB",Naharlagun,Arunachal Pradesh,27.103358,93.679645,APSPCB,23-09-2026,SINGLE_SNAPSHOT_NOT_TIME_SERIES,33.0,39.0,12.0,9.0,8.0,1.0,7.0,7,0,100.0,109.0,15.57,9.0,38.0,PM10,39.0,PM2.5,False,False,False,False,False,-0.7081,-0.9154,-0.0855,-0.781,-1.134,-0.9545,-0.9566,55.9,39.0,15.0,11.25,0.4,0.25,7.0,55.9,Satisfactory,55.9,FULL,False
"Central Academy for SFS, Byrnihat - PCBA",Byrnihat,Assam,26.071318,91.87488,PCBA,23-09-2026,SINGLE_SNAPSHOT_NOT_TIME_SERIES,84.0,77.0,32.0,8.0,59.0,4.0,17.0,7,0,100.0,281.0,40.14,32.0,80.0,PM2.5,84.0,PM2.5,False,False,False,False,False,0.2961,-0.0528,1.4721,-0.8404,0.9846,-0.2618,-0.4086,180.2,77.46,40.0,10.0,2.95,1.0,17.0,180.2,Moderate,180.2,FULL,False
"LGBI Airport, Guwahati - PCBA",Guwahati,Assam,26.10887,91.589544,PCBA,23-09-2026,SINGLE_SNAPSHOT_NOT_TIME_SERIES,54.0,43.0,11.0,15.0,24.0,5.0,12.0,7,0,100.0,164.0,23.43,15.0,49.0,PM2.5,54.0,PM2.5,False,False,False,False,False,-0.2946,-0.8246,-0.1634,-0.425,-0.4693,-0.0308,-0.6826,90.2,43.0,13.75,18.75,1.2,1.25,12.0,90.2,Satisfactory,90.2,FULL,False
"Railway Colony, Guwahati - PCBA",Guwahati,Assam,26.181742,91.78063,PCBA,23-09-2026,SINGLE_SNAPSHOT_NOT_TIME_SERIES,31.0,33.0,6.0,3.0,7.0,1.0,11.0,7,0,100.0,92.0,13.14,7.0,32.0,PM10,33.0,PM2.5,False,False,False,False,False,-0.7475,-1.0516,-0.5528,-1.1371,-1.1755,-0.9545,-0.7374,52.63,33.0,7.5,3.75,0.35,0.25,11.0,52.63,Satisfactory,52.63,FULL,False
"Christianpatty, Nagaon - PCBA",Nagaon,Assam,26.349082,92.68449,PCBA,23-09-2026,SINGLE_SNAPSHOT_NOT_TIME_SERIES,57.0,50.0,11.0,1.0,14.0,4.0,7.0,7,0,100.0,144.0,20.57,11.0,56.0,PM2.5,57.0,PM2.5,False,False,False,False,False,-0.2355,-0.6657,-0.1634,-1.2558,-0.8847,-0.2618,-0.9566,95.1,50.0,13.75,1.25,0.7,1.0,7.0,95.1,Satisfactory,95.1,FULL,False
"Bata Chowk, Nalbari - PCBA",Nalbari,Assam,26.446912,91.439057,PCBA,23-09-2026,SINGLE_SNAPSHOT_NOT_TIME_SERIES,71.0,52.0,8.0,21.0,22.0,6.0,19.0,7,0,100.0,199.0,28.43,21.0,65.0,PM2.5,71.0,PM2.5,False,False,False,False,False,0.0401,-0.6203,-0.397,-0.0689,-0.5524,0.2001,-0.299,137.3,52.96,10.0,26.25,1.1,1.5,19.0,137.3,Moderate,137.3,FULL,False
"Tarapur, Silchar - PCBA",Silchar,Assam,24.82827,92.79525,PCBA,23-09-2026,SINGLE_SNAPSHOT_NOT_TIME_SERIES,28.0,39.0,4.0,18.0,33.0,1.0,7.0,7,0,100.0,130.0,18.57,18.0,38.0,PM10,39.0,PM2.5,False,False,False,False,False,-0.8066,-0.9154,-0.7086,-0.247,-0.0954,-0.9545,-0.9566,46.67,39.0,5.0,22.5,1.65,0.25,7.0,46.67,Good,46.67,FULL,False
"Girls College, Sivasagar - PCBA",Sivasagar,Assam,26.987634,94.636574,PCBA,23-09-2026,SINGLE_SNAPSHOT_NOT_TIME_SERIES,22.0,37.0,8.0,12.0,18.0,2.0,11.0,7,0,100.0,110.0,15.71,12.0,35.0,PM10,37.0,PM10,False,False,False,False,False,-0.9248,-0.9608,-0.397,-0.603,-0.7186,-0.7236,-0.7374,36.67,37.0,10.0,15.0,0.9,0.5,11.0,37.0,Good,37.0,FULL,False
"Kharahiya Basti, Araria - BSPCB",Araria,Bihar,26.146529,87.454184,BSPCB,23-09-2026,SINGLE_SNAPSHOT_NOT_TIME_SERIES,54.0,55.0,20.0,14.0,25.0,4.0,41.0,7,0,100.0,213.0,30.43,25.0,51.0,PM10,55.0,PM2.5,False,False,False,False,False,-0.2946,-0.5522,0.5375,-0.4843,-0.4278,-0.2618,0.9067,90.2,55.9,25.0,17.5,1.25,1.0,41.0,90.2,Satisfactory,90.2,FULL,False
"New DM Office, Arrah - BSPCB",Arrah,Bihar,25.5626095,84.663264,BSPCB,23-09-2026,SINGLE_SNAPSHOT_NOT_TIME_SERIES,35.0,42.0,5.0,7.0,54.0,2.0,7.0,7,0,100.0,152.0,21.71,7.0,52.0,CO,54.0,PM2.5,False,False,False,False,False,-0.6688,-0.8473,-0.6307,-0.8997,0.7769,-0.7236,-0.9566,59.17,42.0,6.25,8.75,2.7,0.5,7.0,59.17,Satisfactory,59.17,FULL,False
"Lohiyanagar, Begusarai - BSPCB",Begusarai,Bihar,25.42742023,86.13886079,BSPCB,23-09-2026,SINGLE_SNAPSHOT_NOT_TIME_SERIES,33.0,27.0,14.0,9.0,58.0,3.0,46.0,7,0,100.0,190.0,27.14,27.0,55.0,CO,58.0,PM2.5,False,False,False,False,False,-0.7081,-1.1878,0.0702,-0.781,0.9431,-0.4927,1.1807,55.9,27.0,17.5,11.25,2.9,0.75,46.0,55.9,Satisfactory,55.9,FULL,False
"Kamalnath Nagar, Bettiah - BSPCB",Bettiah,Bihar,26.80365,84.51954,BSPCB,23-09-2026,SINGLE_SNAPSHOT_NOT_TIME_SERIES,23.0,21.0,14.0,27.0,31.0,3.0,13.0,7,0,100.0,132.0,18.86,21.0,28.0,CO,31.0,PM2.5,False,False,False,False,False,-0.9051,-1.324,0.0702,0.2871,-0.1785,-0.4927,-0.6278,38.33,21.0,17.5,33.75,1.55,0.75,13.0,38.33,Good,38.33,FULL,False
"DM Office_Kachari Chowk, Bhagalpur - BSPCB",Bhagalpur,Bihar,25.251013,86.989001,BSPCB,23-09-2026,SINGLE_SNAPSHOT_NOT_TIME_SERIES,42.0,69.0,22.0,21.0,28.0,4.0,18.0,7,0,100.0,204.0,29.14,22.0,65.0,PM10,69.0,PM2.5,False,False,False,False,False,-0.5309,-0.2344,0.6933,-0.0689,-0.3031,-0.2618,-0.3538,70.6,69.62,27.5,26.25,1.4,1.0,18.0,70.6,Satisfactory,70.6,FULL,False
"Mayaganj, Bhagalpur - BSPCB",Bhagalpur,Bihar,25.265194,87.012947,BSPCB,23-09-2026,SINGLE_SNAPSHOT_NOT_TIME_SERIES,46.0,42.0,54.0,22.0,70.0,4.0,19.0,7,0,100.0,257.0,36.71,42.0,66.0,CO,70.0,PM2.5,False,False,False,False,False,-0.4522,-0.8473,3.1855,-0.0096,1.4416,-0.2618,-0.299,77.13,42.0,68.15,27.5,3.5,1.0,19.0,77.13,Satisfactory,77.13,FULL,False
"Gulzarpet, Anantapur - APPCB",Anantapur,Andhra Pradesh,14.675886,77.593027,APPCB,23-09-2026,SINGLE_SNAPSHOT_NOT_TIME_SERIES,,,,,31.0,,22.0,2,5,28.6,53.0,26.5,31.0,9.0,CO,31.0,OZONE,True,False,True,False,False,,,,,-0.1785,,-0.1346,,,,,1.55,,22.0,22.0,Good,22.0,PARTIAL_LOW_CONFIDENCE,False
"Gangineni Cheruvu, Chittoor - APPCB",Chittoor,Andhra Pradesh,13.20488,79.097889,APPCB,23-09-2026,SINGLE_SNAPSHOT_NOT_TIME_SERIES,,,20.0,29.0,15.0,8.0,29.0,5,2,71.4,101.0,20.2,20.0,21.0,NO2,29.0,NO2,False,False,True,False,False,,,0.5375,0.4058,-0.8432,0.662,0.2491,,,25.0,36.25,0.75,2.0,29.0,36.25,Good,36.25,PARTIAL_HIGH_CONFIDENCE,False
"District Court, Eluru - APPCB",Eluru,Andhra Pradesh,16.711754,81.092095,APPCB,23-09-2026,SINGLE_SNAPSHOT_NOT_TIME_SERIES,55.0,57.0,13.0,4.0,16.0,4.0,13.0,7,0,100.0,162.0,23.14,13.0,53.0,PM10,57.0,PM2.5,False,False,False,False,False,-0.2749,-0.5068,-0.0076,-1.0777,-0.8016,-0.2618,-0.6278,91.83,57.86,16.25,5.0,0.8,1.0,13.0,91.83,Satisfactory,91.83,FULL,False
"Rajendra Nagar North, Guntur - APPCB",Guntur,Andhra Pradesh,16.316553,80.413302,APPCB,23-09-2026,SINGLE_SNAPSHOT_NOT_TIME_SERIES,54.0,57.0,13.0,38.0,19.0,8.0,19.0,7,0,100.0,208.0,29.71,19.0,49.0,PM10,57.0,PM2.5,False,False,False,False,False,-0.2946,-0.5068,-0.0076,0.9399,-0.677,0.662,-0.299,90.2,57.86,16.25,47.5,0.95,2.0,19.0,90.2,Satisfactory,90.2,FULL,False
"Yerramukkapalli, Kadapa - APPCB",Kadapa,Andhra Pradesh,14.465052,78.824187,APPCB,23-09-2026,SINGLE_SNAPSHOT_NOT_TIME_SERIES,75.0,65.0,15.0,20.0,24.0,4.0,37.0,7,0,100.0,240.0,34.29,24.0,71.0,PM2.5,75.0,PM2.5,False,False,False,False,False,0.1189,-0.3252,0.1481,-0.1283,-0.4693,-0.2618,0.6875,150.5,65.7,18.75,25.0,1.2,1.0,37.0,150.5,Moderate,150.5,FULL,False
"Rama Rao Peta, Kakinada - APPCB",Kakinada,Andhra Pradesh,16.962488,82.229513,APPCB,23-09-2026,SINGLE_SNAPSHOT_NOT_TIME_SERIES,34.0,45.0,11.0,27.0,,6.0,33.0,6,1,85.7,156.0,26.0,33.0,39.0,PM10,45.0,PM2.5,False,False,True,False,False,-0.6885,-0.7792,-0.1634,0.2871,,0.2001,0.4683,57.53,45.0,13.75,33.75,,1.5,33.0,57.53,Satisfactory,57.53,PARTIAL_HIGH_CONFIDENCE,False
"Sadanand Nagar, Mehsana - Nexteng Enviro",Mehsana,Gujarat,23.59315,72.372792,Nexteng Enviro,23-09-2026,SINGLE_SNAPSHOT_NOT_TIME_SERIES,49.0,93.0,15.0,7.0,44.0,0.0,10.0,7,0,100.0,218.0,31.14,15.0,93.0,PM10,93.0,PM10,False,True,False,False,False,-0.3931,0.3104,0.1481,-0.8997,0.3615,-1.1855,-0.7922,82.03,93.14,18.75,8.75,2.2,0.0,10.0,93.14,Satisfactory,93.14,FULL,False
"GIDC, Nandesari - Nandesari Ind. Association",Nandesari,Gujarat,22.410802,73.097923,Nandesari Ind. Association,23-09-2026,SINGLE_SNAPSHOT_NOT_TIME_SERIES,82.0,82.0,3.0,32.0,45.0,,,5,2,71.4,244.0,48.8,45.0,79.0,PM2.5,82.0,PM2.5,False,False,True,False,False,0.2567,0.0607,-0.7865,0.5838,0.4031,,,173.6,82.36,3.75,40.0,2.25,,,173.6,Moderate,173.6,PARTIAL_HIGH_CONFIDENCE,False
"Mavdi, Rajkot - Nexteng Enviro",Rajkot,Gujarat,22.248853,70.776774,Nexteng Enviro,23-09-2026,SINGLE_SNAPSHOT_NOT_TIME_SERIES,70.0,85.0,19.0,12.0,30.0,1.0,10.0,7,0,100.0,227.0,32.43,19.0,84.0,PM10,85.0,PM2.5,False,False,False,False,False,0.0204,0.1288,0.4596,-0.603,-0.2201,-0.9545,-0.7922,134.0,85.3,23.75,15.0,1.5,0.25,10.0,134.0,Moderate,134.0,FULL,False
"Science Center, Surat - SMC",Surat,Gujarat,21.170046,72.795405,SMC,23-09-2026,SINGLE_SNAPSHOT_NOT_TIME_SERIES,62.0,54.0,17.0,6.0,64.0,,,5,2,71.4,203.0,40.6,54.0,58.0,CO,64.0,PM2.5,False,False,True,False,False,-0.1371,-0.5749,0.3039,-0.9591,1.1924,,,107.6,54.92,21.25,7.5,3.2,,,107.6,Moderate,107.6,PARTIAL_HIGH_CONFIDENCE,False
"Katargam, Surat - Nexteng Enviro",Surat,Gujarat,21.217779,72.834787,Nexteng Enviro,23-09-2026,SINGLE_SNAPSHOT_NOT_TIME_SERIES,51.0,68.0,11.0,6.0,32.0,1.0,16.0,7,0,100.0,185.0,26.43,16.0,67.0,PM10,68.0,PM2.5,False,False,False,False,False,-0.3537,-0.2571,-0.1634,-0.9591,-0.137,-0.9545,-0.4634,85.3,68.64,13.75,7.5,1.6,0.25,16.0,85.3,Satisfactory,85.3,FULL,False
"Bapunagar, Vadodara - Nexteng Enviro",Vadodara,Gujarat,22.320153,73.216285,Nexteng Enviro,23-09-2026,SINGLE_SNAPSHOT_NOT_TIME_SERIES,50.0,81.0,9.0,13.0,87.0,2.0,6.0,7,0,100.0,248.0,35.43,13.0,85.0,CO,87.0,PM2.5,False,False,False,False,False,-0.3734,0.038,-0.3192,-0.5437,2.1478,-0.7236,-1.0114,83.67,81.38,11.25,16.25,4.35,0.5,6.0,83.67,Satisfactory,83.67,FULL,False
"Phase-1 GIDC, Vapi - GPCB",Vapi,Gujarat,20.362421,72.918013,GPCB,23-09-2026,SINGLE_SNAPSHOT_NOT_TIME_SERIES,45.0,61.0,18.0,20.0,,4.0,6.0,6,1,85.7,154.0,25.67,20.0,57.0,PM10,61.0,PM2.5,False,False,True,False,False,-0.4718,-0.416,0.3818,-0.1283,,-0.2618,-1.0114,75.5,61.78,22.5,25.0,,1.0,6.0,75.5,Satisfactory,75.5,PARTIAL_HIGH_CONFIDENCE,False
"Patti Mehar, Ambala - HSPCB",Ambala,Haryana,30.379589,76.778328,HSPCB,23-09-2026,SINGLE_SNAPSHOT_NOT_TIME_SERIES,102.0,127.0,47.0,6.0,32.0,6.0,23.0,7,0,100.0,343.0,49.0,32.0,121.0,PM10,127.0,PM2.5,False,False,False,False,False,0.6506,1.0823,2.6403,-0.9591,-0.137,0.2001,-0.0798,240.6,118.82,59.58,7.5,1.6,1.5,23.0,240.6,Poor,240.6,FULL,False
"Arya Nagar, Bahadurgarh - HSPCB",Bahadurgarh,Haryana,28.6701,76.9254,HSPCB,23-09-2026,SINGLE_SNAPSHOT_NOT_TIME_SERIES,155.0,125.0,7.0,21.0,27.0,8.0,18.0,7,0,100.0,361.0,51.57,21.0,148.0,PM2.5,155.0,PM2.5,False,False,False,False,False,1.6942,1.0369,-0.4749,-0.0689,-0.3447,0.662,-0.3538,327.65,117.5,8.75,26.25,1.35,2.0,18.0,327.65,Very Poor,327.65,FULL,False
"Nathu Colony, Ballabgarh - HSPCB",Ballabgarh,Haryana,28.3419248,77.319699,HSPCB,23-09-2026,SINGLE_SNAPSHOT_NOT_TIME_SERIES,70.0,82.0,3.0,20.0,22.0,4.0,19.0,7,0,100.0,220.0,31.43,20.0,79.0,PM10,82.0,PM2.5,False,False,False,False,False,0.0204,0.0607,-0.7865,-0.1283,-0.5524,-0.2618,-0.299,134.0,82.36,3.75,25.0,1.1,1.0,19.0,134.0,Moderate,134.0,FULL,False
"H.B. Colony, Bhiwani - HSPCB",Bhiwani,Haryana,28.806223,76.141105,HSPCB,23-09-2026,SINGLE_SNAPSHOT_NOT_TIME_SERIES,110.0,92.0,13.0,18.0,48.0,11.0,20.0,7,0,100.0,312.0,44.57,20.0,99.0,PM2.5,110.0,PM2.5,False,False,False,False,False,0.8081,0.2877,-0.0076,-0.247,0.5277,1.3548,-0.2442,267.0,92.16,16.25,22.5,2.4,2.75,20.0,267.0,Poor,267.0,FULL,False
"Municipal Corporation Office, Dharuhera -  HSPCB",Dharuhera,Haryana,28.2068,76.7997,HSPCB,23-09-2026,SINGLE_SNAPSHOT_NOT_TIME_SERIES,130.0,103.0,9.0,20.0,47.0,6.0,22.0,7,0,100.0,337.0,48.14,22.0,124.0,PM2.5,130.0,PM2.5,False,False,False,False,False,1.2019,0.5375,-0.3192,-0.1283,0.4861,0.2001,-0.1346,308.62,102.98,11.25,25.0,2.35,1.5,22.0,308.62,Very Poor,308.62,FULL,False
"Sector 30, Faridabad - HSPCB",Faridabad,Haryana,28.4417,77.3217,HSPCB,23-09-2026,SINGLE_SNAPSHOT_NOT_TIME_SERIES,59.0,100.0,2.0,37.0,26.0,7.0,18.0,7,0,100.0,249.0,35.57,26.0,98.0,PM10,100.0,PM10,False,False,False,False,False,-0.1962,0.4693,-0.8643,0.8805,-0.3862,0.431,-0.3538,98.37,100.0,2.5,46.25,1.3,1.75,18.0,100.0,Satisfactory,100.0,FULL,False
"Sector 11, Faridabad - HSPCB",Faridabad,Haryana,28.376058,77.315741,HSPCB,23-09-2026,SINGLE_SNAPSHOT_NOT_TIME_SERIES,44.0,53.0,6.0,31.0,64.0,6.0,6.0,7,0,100.0,210.0,30.0,31.0,58.0,CO,64.0,PM2.5,False,False,False,False,False,-0.4915,-0.5976,-0.5528,0.5245,1.1924,0.2001,-1.0114,73.87,53.94,7.5,38.75,3.2,1.5,6.0,73.87,Satisfactory,73.87,FULL,False
"New Industrial Town, Faridabad - HSPCB",Faridabad,Haryana,28.39072,77.30059,HSPCB,23-09-2026,SINGLE_SNAPSHOT_NOT_TIME_SERIES,,,,,28.0,,14.0,2,5,28.6,42.0,21.0,28.0,14.0,CO,28.0,OZONE,True,False,True,False,False,,,,,-0.3031,,-0.573,,,,,1.4,,14.0,14.0,Good,14.0,PARTIAL_LOW_CONFIDENCE,False
"Huda Sector, Fatehabad - HSPCB",Fatehabad,Haryana,29.503664,75.467934,HSPCB,23-09-2026,SINGLE_SNAPSHOT_NOT_TIME_SERIES,64.0,89.0,27.0,19.0,58.0,14.0,33.0,7,0,100.0,304.0,43.43,33.0,75.0,PM10,89.0,PM2.5,False,False,False,False,False,-0.0977,0.2196,1.0827,-0.1876,0.9431,2.0475,0.4683,114.2,89.22,33.75,23.75,2.9,3.5,33.0,114.2,Moderate,114.2,FULL,False
"Sector-51, Gurugram - HSPCB",Gurugram,Haryana,28.4227,77.0667,HSPCB,23-09-2026,SINGLE_SNAPSHOT_NOT_TIME_SERIES,145.0,144.0,9.0,24.0,25.0,8.0,27.0,7,0,100.0,382.0,54.57,25.0,137.0,PM2.5,145.0,PM2.5,False,False,False,False,False,1.4973,1.4682,-0.3192,0.1091,-0.4278,0.662,0.1395,320.04,130.04,11.25,30.0,1.25,2.0,27.0,320.04,Very Poor,320.04,FULL,False
"Vikas Sadan, Gurugram - HSPCB",Gurugram,Haryana,28.4501238,77.0263051,HSPCB,23-09-2026,SINGLE_SNAPSHOT_NOT_TIME_SERIES,365.0,265.0,18.0,7.0,59.0,,11.0,6,1,85.7,725.0,120.83,59.0,358.0,PM2.5,365.0,PM2.5,False,False,True,False,False,5.8294,4.2149,0.3818,-0.8997,0.9846,,-0.7374,488.58,215.85,22.5,8.75,2.95,,11.0,488.58,Severe,488.58,PARTIAL_HIGH_CONFIDENCE,False
"Teri Gram, Gurugram - HSPCB",Gurugram,Haryana,28.4275,77.1465,HSPCB,23-09-2026,SINGLE_SNAPSHOT_NOT_TIME_SERIES,195.0,136.0,13.0,35.0,36.0,11.0,20.0,7,0,100.0,446.0,63.71,35.0,184.0,PM2.5,195.0,PM2.5,False,False,False,False,False,2.4819,1.2866,-0.0076,0.7619,0.0292,1.3548,-0.2442,358.12,124.76,16.25,43.75,1.8,2.75,20.0,358.12,Very Poor,358.12,FULL,False
"Jayanagar 5th Block, Bengaluru - KSPCB",Bengaluru,Karnataka,12.920984,77.584908,KSPCB,23-09-2026,SINGLE_SNAPSHOT_NOT_TIME_SERIES,40.0,51.0,11.0,12.0,9.0,0.0,25.0,7,0,100.0,148.0,21.14,12.0,51.0,PM10,51.0,PM2.5,False,True,False,False,False,-0.5703,-0.643,-0.1634,-0.603,-1.0924,-1.1855,0.0299,67.33,51.98,13.75,15.0,0.45,0.0,25.0,67.33,Satisfactory,67.33,FULL,False
"Bapuji Nagar, Bengaluru - KSPCB",Bengaluru,Karnataka,12.951913,77.539784,KSPCB,23-09-2026,SINGLE_SNAPSHOT_NOT_TIME_SERIES,38.0,66.0,22.0,23.0,23.0,3.0,23.0,7,0,100.0,198.0,28.29,23.0,63.0,PM10,66.0,PM10,False,False,False,False,False,-0.6097,-0.3025,0.6933,0.0498,-0.5108,-0.4927,-0.0798,64.07,66.68,27.5,28.75,1.15,0.75,23.0,66.68,Satisfactory,66.68,FULL,False
"BTM Layout, Bengaluru - CPCB",Bengaluru,Karnataka,12.9135218,77.5950804,CPCB,23-09-2026,SINGLE_SNAPSHOT_NOT_TIME_SERIES,29.0,92.0,15.0,24.0,,5.0,21.0,6,1,85.7,186.0,31.0,24.0,87.0,PM10,92.0,PM10,False,False,True,False,False,-0.7869,0.2877,0.1481,0.1091,,-0.0308,-0.1894,48.33,92.16,18.75,30.0,,1.25,21.0,92.16,Satisfactory,92.16,PARTIAL_HIGH_CONFIDENCE,False
"Silk Board, Bengaluru - KSPCB",Bengaluru,Karnataka,12.917348,77.622813,KSPCB,23-09-2026,SINGLE_SNAPSHOT_NOT_TIME_SERIES,44.0,118.0,20.0,8.0,44.0,1.0,15.0,7,0,100.0,250.0,35.71,20.0,117.0,PM10,118.0,PM10,False,False,False,False,False,-0.4915,0.878,0.5375,-0.8404,0.3615,-0.9545,-0.5182,73.87,112.88,25.0,10.0,2.2,0.25,15.0,112.88,Moderate,112.88,FULL,False
"Urban, Chamarajanagar - KSPCB",Chamarajanagar,Karnataka,11.55358,76.55521,KSPCB,23-09-2026,SINGLE_SNAPSHOT_NOT_TIME_SERIES,29.0,44.0,4.0,28.0,18.0,2.0,26.0,7,0,100.0,151.0,21.57,26.0,42.0,PM10,44.0,PM2.5,False,False,False,False,False,-0.7869,-0.8019,-0.7086,0.3465,-0.7186,-0.7236,0.0847,48.33,44.0,5.0,35.0,0.9,0.5,26.0,48.33,Good,48.33,FULL,False
"Chikkaballapur Rural, Chikkaballapur - KSPCB",Chikkaballapur,Karnataka,13.428828,77.731418,KSPCB,23-09-2026,SINGLE_SNAPSHOT_NOT_TIME_SERIES,26.0,46.0,18.0,4.0,9.0,1.0,19.0,7,0,100.0,123.0,17.57,18.0,45.0,PM10,46.0,PM10,False,False,False,False,False,-0.846,-0.7565,0.3818,-1.0777,-1.0924,-0.9545,-0.299,43.33,46.0,22.5,5.0,0.45,0.25,19.0,46.0,Good,46.0,FULL,False
"Kalyana Nagara, Chikkamagaluru - KSPCB",Chikkamagaluru,Karnataka,13.328028,75.797056,KSPCB,23-09-2026,SINGLE_SNAPSHOT_NOT_TIME_SERIES,,,,,114.0,,32.0,2,5,28.6,146.0,73.0,114.0,82.0,CO,114.0,OZONE,True,False,True,False,False,,,,,3.2694,,0.4135,,,,,5.7,,32.0,32.0,Good,32.0,PARTIAL_LOW_CONFIDENCE,True
"Kalabhavan, Dharwad - KSPCB",Dharwad,Karnataka,15.459706,75.008381,KSPCB,23-09-2026,SINGLE_SNAPSHOT_NOT_TIME_SERIES,,,8.0,25.0,35.0,6.0,24.0,5,2,71.4,98.0,19.6,24.0,29.0,CO,35.0,NO2,False,False,True,False,False,,,-0.397,0.1684,-0.0124,0.2001,-0.025,,,10.0,31.25,1.75,1.5,24.0,31.25,Good,31.25,PARTIAL_HIGH_CONFIDENCE,False
"Lingaraj Nagar, Hubballi - KSPCB",Hubballi,Karnataka,15.3714823,75.1160168,KSPCB,23-09-2026,SINGLE_SNAPSHOT_NOT_TIME_SERIES,41.0,56.0,2.0,9.0,14.0,2.0,18.0,7,0,100.0,142.0,20.29,14.0,54.0,PM10,56.0,PM2.5,False,False,False,False,False,-0.5506,-0.5295,-0.8643,-0.781,-0.8847,-0.7236,-0.3538,68.97,56.88,2.5,11.25,0.7,0.5,18.0,68.97,Satisfactory,68.97,FULL,False
"Mahatma Basaveswar Colony, Kalaburgi - KSPCB",Kalaburagi,Karnataka,17.336318,76.847397,KSPCB,23-09-2026,SINGLE_SNAPSHOT_NOT_TIME_SERIES,21.0,28.0,3.0,13.0,33.0,2.0,14.0,7,0,100.0,114.0,16.29,14.0,31.0,CO,33.0,PM2.5,False,False,False,False,False,-0.9444,-1.1651,-0.7865,-0.5437,-0.0954,-0.7236,-0.573,35.0,28.0,3.75,16.25,1.65,0.5,14.0,35.0,Good,35.0,FULL,False
"Lal Bahadur Shastri Nagar, Kalaburagi - KSPCB",Kalaburagi,Karnataka,17.321993,76.822628,KSPCB,23-09-2026,SINGLE_SNAPSHOT_NOT_TIME_SERIES,,,,,,,20.0,1,6,14.3,20.0,20.0,20.0,0.0,OZONE,20.0,OZONE,True,False,True,False,False,,,,,,,-0.2442,,,,,,,20.0,20.0,Good,20.0,SINGLE_POLLUTANT_ONLY,False
"Kadri, Mangalore - KSPCB",Mangalore,Karnataka,12.88925,74.853,KSPCB,23-09-2026,SINGLE_SNAPSHOT_NOT_TIME_SERIES,43.0,45.0,,4.0,,2.0,35.0,5,2,71.4,129.0,25.8,35.0,43.0,PM10,45.0,PM2.5,False,False,True,False,False,-0.5112,-0.7792,,-1.0777,,-0.7236,0.5779,72.23,45.0,,5.0,,0.5,35.0,72.23,Satisfactory,72.23,PARTIAL_HIGH_CONFIDENCE,False
"Hebbal 1st Stage, Mysuru - KSPCB",Mysuru,Karnataka,12.21041,76.37376,KSPCB,23-09-2026,SINGLE_SNAPSHOT_NOT_TIME_SERIES,38.0,73.0,4.0,18.0,5.0,4.0,9.0,7,0,100.0,151.0,21.57,9.0,69.0,PM10,73.0,PM10,False,False,False,False,False,-0.6097,-0.1436,-0.7086,-0.247,-1.2586,-0.2618,-0.847,64.07,73.54,5.0,22.5,0.25,1.0,9.0,73.54,Satisfactory,73.54,FULL,False
"Vijay Nagar, Ramanagara - KSPCB",Ramanagara,Karnataka,12.733409,77.298051,KSPCB,23-09-2026,SINGLE_SNAPSHOT_NOT_TIME_SERIES,32.0,54.0,18.0,,29.0,,22.0,5,2,71.4,155.0,31.0,29.0,36.0,PM10,54.0,PM10,False,False,True,False,False,-0.7278,-0.5749,0.3818,,-0.2616,,-0.1346,54.27,54.92,22.5,,1.45,,22.0,54.92,Satisfactory,54.92,PARTIAL_HIGH_CONFIDENCE,False
"Vinoba Nagara, Shivamogga - KSPCB",Shivamogga,Karnataka,13.94,75.555917,KSPCB,23-09-2026,SINGLE_SNAPSHOT_NOT_TIME_SERIES,20.0,33.0,6.0,26.0,24.0,2.0,51.0,7,0,100.0,162.0,23.14,24.0,49.0,OZONE,51.0,OZONE,False,False,False,False,False,-0.9641,-1.0516,-0.5528,0.2278,-0.4693,-0.7236,1.4547,33.33,33.0,7.5,32.5,1.2,0.5,51.98,51.98,Satisfactory,51.98,FULL,False
"Brahmagiri, Udupi - KSPCB",Udupi,Karnataka,13.34194444,74.74694444,KSPCB,23-09-2026,SINGLE_SNAPSHOT_NOT_TIME_SERIES,31.0,37.0,8.0,11.0,58.0,2.0,15.0,7,0,100.0,162.0,23.14,15.0,56.0,CO,58.0,PM2.5,False,False,False,False,False,-0.7475,-0.9608,-0.397,-0.6624,0.9431,-0.7236,-0.5182,52.63,37.0,10.0,13.75,2.9,0.5,15.0,52.63,Satisfactory,52.63,FULL,False
"Udyogamandal, Eloor - Kerala PCB",Eloor,Kerala,10.073232,76.302765,Kerala PCB,23-09-2026,SINGLE_SNAPSHOT_NOT_TIME_SERIES,92.0,67.0,2.0,6.0,108.0,0.0,29.0,7,0,100.0,304.0,43.43,29.0,108.0,CO,108.0,PM2.5,False,True,False,False,False,0.4537,-0.2798,-0.8643,-0.9591,3.0202,-1.1855,0.2491,207.6,67.66,2.5,7.5,5.4,0.0,29.0,207.6,Poor,207.6,FULL,True
"Thavakkara, Kannur - Kerala PCB",Kannur,Kerala,11.875,75.3732,Kerala PCB,23-09-2026,SINGLE_SNAPSHOT_NOT_TIME_SERIES,,,,,21.0,,28.0,2,5,28.6,49.0,24.5,28.0,7.0,OZONE,28.0,OZONE,True,False,True,False,False,,,,,-0.5939,,0.1943,,,,,1.05,,28.0,28.0,Good,28.0,PARTIAL_LOW_CONFIDENCE,False
"NSIT Dwarka, Delhi - CPCB",Delhi,Delhi,28.60909,77.0325413,CPCB,23-09-2026,SINGLE_SNAPSHOT_NOT_TIME_SERIES,32.0,102.0,14.0,35.0,34.0,9.0,67.0,7,0,100.0,293.0,41.86,34.0,93.0,PM10,102.0,PM10,False,False,False,False,False,-0.7278,0.5147,0.0702,0.7619,-0.0539,0.8929,2.3316,54.27,102.32,17.5,43.75,1.7,2.25,67.66,102.32,Moderate,102.32,FULL,False
"Aya Nagar, Delhi - IITM",Delhi,Delhi,28.4706914,77.1099364,IITM,23-09-2026,SINGLE_SNAPSHOT_NOT_TIME_SERIES,118.0,113.0,,13.0,70.0,,34.0,5,2,71.4,348.0,69.6,70.0,105.0,PM2.5,118.0,PM2.5,False,False,True,False,False,0.9656,0.7645,,-0.5437,1.4416,,0.5231,293.4,109.58,,16.25,3.5,,34.0,293.4,Poor,293.4,PARTIAL_HIGH_CONFIDENCE,False
"CRRI Mathura Road, Delhi - IITM",Delhi,Delhi,28.5512005,77.2735737,IITM,23-09-2026,SINGLE_SNAPSHOT_NOT_TIME_SERIES,152.0,220.0,,28.0,88.0,,23.0,5,2,71.4,511.0,102.2,88.0,197.0,PM10,220.0,PM2.5,False,False,True,False,False,1.6351,3.1934,,0.3465,2.1894,,-0.0798,325.37,180.2,,35.0,4.4,,23.0,325.37,Very Poor,325.37,PARTIAL_HIGH_CONFIDENCE,False
"Burari Crossing, Delhi - IITM",Delhi,Delhi,28.7256504,77.2011573,IITM,23-09-2026,SINGLE_SNAPSHOT_NOT_TIME_SERIES,122.0,131.0,,43.0,50.0,,51.0,5,2,71.4,397.0,79.4,51.0,88.0,PM10,131.0,PM2.5,False,False,True,False,False,1.0444,1.1731,,1.2366,0.6108,,1.4547,302.52,121.46,,54.67,2.5,,51.98,302.52,Very Poor,302.52,PARTIAL_HIGH_CONFIDENCE,False
"IMD Lodhi Road, Delhi - IITM",Delhi,Delhi,28.5918245,77.2273074,IITM,23-09-2026,SINGLE_SNAPSHOT_NOT_TIME_SERIES,86.0,131.0,,23.0,24.0,,54.0,5,2,71.4,318.0,63.6,54.0,108.0,PM10,131.0,PM2.5,False,False,True,False,False,0.3355,1.1731,,0.0498,-0.4693,,1.6191,186.8,121.46,,28.75,1.2,,54.92,186.8,Moderate,186.8,PARTIAL_HIGH_CONFIDENCE,False
"JNU, Delhi - DPCC",Delhi,Delhi,28.540721,77.168544,DPCC,23-09-2026,SINGLE_SNAPSHOT_NOT_TIME_SERIES,115.0,108.0,6.0,38.0,80.0,2.0,17.0,7,0,100.0,366.0,52.29,38.0,113.0,PM2.5,115.0,PM2.5,False,False,False,False,False,0.9066,0.651,-0.5528,0.9399,1.857,-0.7236,-0.4086,283.5,106.28,7.5,47.5,4.0,0.5,17.0,283.5,Poor,283.5,FULL,False
"ITO, Delhi - CPCB",Delhi,Delhi,28.628624,77.24106,CPCB,23-09-2026,SINGLE_SNAPSHOT_NOT_TIME_SERIES,86.0,117.0,22.0,60.0,55.0,4.0,21.0,7,0,100.0,365.0,52.14,55.0,113.0,PM10,117.0,PM2.5,False,False,False,False,False,0.3355,0.8553,0.6933,2.2454,0.8185,-0.2618,-0.1894,186.8,112.22,27.5,75.5,2.75,1.0,21.0,186.8,Moderate,186.8,FULL,False
"R K Puram, Delhi - DPCC",Delhi,Delhi,28.563262,77.186937,DPCC,23-09-2026,SINGLE_SNAPSHOT_NOT_TIME_SERIES,141.0,163.0,30.0,52.0,61.0,7.0,14.0,7,0,100.0,468.0,66.86,52.0,156.0,PM10,163.0,PM2.5,False,False,False,False,False,1.4185,1.8995,1.3163,1.7707,1.0677,0.431,-0.573,316.99,142.58,37.5,65.7,3.05,1.75,14.0,316.99,Very Poor,316.99,FULL,False
"North Campus, DU, Delhi - IITM",Delhi,Delhi,28.6573814,77.1585447,IITM,23-09-2026,SINGLE_SNAPSHOT_NOT_TIME_SERIES,175.0,165.0,,141.0,77.0,,57.0,5,2,71.4,615.0,123.0,141.0,118.0,PM2.5,175.0,PM2.5,False,False,True,False,False,2.0881,1.9449,,7.0521,1.7324,,1.7835,342.88,143.9,,161.39,3.85,,57.86,342.88,Very Poor,342.88,PARTIAL_HIGH_CONFIDENCE,False
"Alipur, Delhi - DPCC",Delhi,Delhi,28.815329,77.15301,DPCC,23-09-2026,SINGLE_SNAPSHOT_NOT_TIME_SERIES,131.0,147.0,9.0,56.0,38.0,6.0,10.0,7,0,100.0,397.0,56.71,38.0,141.0,PM10,147.0,PM2.5,False,False,False,False,False,1.2216,1.5363,-0.3192,2.008,0.1123,0.2001,-0.7922,309.38,132.02,11.25,70.6,1.9,1.5,10.0,309.38,Very Poor,309.38,FULL,False
"Amity University, Panchgaon - IITM",Panchgaon,Haryana,28.3153,76.9143,IITM,23-09-2026,SINGLE_SNAPSHOT_NOT_TIME_SERIES,3.0,19.0,15.0,59.0,,6.0,11.0,6,1,85.7,113.0,18.83,15.0,56.0,NO2,59.0,NO2,False,False,True,False,False,-1.2989,-1.3694,0.1481,2.1861,,0.2001,-0.7374,5.0,19.0,18.75,74.28,,1.5,11.0,74.28,Satisfactory,74.28,PARTIAL_HIGH_CONFIDENCE,False
"MD University, Rohtak - HSPCB",Rohtak,Haryana,28.52123,76.37138,HSPCB,23-09-2026,SINGLE_SNAPSHOT_NOT_TIME_SERIES,88.0,98.0,10.0,10.0,36.0,,18.0,6,1,85.7,260.0,43.33,36.0,88.0,PM10,98.0,PM2.5,False,False,True,False,False,0.3749,0.4239,-0.2413,-0.7217,0.0292,,-0.3538,193.4,98.04,12.5,12.5,1.8,,18.0,193.4,Moderate,193.4,PARTIAL_HIGH_CONFIDENCE,False
"F-Block, Sirsa - HSPCB",Sirsa,Haryana,29.5364,75.0158,HSPCB,23-09-2026,SINGLE_SNAPSHOT_NOT_TIME_SERIES,56.0,116.0,38.0,20.0,98.0,14.0,43.0,7,0,100.0,385.0,55.0,43.0,102.0,PM10,116.0,PM10,False,False,False,False,False,-0.2552,0.8326,1.9394,-0.1283,2.6048,2.0475,1.0163,93.47,111.56,47.5,25.0,4.9,3.5,43.0,111.56,Moderate,111.56,FULL,False
"Murthal, Sonipat - HSPCB",Sonipat,Haryana,29.0272,77.0621,HSPCB,23-09-2026,SINGLE_SNAPSHOT_NOT_TIME_SERIES,74.0,80.0,66.0,7.0,21.0,9.0,51.0,7,0,100.0,308.0,44.0,51.0,73.0,PM10,80.0,PM2.5,False,False,False,False,False,0.0992,0.0153,4.12,-0.8997,-0.5939,0.8929,1.4547,147.2,80.4,82.85,8.75,1.05,2.25,51.98,147.2,Moderate,147.2,FULL,False
"Gobind Pura, Yamuna Nagar - HSPCB",Yamuna Nagar,Haryana,30.1480566,77.2893471,HSPCB,23-09-2026,SINGLE_SNAPSHOT_NOT_TIME_SERIES,163.0,121.0,12.0,16.0,46.0,4.0,42.0,7,0,100.0,404.0,57.71,42.0,159.0,PM2.5,163.0,PM2.5,False,False,False,False,False,1.8518,0.9461,-0.0855,-0.3656,0.4446,-0.2618,0.9615,333.75,114.86,15.0,20.0,2.3,1.0,42.0,333.75,Very Poor,333.75,FULL,False
"HIMUDA Complex Phase-1, Baddi - HPPCB",Baddi,Himachal Pradesh,30.943887,76.801991,HPPCB,23-09-2026,SINGLE_SNAPSHOT_NOT_TIME_SERIES,88.0,97.0,1.0,12.0,24.0,2.0,66.0,7,0,100.0,290.0,41.43,24.0,96.0,PM10,97.0,PM2.5,False,False,False,False,False,0.3749,0.4012,-0.9422,-0.603,-0.4693,-0.7236,2.2768,193.4,97.06,1.25,15.0,1.2,0.5,66.68,193.4,Moderate,193.4,FULL,False
"Rajbagh, Srinagar - JKPCC",Srinagar,Jammu and Kashmir,34.066206,74.81982,JKPCC,23-09-2026,SINGLE_SNAPSHOT_NOT_TIME_SERIES,32.0,51.0,3.0,19.0,12.0,9.0,1.0,7,0,100.0,127.0,18.14,12.0,50.0,PM10,51.0,PM2.5,False,False,False,False,False,-0.7278,-0.643,-0.7865,-0.1876,-0.9678,0.8929,-1.2854,54.27,51.98,3.75,23.75,0.6,2.25,1.0,54.27,Satisfactory,54.27,FULL,False
"Sardar Patel Nagar, Dhanbad - JSPCB",Dhanbad,Jharkhand,23.80569,86.44268,JSPCB,23-09-2026,SINGLE_SNAPSHOT_NOT_TIME_SERIES,,,,100.0,14.0,,26.0,3,4,42.9,140.0,46.67,26.0,86.0,NO2,100.0,NO2,True,False,True,False,False,,,,4.6191,-0.8847,,0.0847,,,,120.8,0.7,,26.0,120.8,Moderate,120.8,PARTIAL_LOW_CONFIDENCE,False
"Rakhial, Ahmedabad - IITM",Ahmedabad,Gujarat,23.016834,72.625775,IITM,23-09-2026,SINGLE_SNAPSHOT_NOT_TIME_SERIES,178.0,127.0,42.0,109.0,9.0,26.0,5.0,7,0,100.0,496.0,70.86,42.0,173.0,PM2.5,178.0,PM2.5,False,False,False,False,False,2.1471,1.0823,2.2509,5.1532,-1.0924,4.8187,-1.0662,345.17,118.82,53.45,129.71,0.45,6.5,5.0,345.17,Very Poor,345.17,FULL,False
"SAC ISRO Satellite, Ahmedabad - IITM",Ahmedabad,Gujarat,23.023389,72.515201,IITM,23-09-2026,SINGLE_SNAPSHOT_NOT_TIME_SERIES,56.0,93.0,4.0,25.0,30.0,2.0,3.0,7,0,100.0,213.0,30.43,25.0,91.0,PM10,93.0,PM2.5,False,False,False,False,False,-0.2552,0.3104,-0.7086,0.1684,-0.2201,-0.7236,-1.1758,93.47,93.14,5.0,31.25,1.5,0.5,3.0,93.47,Satisfactory,93.47,FULL,False
"Gyaspur, Ahmedabad - IITM",Ahmedabad,Gujarat,22.977134,72.553024,IITM,23-09-2026,SINGLE_SNAPSHOT_NOT_TIME_SERIES,77.0,120.0,13.0,21.0,16.0,2.0,9.0,7,0,100.0,258.0,36.86,16.0,118.0,PM10,120.0,PM2.5,False,False,False,False,False,0.1583,0.9234,-0.0076,-0.0689,-0.8016,-0.7236,-0.847,157.1,114.2,16.25,26.25,0.8,0.5,9.0,157.1,Moderate,157.1,FULL,False
"Raikhad, Ahmedabad - IITM",Ahmedabad,Gujarat,23.020509,72.579261,IITM,23-09-2026,SINGLE_SNAPSHOT_NOT_TIME_SERIES,74.0,92.0,5.0,14.0,33.0,2.0,11.0,7,0,100.0,231.0,33.0,14.0,90.0,PM10,92.0,PM2.5,False,False,False,False,False,0.0992,0.2877,-0.6307,-0.4843,-0.0954,-0.7236,-0.7374,147.2,92.16,6.25,17.5,1.65,0.5,11.0,147.2,Moderate,147.2,FULL,False
"Maninagar, Ahmedabad - GPCB",Ahmedabad,Gujarat,23.002657,72.591912,GPCB,23-09-2026,SINGLE_SNAPSHOT_NOT_TIME_SERIES,111.0,88.0,26.0,23.0,1.0,,53.0,6,1,85.7,302.0,50.33,53.0,110.0,PM2.5,111.0,PM2.5,False,False,True,False,False,0.8278,0.1969,1.0048,0.0498,-1.4248,,1.5643,270.3,88.24,32.5,28.75,0.05,,53.94,270.3,Poor,270.3,PARTIAL_HIGH_CONFIDENCE,False
"SAC ISRO Bopal, Ahmedabad - IITM",Ahmedabad,Gujarat,23.041137,72.456691,IITM,23-09-2026,SINGLE_SNAPSHOT_NOT_TIME_SERIES,99.0,92.0,2.0,18.0,21.0,3.0,15.0,7,0,100.0,250.0,35.71,18.0,97.0,PM2.5,99.0,PM2.5,False,False,False,False,False,0.5915,0.2877,-0.8643,-0.247,-0.5939,-0.4927,-0.5182,230.7,92.16,2.5,22.5,1.05,0.75,15.0,230.7,Poor,230.7,FULL,False
"Vidhyanagar, Bhavnagar - Nexteng Enviro",Bhavnagar,Gujarat,21.755417,72.139056,Nexteng Enviro,23-09-2026,SINGLE_SNAPSHOT_NOT_TIME_SERIES,51.0,65.0,8.0,37.0,67.0,5.0,4.0,7,0,100.0,237.0,33.86,37.0,63.0,CO,67.0,PM2.5,False,False,False,False,False,-0.3537,-0.3252,-0.397,0.8805,1.317,-0.0308,-1.121,85.3,65.7,10.0,46.25,3.35,1.25,4.0,85.3,Satisfactory,85.3,FULL,False
"Sector-10, Gandhinagar - GPCB",Gandhinagar,Gujarat,23.221714,72.654328,GPCB,23-09-2026,SINGLE_SNAPSHOT_NOT_TIME_SERIES,75.0,103.0,6.0,9.0,17.0,1.0,6.0,7,0,100.0,217.0,31.0,9.0,102.0,PM10,103.0,PM2.5,False,False,False,False,False,0.1189,0.5375,-0.5528,-0.781,-0.7601,-0.9545,-1.0114,150.5,102.98,7.5,11.25,0.85,0.25,6.0,150.5,Moderate,150.5,FULL,False
"GIFT City, Gandhinagar - IITM",Gandhinagar,Gujarat,23.163798,72.677768,IITM,23-09-2026,SINGLE_SNAPSHOT_NOT_TIME_SERIES,136.0,144.0,6.0,33.0,19.0,6.0,14.0,7,0,100.0,358.0,51.14,19.0,138.0,PM10,144.0,PM2.5,False,False,False,False,False,1.3201,1.4682,-0.5528,0.6432,-0.677,0.2001,-0.573,313.18,130.04,7.5,41.25,0.95,1.5,14.0,313.18,Very Poor,313.18,FULL,False
"Shadipur, Delhi - CPCB",Delhi,Delhi,28.6514781,77.1473105,CPCB,23-09-2026,SINGLE_SNAPSHOT_NOT_TIME_SERIES,65.0,122.0,7.0,70.0,49.0,6.0,11.0,7,0,100.0,330.0,47.14,49.0,116.0,PM10,122.0,PM2.5,False,False,False,False,False,-0.078,0.9688,-0.4749,2.8388,0.5692,0.2001,-0.7374,117.5,115.52,8.75,87.75,2.45,1.5,11.0,117.5,Moderate,117.5,FULL,False
"Mandir Marg, Delhi - DPCC",Delhi,Delhi,28.636429,77.201067,DPCC,23-09-2026,SINGLE_SNAPSHOT_NOT_TIME_SERIES,94.0,132.0,20.0,27.0,40.0,11.0,22.0,7,0,100.0,346.0,49.43,27.0,121.0,PM10,132.0,PM2.5,False,False,False,False,False,0.493,1.1958,0.5375,0.2871,0.1954,1.3548,-0.1346,214.2,122.12,25.0,33.75,2.0,2.75,22.0,214.2,Poor,214.2,FULL,False
"Pusa, Delhi - DPCC",Delhi,Delhi,28.639652,77.146275,DPCC,23-09-2026,SINGLE_SNAPSHOT_NOT_TIME_SERIES,118.0,133.0,10.0,48.0,81.0,4.0,7.0,7,0,100.0,401.0,57.29,48.0,129.0,PM10,133.0,PM2.5,False,False,False,False,False,0.9656,1.2185,-0.2413,1.5333,1.8986,-0.2618,-0.9566,293.4,122.78,12.5,60.8,4.05,1.0,7.0,293.4,Poor,293.4,FULL,False
"Sirifort, Delhi - CPCB",Delhi,Delhi,28.5504249,77.2159377,CPCB,23-09-2026,SINGLE_SNAPSHOT_NOT_TIME_SERIES,150.0,170.0,26.0,30.0,53.0,6.0,15.0,7,0,100.0,450.0,64.29,30.0,164.0,PM10,170.0,PM2.5,False,False,False,False,False,1.5958,2.0584,1.0048,0.4652,0.7354,0.2001,-0.5182,323.85,147.2,32.5,37.5,2.65,1.5,15.0,323.85,Very Poor,323.85,FULL,False
"Pusa, Delhi - IITM",Delhi,Delhi,28.63611,77.173332,IITM,23-09-2026,SINGLE_SNAPSHOT_NOT_TIME_SERIES,162.0,125.0,,25.0,43.0,,52.0,5,2,71.4,407.0,81.4,52.0,137.0,PM2.5,162.0,PM2.5,False,False,True,False,False,1.8321,1.0369,,0.1684,0.32,,1.5095,332.98,117.5,,31.25,2.15,,52.96,332.98,Very Poor,332.98,PARTIAL_HIGH_CONFIDENCE,False
"IIT Delhi, Delhi - IITM",Delhi,Delhi,28.54246,77.191651,IITM,23-09-2026,SINGLE_SNAPSHOT_NOT_TIME_SERIES,,,,,32.0,,41.0,2,5,28.6,73.0,36.5,41.0,9.0,OZONE,41.0,OZONE,True,False,True,False,False,,,,,-0.137,,0.9067,,,,,1.6,,41.0,41.0,Good,41.0,PARTIAL_LOW_CONFIDENCE,False
"IGNOU_Maidan Garhi, Delhi - DPCC",Delhi,Delhi,28.493624,77.201159,DPCC,23-09-2026,SINGLE_SNAPSHOT_NOT_TIME_SERIES,31.0,124.0,7.0,34.0,83.0,1.0,7.0,7,0,100.0,287.0,41.0,31.0,123.0,PM10,124.0,PM10,False,False,False,False,False,-0.7475,1.0142,-0.4749,0.7025,1.9816,-0.9545,-0.9566,52.63,116.84,8.75,42.5,4.15,0.25,7.0,116.84,Moderate,116.84,FULL,False
"Commonwealth Sports Complex, Delhi - DPCC",Delhi,Delhi,28.615828,77.271992,DPCC,23-09-2026,SINGLE_SNAPSHOT_NOT_TIME_SERIES,154.0,127.0,13.0,31.0,88.0,2.0,44.0,7,0,100.0,459.0,65.57,44.0,152.0,PM2.5,154.0,PM2.5,False,False,False,False,False,1.6745,1.0823,-0.0076,0.5245,2.1894,-0.7236,1.0711,326.89,118.82,16.25,38.75,4.4,0.5,44.0,326.89,Very Poor,326.89,FULL,False
"Police Lines, Jind - HSPCB",Jind,Haryana,29.307814,76.337619,HSPCB,23-09-2026,SINGLE_SNAPSHOT_NOT_TIME_SERIES,200.0,97.0,28.0,13.0,6.0,5.0,10.0,7,0,100.0,359.0,51.29,13.0,195.0,PM2.5,200.0,PM2.5,False,False,False,False,False,2.5803,0.4012,1.1606,-0.5437,-1.2171,-0.0308,-0.7922,361.92,97.06,35.0,16.25,0.3,1.25,10.0,361.92,Very Poor,361.92,FULL,False
"Rishi Nagar, Kaithal - HSPCB",Kaithal,Haryana,29.8006,76.4155,HSPCB,23-09-2026,SINGLE_SNAPSHOT_NOT_TIME_SERIES,97.0,112.0,31.0,22.0,21.0,5.0,76.0,7,0,100.0,364.0,52.0,31.0,107.0,PM10,112.0,PM2.5,False,False,False,False,False,0.5521,0.7418,1.3942,-0.0096,-0.5939,-0.0308,2.8248,224.1,108.92,38.75,27.5,1.05,1.25,76.48,224.1,Poor,224.1,FULL,False
"Sector-7, Kurukshetra - HSPCB",Kurukshetra,Haryana,29.966942,76.875879,HSPCB,23-09-2026,SINGLE_SNAPSHOT_NOT_TIME_SERIES,93.0,104.0,8.0,7.0,29.0,5.0,11.0,7,0,100.0,257.0,36.71,11.0,99.0,PM10,104.0,PM2.5,False,False,False,False,False,0.4733,0.5602,-0.397,-0.8997,-0.2616,-0.0308,-0.7374,210.9,103.64,10.0,8.75,1.45,1.25,11.0,210.9,Poor,210.9,FULL,False
"General Hospital, Mandikhera(Nuh) - HSPCB",Mandikhera,Haryana,27.9002,76.9938,HSPCB,23-09-2026,SINGLE_SNAPSHOT_NOT_TIME_SERIES,24.0,49.0,22.0,34.0,62.0,14.0,26.0,7,0,100.0,231.0,33.0,26.0,48.0,CO,62.0,PM10,False,False,False,False,False,-0.8854,-0.6884,0.6933,0.7025,1.1093,2.0475,0.0847,40.0,49.0,27.5,42.5,3.1,3.5,26.0,49.0,Good,49.0,FULL,False
"Sector-2 IMT, Manesar - HSPCB",Manesar,Haryana,28.360699,76.93609,HSPCB,23-09-2026,SINGLE_SNAPSHOT_NOT_TIME_SERIES,178.0,115.0,14.0,30.0,34.0,11.0,22.0,7,0,100.0,404.0,57.71,30.0,167.0,PM2.5,178.0,PM2.5,False,False,False,False,False,2.1471,0.8099,0.0702,0.4652,-0.0539,1.3548,-0.1346,345.17,110.9,17.5,37.5,1.7,2.75,22.0,345.17,Very Poor,345.17,FULL,False
"Shastri Nagar, Narnaul - HSPCB",Narnaul,Haryana,28.060249,76.113115,HSPCB,23-09-2026,SINGLE_SNAPSHOT_NOT_TIME_SERIES,101.0,114.0,4.0,24.0,27.0,2.0,27.0,7,0,100.0,299.0,42.71,27.0,112.0,PM10,114.0,PM2.5,False,False,False,False,False,0.6309,0.7872,-0.7086,0.1091,-0.3447,-0.7236,0.1395,237.3,110.24,5.0,30.0,1.35,0.5,27.0,237.3,Poor,237.3,FULL,False
"Shyam Nagar, Palwal - HSPCB",Palwal,Haryana,28.1485564,77.3320667,HSPCB,23-09-2026,SINGLE_SNAPSHOT_NOT_TIME_SERIES,60.0,61.0,15.0,24.0,43.0,6.0,10.0,7,0,100.0,219.0,31.29,24.0,55.0,PM10,61.0,PM2.5,False,False,False,False,False,-0.1765,-0.416,0.1481,0.1091,0.32,0.2001,-0.7922,100.0,61.78,18.75,30.0,2.15,1.5,10.0,100.0,Satisfactory,100.0,FULL,False
"Deen Dayal Nagar, Gwalior - MPPCB",Gwalior,Madhya Pradesh,26.259242,78.216432,MPPCB,23-09-2026,SINGLE_SNAPSHOT_NOT_TIME_SERIES,61.0,104.0,11.0,52.0,55.0,5.0,36.0,7,0,100.0,324.0,46.29,52.0,99.0,PM10,104.0,PM2.5,False,False,False,False,False,-0.1568,0.5602,-0.1634,1.7707,0.8185,-0.0308,0.6327,104.3,103.64,13.75,65.7,2.75,1.25,36.0,104.3,Moderate,104.3,FULL,False
"Regional Park, Indore - IMC",Indore,Madhya Pradesh,22.678,75.8559,IMC,23-09-2026,SINGLE_SNAPSHOT_NOT_TIME_SERIES,40.0,43.0,54.0,,4.0,,5.0,5,2,71.4,146.0,29.2,40.0,50.0,SO2,54.0,SO2,False,False,True,False,False,-0.5703,-0.8246,3.1855,,-1.3001,,-1.0662,67.33,43.0,68.15,,0.2,,5.0,68.15,Satisfactory,68.15,PARTIAL_HIGH_CONFIDENCE,False
"Chhoti Gwaltoli, Indore - MPPCB",Indore,Madhya Pradesh,22.431,75.5213,MPPCB,23-09-2026,SINGLE_SNAPSHOT_NOT_TIME_SERIES,94.0,101.0,21.0,72.0,34.0,7.0,57.0,7,0,100.0,386.0,55.14,57.0,94.0,PM10,101.0,PM2.5,False,False,False,False,False,0.493,0.492,0.6154,2.9575,-0.0539,0.431,1.7835,214.2,101.66,26.25,90.2,1.7,1.75,57.86,214.2,Poor,214.2,FULL,False
"Airport Area, Indore - IMC",Indore,Madhya Pradesh,22.7289,75.8076,IMC,23-09-2026,SINGLE_SNAPSHOT_NOT_TIME_SERIES,,71.0,,20.0,43.0,0.0,9.0,5,2,71.4,143.0,28.6,20.0,71.0,PM10,71.0,PM10,False,False,True,False,False,,-0.189,,-0.1283,0.32,-1.1855,-0.847,,71.58,,25.0,2.15,0.0,9.0,71.58,Satisfactory,71.58,PARTIAL_HIGH_CONFIDENCE,False
"Residency Area, Indore - IMC",Indore,Madhya Pradesh,22.7084,75.8815,IMC,23-09-2026,SINGLE_SNAPSHOT_NOT_TIME_SERIES,46.0,53.0,3.0,4.0,14.0,0.0,7.0,7,0,100.0,127.0,18.14,7.0,53.0,PM10,53.0,PM2.5,False,True,False,False,False,-0.4522,-0.5976,-0.7865,-1.0777,-0.8847,-1.1855,-0.9566,77.13,53.94,3.75,5.0,0.7,0.0,7.0,77.13,Satisfactory,77.13,FULL,False
"Maguda Nagar, Indore - IMC",Indore,Madhya Pradesh,22.7524,75.8872,IMC,23-09-2026,SINGLE_SNAPSHOT_NOT_TIME_SERIES,46.0,,18.0,2.0,41.0,,11.0,5,2,71.4,118.0,23.6,18.0,44.0,PM2.5,46.0,PM2.5,False,False,True,False,False,-0.4522,,0.3818,-1.1964,0.2369,,-0.7374,77.13,,22.5,2.5,2.05,,11.0,77.13,Satisfactory,77.13,PARTIAL_HIGH_CONFIDENCE,False
"Marhatal, Jabalpur - MPPCB",Jabalpur,Madhya Pradesh,23.168606,79.932247,MPPCB,23-09-2026,SINGLE_SNAPSHOT_NOT_TIME_SERIES,24.0,24.0,8.0,19.0,109.0,4.0,2.0,7,0,100.0,190.0,27.14,19.0,107.0,CO,109.0,PM2.5,False,False,False,False,False,-0.8854,-1.2559,-0.397,-0.1876,3.0617,-0.2618,-1.2306,40.0,24.0,10.0,23.75,5.45,1.0,2.0,40.0,Good,40.0,FULL,True
"Govindh Bhavan Colony, Jabalpur - JMC",Jabalpur,Madhya Pradesh,23.163174,79.973061,JMC,23-09-2026,SINGLE_SNAPSHOT_NOT_TIME_SERIES,31.0,33.0,2.0,12.0,48.0,4.0,26.0,7,0,100.0,156.0,22.29,26.0,46.0,CO,48.0,PM2.5,False,False,False,False,False,-0.7475,-1.0516,-0.8643,-0.603,0.5277,-0.2618,0.0847,52.63,33.0,2.5,15.0,2.4,1.0,26.0,52.63,Satisfactory,52.63,FULL,False
"Suhagi, Jabalpur - JMC",Jabalpur,Madhya Pradesh,23.218135,79.95777,JMC,23-09-2026,SINGLE_SNAPSHOT_NOT_TIME_SERIES,45.0,77.0,7.0,55.0,45.0,6.0,17.0,7,0,100.0,252.0,36.0,45.0,71.0,PM10,77.0,PM10,False,False,False,False,False,-0.4718,-0.0528,-0.4749,1.9487,0.4031,0.2001,-0.4086,75.5,77.46,8.75,69.38,2.25,1.5,17.0,77.46,Satisfactory,77.46,FULL,False
"Gole Bazar, Katni - MPPCB",Katni,Madhya Pradesh,23.50016,80.23284,MPPCB,23-09-2026,SINGLE_SNAPSHOT_NOT_TIME_SERIES,68.0,78.0,22.0,14.0,36.0,1.0,27.0,7,0,100.0,246.0,35.14,27.0,77.0,PM10,78.0,PM2.5,False,False,False,False,False,-0.0189,-0.0301,0.6933,-0.4843,0.0292,-0.9545,0.1395,127.4,78.44,27.5,17.5,1.8,0.25,27.0,127.4,Moderate,127.4,FULL,False
"Sahilara, Maihar - KJS Cements",Maihar,Madhya Pradesh,24.2613009,80.7231783,KJS Cements,23-09-2026,SINGLE_SNAPSHOT_NOT_TIME_SERIES,,,,,27.0,,,1,6,14.3,27.0,27.0,27.0,0.0,CO,27.0,CO,True,False,True,False,False,,,,,-0.3447,,,,,,,1.35,,,1.35,Good,1.35,SINGLE_POLLUTANT_ONLY,False
"Sector-D Industrial Area, Mandideep - MPPCB",Mandideep,Madhya Pradesh,23.10844,77.511428,MPPCB,23-09-2026,SINGLE_SNAPSHOT_NOT_TIME_SERIES,118.0,136.0,108.0,84.0,36.0,2.0,36.0,7,0,100.0,520.0,74.29,84.0,134.0,PM10,136.0,PM2.5,False,False,False,False,False,0.9656,1.2866,7.391,3.6696,0.0292,-0.7236,0.6327,293.4,124.76,110.24,104.96,1.8,0.5,36.0,293.4,Poor,293.4,FULL,False
"Worli, Mumbai - MPCB",Mumbai,Maharashtra,18.9936162,72.8128113,MPCB,23-09-2026,SINGLE_SNAPSHOT_NOT_TIME_SERIES,31.0,45.0,5.0,16.0,46.0,,8.0,6,1,85.7,151.0,25.17,31.0,41.0,CO,46.0,PM2.5,False,False,True,False,False,-0.7475,-0.7792,-0.6307,-0.3656,0.4446,,-0.9018,52.63,45.0,6.25,20.0,2.3,,8.0,52.63,Satisfactory,52.63,PARTIAL_HIGH_CONFIDENCE,False
"Mazgaon, Mumbai - IITM",Mumbai,Maharashtra,18.96702,72.84214,IITM,23-09-2026,SINGLE_SNAPSHOT_NOT_TIME_SERIES,29.0,44.0,7.0,35.0,40.0,5.0,16.0,7,0,100.0,176.0,25.14,29.0,39.0,PM10,44.0,PM2.5,False,False,False,False,False,-0.7869,-0.8019,-0.4749,0.7619,0.1954,-0.0308,-0.4634,48.33,44.0,8.75,43.75,2.0,1.25,16.0,48.33,Good,48.33,FULL,False
"Ghatkopar, Mumbai - BMC",Mumbai,Maharashtra,19.083694,72.920967,BMC,23-09-2026,SINGLE_SNAPSHOT_NOT_TIME_SERIES,62.0,63.0,2.0,8.0,24.0,7.0,3.0,7,0,100.0,169.0,24.14,8.0,61.0,PM10,63.0,PM2.5,False,False,False,False,False,-0.1371,-0.3706,-0.8643,-0.8404,-0.4693,0.431,-1.1758,107.6,63.74,2.5,10.0,1.2,1.75,3.0,107.6,Moderate,107.6,FULL,False
"Mindspace-Malad West, Mumbai - MPCB",Mumbai,Maharashtra,19.1878657,72.8304069,MPCB,23-09-2026,SINGLE_SNAPSHOT_NOT_TIME_SERIES,24.0,43.0,4.0,18.0,15.0,8.0,18.0,7,0,100.0,130.0,18.57,18.0,39.0,PM10,43.0,PM10,False,False,False,False,False,-0.8854,-0.8246,-0.7086,-0.247,-0.8432,0.662,-0.3538,40.0,43.0,5.0,22.5,0.75,2.0,18.0,43.0,Good,43.0,FULL,False
"Chembur, Mumbai - MPCB",Mumbai,Maharashtra,19.0364585,72.8954371,MPCB,23-09-2026,SINGLE_SNAPSHOT_NOT_TIME_SERIES,32.0,43.0,2.0,12.0,37.0,6.0,9.0,7,0,100.0,141.0,20.14,12.0,41.0,PM10,43.0,PM2.5,False,False,False,False,False,-0.7278,-0.8246,-0.8643,-0.603,0.0707,0.2001,-0.847,54.27,43.0,2.5,15.0,1.85,1.5,9.0,54.27,Satisfactory,54.27,FULL,False
"Borivali East, Mumbai - MPCB",Mumbai,Maharashtra,19.2243333,72.8658113,MPCB,23-09-2026,SINGLE_SNAPSHOT_NOT_TIME_SERIES,40.0,60.0,19.0,10.0,8.0,2.0,,6,1,85.7,139.0,23.17,19.0,58.0,PM10,60.0,PM2.5,False,False,True,False,False,-0.5703,-0.4387,0.4596,-0.7217,-1.134,-0.7236,,67.33,60.8,23.75,12.5,0.4,0.5,,67.33,Satisfactory,67.33,PARTIAL_HIGH_CONFIDENCE,False
"Deonar, Mumbai - IITM",Mumbai,Maharashtra,19.04946,72.923,IITM,23-09-2026,SINGLE_SNAPSHOT_NOT_TIME_SERIES,36.0,62.0,2.0,35.0,35.0,6.0,12.0,7,0,100.0,188.0,26.86,35.0,60.0,PM10,62.0,PM10,False,False,False,False,False,-0.6491,-0.3933,-0.8643,0.7619,-0.0124,0.2001,-0.6826,60.8,62.76,2.5,43.75,1.75,1.5,12.0,62.76,Satisfactory,62.76,FULL,False
"Malad West, Mumbai - IITM",Mumbai,Maharashtra,19.19709,72.82204,IITM,23-09-2026,SINGLE_SNAPSHOT_NOT_TIME_SERIES,28.0,44.0,8.0,13.0,35.0,2.0,9.0,7,0,100.0,139.0,19.86,13.0,42.0,PM10,44.0,PM2.5,False,False,False,False,False,-0.8066,-0.8019,-0.397,-0.5437,-0.0124,-0.7236,-0.847,46.67,44.0,10.0,16.25,1.75,0.5,9.0,46.67,Good,46.67,FULL,False
"Ram Nagar, Nagpur - MPCB",Nagpur,Maharashtra,21.143383,79.048912,MPCB,23-09-2026,SINGLE_SNAPSHOT_NOT_TIME_SERIES,,,7.0,,26.0,2.0,11.0,4,3,57.1,46.0,11.5,11.0,24.0,CO,26.0,OZONE,True,False,True,False,False,,,-0.4749,,-0.3862,-0.7236,-0.7374,,,8.75,,1.3,0.5,11.0,11.0,Good,11.0,PARTIAL_HIGH_CONFIDENCE,False
"Opp GPO Civil Lines, Nagpur - MPCB",Nagpur,Maharashtra,21.152875,79.0517531,MPCB,23-09-2026,SINGLE_SNAPSHOT_NOT_TIME_SERIES,40.0,48.0,11.0,21.0,21.0,2.0,9.0,7,0,100.0,152.0,21.71,21.0,46.0,PM10,48.0,PM2.5,False,False,False,False,False,-0.5703,-0.7111,-0.1634,-0.0689,-0.5939,-0.7236,-0.847,67.33,48.0,13.75,26.25,1.05,0.5,9.0,67.33,Satisfactory,67.33,FULL,False
"Ambazari, Nagpur - MPCB",Nagpur,Maharashtra,21.121801,79.04952,MPCB,23-09-2026,SINGLE_SNAPSHOT_NOT_TIME_SERIES,45.0,44.0,12.0,14.0,22.0,2.0,18.0,7,0,100.0,157.0,22.43,18.0,43.0,PM2.5,45.0,PM2.5,False,False,False,False,False,-0.4718,-0.8019,-0.0855,-0.4843,-0.5524,-0.7236,-0.3538,75.5,44.0,15.0,17.5,1.1,0.5,18.0,75.5,Satisfactory,75.5,FULL,False
"Sneh Nagar, Nanded - MPCB",Nanded,Maharashtra,19.173852,77.296291,MPCB,23-09-2026,SINGLE_SNAPSHOT_NOT_TIME_SERIES,66.0,73.0,2.0,9.0,23.0,3.0,44.0,7,0,100.0,220.0,31.43,23.0,71.0,PM10,73.0,PM2.5,False,False,False,False,False,-0.0583,-0.1436,-0.8643,-0.781,-0.5108,-0.4927,1.0711,120.8,73.54,2.5,11.25,1.15,0.75,44.0,120.8,Moderate,120.8,FULL,False
"Sewri, Mumbai - BMC",Mumbai,Maharashtra,19.000084,72.85673,BMC,23-09-2026,SINGLE_SNAPSHOT_NOT_TIME_SERIES,35.0,42.0,4.0,33.0,14.0,5.0,14.0,7,0,100.0,147.0,21.0,14.0,38.0,PM10,42.0,PM2.5,False,False,False,False,False,-0.6688,-0.8473,-0.7086,0.6432,-0.8847,-0.0308,-0.573,59.17,42.0,5.0,41.25,0.7,1.25,14.0,59.17,Satisfactory,59.17,FULL,False
"Khindipada-Bhandup West, Mumbai - IITM",Mumbai,Maharashtra,19.1653323,72.922099,IITM,23-09-2026,SINGLE_SNAPSHOT_NOT_TIME_SERIES,28.0,52.0,8.0,23.0,34.0,2.0,14.0,7,0,100.0,161.0,23.0,23.0,50.0,PM10,52.0,PM10,False,False,False,False,False,-0.8066,-0.6203,-0.397,0.0498,-0.0539,-0.7236,-0.573,46.67,52.96,10.0,28.75,1.7,0.5,14.0,52.96,Satisfactory,52.96,FULL,False
"Kandivali West, Mumbai - BMC",Mumbai,Maharashtra,19.215859,72.831718,BMC,23-09-2026,SINGLE_SNAPSHOT_NOT_TIME_SERIES,31.0,34.0,1.0,11.0,14.0,2.0,25.0,7,0,100.0,118.0,16.86,14.0,33.0,PM10,34.0,PM2.5,False,False,False,False,False,-0.7475,-1.0289,-0.9422,-0.6624,-0.8847,-0.7236,0.0299,52.63,34.0,1.25,13.75,0.7,0.5,25.0,52.63,Satisfactory,52.63,FULL,False
"Chakala-Andheri East, Mumbai - IITM",Mumbai,Maharashtra,19.11074,72.86084,IITM,23-09-2026,SINGLE_SNAPSHOT_NOT_TIME_SERIES,10.0,54.0,2.0,12.0,36.0,6.0,8.0,7,0,100.0,128.0,18.29,10.0,52.0,PM10,54.0,PM10,False,False,False,False,False,-1.1611,-0.5749,-0.8643,-0.603,0.0292,0.2001,-0.9018,16.67,54.92,2.5,15.0,1.8,1.5,8.0,54.92,Satisfactory,54.92,FULL,False
"Kurla, Mumbai - MPCB",Mumbai,Maharashtra,19.0863,72.8888,MPCB,23-09-2026,SINGLE_SNAPSHOT_NOT_TIME_SERIES,48.0,55.0,29.0,9.0,25.0,2.0,29.0,7,0,100.0,197.0,28.14,29.0,53.0,PM10,55.0,PM2.5,False,False,False,False,False,-0.4128,-0.5522,1.2384,-0.781,-0.4278,-0.7236,0.2491,80.4,55.9,36.25,11.25,1.25,0.5,29.0,80.4,Satisfactory,80.4,FULL,False
"Bandra Kurla Complex, Mumbai - IITM",Mumbai,Maharashtra,19.053536,72.84643,IITM,23-09-2026,SINGLE_SNAPSHOT_NOT_TIME_SERIES,,,,,37.0,,14.0,2,5,28.6,51.0,25.5,37.0,23.0,CO,37.0,OZONE,True,False,True,False,False,,,,,0.0707,,-0.573,,,,,1.85,,14.0,14.0,Good,14.0,PARTIAL_LOW_CONFIDENCE,False
"Byculla, Mumbai - BMC",Mumbai,Maharashtra,18.9767,72.838,BMC,23-09-2026,SINGLE_SNAPSHOT_NOT_TIME_SERIES,33.0,52.0,2.0,21.0,27.0,2.0,8.0,7,0,100.0,145.0,20.71,21.0,50.0,PM10,52.0,PM2.5,False,False,False,False,False,-0.7081,-0.6203,-0.8643,-0.0689,-0.3447,-0.7236,-0.9018,55.9,52.96,2.5,26.25,1.35,0.5,8.0,55.9,Satisfactory,55.9,FULL,False
"Kherwadi_Bandra East, Mumbai - MPCB",Mumbai,Maharashtra,19.0632143,72.8456324,MPCB,23-09-2026,SINGLE_SNAPSHOT_NOT_TIME_SERIES,33.0,43.0,5.0,6.0,22.0,5.0,11.0,7,0,100.0,125.0,17.86,11.0,38.0,PM10,43.0,PM2.5,False,False,False,False,False,-0.7081,-0.8246,-0.6307,-0.9591,-0.5524,-0.0308,-0.7374,55.9,43.0,6.25,7.5,1.1,1.25,11.0,55.9,Satisfactory,55.9,FULL,False
"Borivali East, Mumbai - IITM",Mumbai,Maharashtra,19.23241,72.86895,IITM,23-09-2026,SINGLE_SNAPSHOT_NOT_TIME_SERIES,48.0,57.0,,7.0,41.0,2.0,25.0,6,1,85.7,180.0,30.0,41.0,55.0,PM10,57.0,PM2.5,False,False,True,False,False,-0.4128,-0.5068,,-0.8997,0.2369,-0.7236,0.0299,80.4,57.86,,8.75,2.05,0.5,25.0,80.4,Satisfactory,80.4,PARTIAL_HIGH_CONFIDENCE,False
"Gavalinagar, Pimpri Chinchwad - MPCB",Pimpri-Chinchwad,Maharashtra,18.63673,73.82487,MPCB,23-09-2026,SINGLE_SNAPSHOT_NOT_TIME_SERIES,38.0,41.0,1.0,18.0,14.0,0.0,22.0,7,0,100.0,134.0,19.14,18.0,41.0,PM10,41.0,PM2.5,False,True,False,False,False,-0.6097,-0.87,-0.9422,-0.247,-0.8847,-1.1855,-0.1346,64.07,41.0,1.25,22.5,0.7,0.0,22.0,64.07,Satisfactory,64.07,FULL,False
"Savta Mali Nagar, Pimpri-Chinchwad - IITM",Pimpri-Chinchwad,Maharashtra,18.614767,73.799516,IITM,23-09-2026,SINGLE_SNAPSHOT_NOT_TIME_SERIES,14.0,57.0,,26.0,24.0,,13.0,5,2,71.4,134.0,26.8,24.0,44.0,PM10,57.0,PM10,False,False,True,False,False,-1.0823,-0.5068,,0.2278,-0.4693,,-0.6278,23.33,57.86,,32.5,1.2,,13.0,57.86,Satisfactory,57.86,PARTIAL_HIGH_CONFIDENCE,False
"Transport Nagar-Nigdi, Pune - IITM",Pimpri-Chinchwad,Maharashtra,18.664282,73.763966,IITM,23-09-2026,SINGLE_SNAPSHOT_NOT_TIME_SERIES,64.0,69.0,,30.0,38.0,,15.0,5,2,71.4,216.0,43.2,38.0,54.0,PM10,69.0,PM2.5,False,False,True,False,False,-0.0977,-0.2344,,0.4652,0.1123,,-0.5182,114.2,69.62,,37.5,1.9,,15.0,114.2,Moderate,114.2,PARTIAL_HIGH_CONFIDENCE,False
"Panchawati_Pashan, Pune - IITM",Pune,Maharashtra,18.536457,73.805454,IITM,23-09-2026,SINGLE_SNAPSHOT_NOT_TIME_SERIES,52.0,62.0,,8.0,25.0,,20.0,5,2,71.4,167.0,33.4,25.0,54.0,PM10,62.0,PM2.5,False,False,True,False,False,-0.334,-0.3933,,-0.8404,-0.4278,,-0.2442,86.93,62.76,,10.0,1.25,,20.0,86.93,Satisfactory,86.93,PARTIAL_HIGH_CONFIDENCE,False
"Savitribai Phule Pune University, Pune - MPCB",Pune,Maharashtra,18.547056,73.826908,MPCB,23-09-2026,SINGLE_SNAPSHOT_NOT_TIME_SERIES,32.0,55.0,4.0,14.0,35.0,2.0,19.0,7,0,100.0,161.0,23.0,19.0,53.0,PM10,55.0,PM10,False,False,False,False,False,-0.7278,-0.5522,-0.7086,-0.4843,-0.0124,-0.7236,-0.299,54.27,55.9,5.0,17.5,1.75,0.5,19.0,55.9,Satisfactory,55.9,FULL,False
"Hadapsar, Pune - IITM",Pune,Maharashtra,18.501793,73.927532,IITM,23-09-2026,SINGLE_SNAPSHOT_NOT_TIME_SERIES,61.0,72.0,,24.0,62.0,,14.0,5,2,71.4,233.0,46.6,61.0,58.0,PM10,72.0,PM2.5,False,False,True,False,False,-0.1568,-0.1663,,0.1091,1.1093,,-0.573,104.3,72.56,,30.0,3.1,,14.0,104.3,Moderate,104.3,PARTIAL_HIGH_CONFIDENCE,False
"Katraj Dairy, Pune - MPCB",Pune,Maharashtra,18.45445,73.854155,MPCB,23-09-2026,SINGLE_SNAPSHOT_NOT_TIME_SERIES,17.0,30.0,3.0,14.0,33.0,1.0,10.0,7,0,100.0,108.0,15.43,14.0,32.0,CO,33.0,PM10,False,False,False,False,False,-1.0232,-1.1197,-0.7865,-0.4843,-0.0954,-0.9545,-0.7922,28.33,30.0,3.75,17.5,1.65,0.25,10.0,30.0,Good,30.0,FULL,False
"Revenue Colony-Shivajinagar, Pune - IITM",Pune,Maharashtra,18.530085,73.849598,IITM,23-09-2026,SINGLE_SNAPSHOT_NOT_TIME_SERIES,59.0,80.0,10.0,32.0,91.0,,23.0,6,1,85.7,295.0,49.17,59.0,81.0,CO,91.0,PM2.5,False,False,True,False,False,-0.1962,0.0153,-0.2413,0.5838,2.314,,-0.0798,98.37,80.4,12.5,40.0,4.55,,23.0,98.37,Satisfactory,98.37,PARTIAL_HIGH_CONFIDENCE,False
"Plammoodu, Thiruvananthapuram - Kerala PCB",Thiruvananthapuram,Kerala,8.5149093,76.9435879,Kerala PCB,23-09-2026,SINGLE_SNAPSHOT_NOT_TIME_SERIES,19.0,29.0,15.0,4.0,14.0,1.0,17.0,7,0,100.0,99.0,14.14,15.0,28.0,PM10,29.0,PM2.5,False,False,False,False,False,-0.9838,-1.1424,0.1481,-1.0777,-0.8847,-0.9545,-0.4086,31.67,29.0,18.75,5.0,0.7,0.25,17.0,31.67,Good,31.67,FULL,False
"Kariavattom, Thiruvananthapuram - Kerala PCB",Thiruvananthapuram,Kerala,8.5637,76.8865,Kerala PCB,23-09-2026,SINGLE_SNAPSHOT_NOT_TIME_SERIES,55.0,83.0,4.0,6.0,21.0,0.0,30.0,7,0,100.0,199.0,28.43,21.0,83.0,PM10,83.0,PM2.5,False,True,False,False,False,-0.2749,0.0834,-0.7086,-0.9591,-0.5939,-1.1855,0.3039,91.83,83.34,5.0,7.5,1.05,0.0,30.0,91.83,Satisfactory,91.83,FULL,False
"Corporation Ground, Thrissur - Kerala PCB",Thrissur,Kerala,10.5324,76.2159,Kerala PCB,23-09-2026,SINGLE_SNAPSHOT_NOT_TIME_SERIES,52.0,50.0,0.0,9.0,12.0,0.0,30.0,7,0,100.0,153.0,21.86,12.0,52.0,PM2.5,52.0,PM2.5,False,False,False,False,False,-0.334,-0.6657,-1.0201,-0.781,-0.9678,-1.1855,0.3039,86.93,50.0,0.0,11.25,0.6,0.0,30.0,86.93,Satisfactory,86.93,FULL,False
"Skara Yokma, Leh - LPCC",Leh,Ladakh,34.147096,77.55709,LPCC,23-09-2026,SINGLE_SNAPSHOT_NOT_TIME_SERIES,18.0,23.0,10.0,,196.0,,108.0,5,2,71.4,355.0,71.0,23.0,186.0,CO,196.0,OZONE,False,False,True,False,False,-1.0035,-1.2786,-0.2413,,6.6759,,4.5785,30.0,23.0,12.5,,9.8,,112.65,112.65,Moderate,112.65,PARTIAL_HIGH_CONFIDENCE,True
"Idgah Hills, Bhopal - MPPCB",Bhopal,Madhya Pradesh,23.264759,77.381568,MPPCB,23-09-2026,SINGLE_SNAPSHOT_NOT_TIME_SERIES,56.0,79.0,5.0,9.0,22.0,4.0,37.0,7,0,100.0,212.0,30.29,22.0,75.0,PM10,79.0,PM2.5,False,False,False,False,False,-0.2552,-0.0074,-0.6307,-0.781,-0.5524,-0.2618,0.6875,93.47,79.42,6.25,11.25,1.1,1.0,37.0,93.47,Satisfactory,93.47,FULL,False
"T T Nagar, Bhopal - MPPCB",Bhopal,Madhya Pradesh,23.233584,77.400574,MPPCB,23-09-2026,SINGLE_SNAPSHOT_NOT_TIME_SERIES,62.0,89.0,25.0,23.0,6.0,6.0,32.0,7,0,100.0,243.0,34.71,25.0,83.0,PM10,89.0,PM2.5,False,False,False,False,False,-0.1371,0.2196,0.9269,0.0498,-1.2171,0.2001,0.4135,107.6,89.22,31.25,28.75,0.3,1.5,32.0,107.6,Moderate,107.6,FULL,False
"Paryavaran Parisar, Bhopal - MPPCB",Bhopal,Madhya Pradesh,23.210494,77.425409,MPPCB,23-09-2026,SINGLE_SNAPSHOT_NOT_TIME_SERIES,65.0,80.0,6.0,21.0,17.0,2.0,31.0,7,0,100.0,222.0,31.71,21.0,78.0,PM10,80.0,PM2.5,False,False,False,False,False,-0.078,0.0153,-0.5528,-0.0689,-0.7601,-0.7236,0.3587,117.5,80.4,7.5,26.25,0.85,0.5,31.0,117.5,Moderate,117.5,FULL,False
"Bhopal Chauraha, Dewas - MPPCB",Dewas,Madhya Pradesh,22.9682591,76.064118,MPPCB,23-09-2026,SINGLE_SNAPSHOT_NOT_TIME_SERIES,67.0,92.0,35.0,68.0,29.0,2.0,44.0,7,0,100.0,337.0,48.14,44.0,90.0,PM10,92.0,PM2.5,False,False,False,False,False,-0.0386,0.2877,1.7057,2.7202,-0.2616,-0.7236,1.0711,124.1,92.16,43.75,85.3,1.45,0.5,44.0,124.1,Moderate,124.1,FULL,False
"Maharaj Bada, Gwalior - MPPCB",Gwalior,Madhya Pradesh,26.200388,78.147714,MPPCB,23-09-2026,SINGLE_SNAPSHOT_NOT_TIME_SERIES,136.0,103.0,16.0,39.0,35.0,6.0,48.0,7,0,100.0,383.0,54.71,39.0,130.0,PM2.5,136.0,PM2.5,False,False,False,False,False,1.3201,0.5375,0.226,0.9992,-0.0124,0.2001,1.2903,313.18,102.98,20.0,48.75,1.75,1.5,48.0,313.18,Very Poor,313.18,FULL,False
"City Center, Gwalior - MPPCB",Gwalior,Madhya Pradesh,26.203442,78.193251,MPPCB,23-09-2026,SINGLE_SNAPSHOT_NOT_TIME_SERIES,74.0,69.0,18.0,56.0,49.0,2.0,27.0,7,0,100.0,295.0,42.14,49.0,72.0,PM2.5,74.0,PM2.5,False,False,False,False,False,0.0992,-0.2344,0.3818,2.008,0.5692,-0.7236,0.1395,147.2,69.62,22.5,70.6,2.45,0.5,27.0,147.2,Moderate,147.2,FULL,False
"Katrap, Badlapur - MPCB",Badlapur,Maharashtra,19.16485,73.23409,MPCB,23-09-2026,SINGLE_SNAPSHOT_NOT_TIME_SERIES,36.0,43.0,7.0,10.0,53.0,14.0,8.0,7,0,100.0,171.0,24.43,14.0,46.0,CO,53.0,PM2.5,False,False,False,False,False,-0.6491,-0.8246,-0.4749,-0.7217,0.7354,2.0475,-0.9018,60.8,43.0,8.75,12.5,2.65,3.5,8.0,60.8,Satisfactory,60.8,FULL,False
"CBD Belapur, Belapur - MPCB",Belapur,Maharashtra,19.0243902,73.0406721,MPCB,23-09-2026,SINGLE_SNAPSHOT_NOT_TIME_SERIES,43.0,63.0,5.0,31.0,38.0,2.0,13.0,7,0,100.0,195.0,27.86,31.0,61.0,PM10,63.0,PM2.5,False,False,False,False,False,-0.5112,-0.3706,-0.6307,0.5245,0.1123,-0.7236,-0.6278,72.23,63.74,6.25,38.75,1.9,0.5,13.0,72.23,Satisfactory,72.23,FULL,False
"Gokul Nagar, Bhiwandi - MPCB",Bhiwandi,Maharashtra,19.309073,73.057223,MPCB,23-09-2026,SINGLE_SNAPSHOT_NOT_TIME_SERIES,44.0,71.0,3.0,7.0,26.0,40.0,27.0,7,0,100.0,218.0,31.14,27.0,68.0,PM10,71.0,PM2.5,False,False,False,False,False,-0.4915,-0.189,-0.7865,-0.8997,-0.3862,8.0517,0.1395,73.87,71.58,3.75,8.75,1.3,10.0,27.0,73.87,Satisfactory,73.87,FULL,False
"Khaira, Boisar - MPCB",Boisar,Maharashtra,19.786089,72.757971,MPCB,23-09-2026,SINGLE_SNAPSHOT_NOT_TIME_SERIES,41.0,56.0,10.0,13.0,24.0,5.0,30.0,7,0,100.0,179.0,25.57,24.0,51.0,PM10,56.0,PM2.5,False,False,False,False,False,-0.5506,-0.5295,-0.2413,-0.5437,-0.4693,-0.0308,0.3039,68.97,56.88,12.5,16.25,1.2,1.25,30.0,68.97,Satisfactory,68.97,FULL,False
"Ashta Vinayak Nagar, Hingoli - MPCB",Hingoli,Maharashtra,19.710842,77.151824,MPCB,23-09-2026,SINGLE_SNAPSHOT_NOT_TIME_SERIES,55.0,79.0,5.0,11.0,18.0,3.0,37.0,7,0,100.0,208.0,29.71,18.0,76.0,PM10,79.0,PM2.5,False,False,False,False,False,-0.2749,-0.0074,-0.6307,-0.6624,-0.7186,-0.4927,0.6875,91.83,79.42,6.25,13.75,0.9,0.75,37.0,91.83,Satisfactory,91.83,FULL,False
"Prabhat Colony, Jalgaon - MPCB",Jalgaon,Maharashtra,21.001264,75.565602,MPCB,23-09-2026,SINGLE_SNAPSHOT_NOT_TIME_SERIES,62.0,78.0,2.0,6.0,20.0,3.0,23.0,7,0,100.0,194.0,27.71,20.0,76.0,PM10,78.0,PM2.5,False,False,False,False,False,-0.1371,-0.0301,-0.8643,-0.9591,-0.6355,-0.4927,-0.0798,107.6,78.44,2.5,7.5,1.0,0.75,23.0,107.6,Moderate,107.6,FULL,False
"Old MIDC, Jalna - MPCB",Jalna,Maharashtra,19.854616,75.905894,MPCB,23-09-2026,SINGLE_SNAPSHOT_NOT_TIME_SERIES,151.0,92.0,0.0,19.0,17.0,4.0,40.0,7,0,100.0,323.0,46.14,19.0,151.0,PM2.5,151.0,PM2.5,False,True,False,False,False,1.6155,0.2877,-1.0201,-0.1876,-0.7601,-0.2618,0.8519,324.61,92.16,0.0,23.75,0.85,1.0,40.0,324.61,Very Poor,324.61,FULL,False
"Pimpleshwar Mandir, Kalyan - MPCB",Kalyan,Maharashtra,19.192056,72.9585188,MPCB,23-09-2026,SINGLE_SNAPSHOT_NOT_TIME_SERIES,,51.0,12.0,14.0,40.0,1.0,32.0,6,1,85.7,150.0,25.0,32.0,50.0,PM10,51.0,PM10,False,False,True,False,False,,-0.643,-0.0855,-0.4843,0.1954,-0.9545,0.4135,,51.98,15.0,17.5,2.0,0.25,32.0,51.98,Satisfactory,51.98,PARTIAL_HIGH_CONFIDENCE,False
"Khadakpada, Kalyan - MPCB",Kalyan,Maharashtra,19.25292,73.142019,MPCB,23-09-2026,SINGLE_SNAPSHOT_NOT_TIME_SERIES,56.0,56.0,,37.0,,1.0,8.0,5,2,71.4,158.0,31.6,37.0,55.0,PM2.5,56.0,PM2.5,False,False,True,False,False,-0.2552,-0.5295,,0.8805,,-0.9545,-0.9018,93.47,56.88,,46.25,,0.25,8.0,93.47,Satisfactory,93.47,PARTIAL_HIGH_CONFIDENCE,False
"Shivaji University, Kolhapur - MPCB",Kolhapur,Maharashtra,16.6870449,74.2505872,MPCB,23-09-2026,SINGLE_SNAPSHOT_NOT_TIME_SERIES,18.0,41.0,0.0,,14.0,3.0,15.0,6,1,85.7,91.0,15.17,15.0,41.0,PM10,41.0,PM10,False,False,True,False,False,-1.0035,-0.87,-1.0201,,-0.8847,-0.4927,-0.5182,30.0,41.0,0.0,,0.7,0.75,15.0,41.0,Good,41.0,PARTIAL_HIGH_CONFIDENCE,False
"Sawe Wadi, Latur - MPCB",Latur,Maharashtra,18.39963,76.57452,MPCB,23-09-2026,SINGLE_SNAPSHOT_NOT_TIME_SERIES,,51.0,4.0,8.0,15.0,3.0,17.0,6,1,85.7,98.0,16.33,15.0,48.0,PM10,51.0,PM10,False,False,True,False,False,,-0.643,-0.7086,-0.8404,-0.8432,-0.4927,-0.4086,,51.98,5.0,10.0,0.75,0.75,17.0,51.98,Satisfactory,51.98,PARTIAL_HIGH_CONFIDENCE,False
"Kamble Tarf Birwadi, Mahad - MPCB",Mahad,Maharashtra,18.1023399,73.4783687,MPCB,23-09-2026,SINGLE_SNAPSHOT_NOT_TIME_SERIES,38.0,48.0,5.0,13.0,16.0,5.0,13.0,7,0,100.0,138.0,19.71,13.0,43.0,PM10,48.0,PM2.5,False,False,False,False,False,-0.6097,-0.7111,-0.6307,-0.5437,-0.8016,-0.0308,-0.6278,64.07,48.0,6.25,16.25,0.8,1.25,13.0,64.07,Satisfactory,64.07,FULL,False
"Mahesh Nagar, Malegaon - MPCB",Malegaon,Maharashtra,20.555712,74.529236,MPCB,23-09-2026,SINGLE_SNAPSHOT_NOT_TIME_SERIES,86.0,102.0,4.0,17.0,15.0,1.0,15.0,7,0,100.0,240.0,34.29,15.0,101.0,PM10,102.0,PM2.5,False,False,False,False,False,0.3355,0.5147,-0.7086,-0.3063,-0.8432,-0.9545,-0.5182,186.8,102.32,5.0,21.25,0.75,0.25,15.0,186.8,Moderate,186.8,FULL,False
"Bhayandar West, Mira-Bhayandar - MPCB",Mira-Bhayandar,Maharashtra,19.296481,72.840923,MPCB,23-09-2026,SINGLE_SNAPSHOT_NOT_TIME_SERIES,39.0,33.0,2.0,13.0,22.0,3.0,7.0,7,0,100.0,119.0,17.0,13.0,37.0,PM2.5,39.0,PM2.5,False,False,False,False,False,-0.59,-1.0516,-0.8643,-0.5437,-0.5524,-0.4927,-0.9566,65.7,33.0,2.5,16.25,1.1,0.75,7.0,65.7,Satisfactory,65.7,FULL,False
"Chhatrapati Shivaji Intl. Airport (T2), Mumbai - MPCB",Mumbai,Maharashtra,19.10078,72.87462,MPCB,23-09-2026,SINGLE_SNAPSHOT_NOT_TIME_SERIES,27.0,31.0,8.0,13.0,,1.0,,5,2,71.4,80.0,16.0,13.0,30.0,PM10,31.0,PM2.5,False,False,True,False,False,-0.8263,-1.097,-0.397,-0.5437,,-0.9545,,45.0,31.0,10.0,16.25,,0.25,,45.0,Good,45.0,PARTIAL_HIGH_CONFIDENCE,False
"Navy Nagar-Colaba, Mumbai - IITM",Mumbai,Maharashtra,18.897756,72.81332,IITM,23-09-2026,SINGLE_SNAPSHOT_NOT_TIME_SERIES,36.0,41.0,9.0,41.0,28.0,2.0,23.0,7,0,100.0,180.0,25.71,28.0,39.0,PM10,41.0,PM2.5,False,False,False,False,False,-0.6491,-0.87,-0.3192,1.1179,-0.3031,-0.7236,-0.0798,60.8,41.0,11.25,52.23,1.4,0.5,23.0,60.8,Satisfactory,60.8,FULL,False
"Mulund West, Mumbai - MPCB",Mumbai,Maharashtra,19.175,72.9419,MPCB,23-09-2026,SINGLE_SNAPSHOT_NOT_TIME_SERIES,46.0,,,13.0,10.0,5.0,,4,3,57.1,74.0,18.5,13.0,41.0,PM2.5,46.0,PM2.5,True,False,True,False,False,-0.4522,,,-0.5437,-1.0509,-0.0308,,77.13,,,16.25,0.5,1.25,,77.13,Satisfactory,77.13,PARTIAL_HIGH_CONFIDENCE,False
"Sector-2 Industrial Area, Pithampur - MPPCB",Pithampur,Madhya Pradesh,22.624758,75.675238,MPPCB,23-09-2026,SINGLE_SNAPSHOT_NOT_TIME_SERIES,198.0,188.0,86.0,19.0,29.0,11.0,69.0,7,0,100.0,600.0,85.71,69.0,187.0,PM2.5,198.0,PM2.5,False,False,False,False,False,2.541,2.467,5.6776,-0.1876,-0.2616,1.3548,2.4412,360.4,159.08,102.98,23.75,1.45,2.75,69.62,360.4,Very Poor,360.4,FULL,False
"Shasthri Nagar, Ratlam - IPCA Lab",Ratlam,Madhya Pradesh,23.331731,75.045981,IPCA Lab,23-09-2026,SINGLE_SNAPSHOT_NOT_TIME_SERIES,55.0,56.0,12.0,38.0,,,,4,3,57.1,161.0,40.25,55.0,44.0,PM10,56.0,PM2.5,True,False,True,False,False,-0.2749,-0.5295,-0.0855,0.9399,,,,91.83,56.88,15.0,47.5,,,,91.83,Satisfactory,91.83,PARTIAL_HIGH_CONFIDENCE,False
"Mahashweta Nagar, Ujjain - MPPCB",Ujjain,Madhya Pradesh,23.1633321,75.800225,MPPCB,23-09-2026,SINGLE_SNAPSHOT_NOT_TIME_SERIES,85.0,65.0,5.0,24.0,34.0,8.0,80.0,7,0,100.0,301.0,43.0,34.0,80.0,PM2.5,85.0,PM2.5,False,False,False,False,False,0.3158,-0.3252,-0.6307,0.1091,-0.0539,0.662,3.044,183.5,65.7,6.25,30.0,1.7,2.0,80.4,183.5,Moderate,183.5,FULL,False
"Tarakpur, Ahmednagar - MPCB",Ahmednagar,Maharashtra,19.10122,74.73339,MPCB,23-09-2026,SINGLE_SNAPSHOT_NOT_TIME_SERIES,63.0,53.0,,,26.0,1.0,41.0,5,2,71.4,184.0,36.8,41.0,62.0,PM2.5,63.0,PM2.5,False,False,True,False,False,-0.1174,-0.5976,,,-0.3862,-0.9545,0.9067,110.9,53.94,,,1.3,0.25,41.0,110.9,Moderate,110.9,PARTIAL_HIGH_CONFIDENCE,False
"Chinchpada, Ambernath - MPCB",Ambernath,Maharashtra,19.215784,73.199781,MPCB,23-09-2026,SINGLE_SNAPSHOT_NOT_TIME_SERIES,40.0,75.0,24.0,23.0,10.0,2.0,14.0,7,0,100.0,188.0,26.86,23.0,73.0,PM10,75.0,PM10,False,False,False,False,False,-0.5703,-0.0982,0.849,0.0498,-1.0509,-0.7236,-0.573,67.33,75.5,30.0,28.75,0.5,0.5,14.0,75.5,Satisfactory,75.5,FULL,False
"Shri Shivaji Science College, Amravati - MPCB",Amravati,Maharashtra,20.939198,77.765701,MPCB,23-09-2026,SINGLE_SNAPSHOT_NOT_TIME_SERIES,37.0,54.0,8.0,10.0,29.0,1.0,27.0,7,0,100.0,166.0,23.71,27.0,53.0,PM10,54.0,PM2.5,False,False,False,False,False,-0.6294,-0.5749,-0.397,-0.7217,-0.2616,-0.9545,0.1395,62.43,54.92,10.0,12.5,1.45,0.25,27.0,62.43,Satisfactory,62.43,FULL,False
"More Chowk Waluj, Aurangabad - MPCB",Aurangabad,Maharashtra,19.8389439,75.244448,MPCB,23-09-2026,SINGLE_SNAPSHOT_NOT_TIME_SERIES,35.0,37.0,3.0,10.0,66.0,7.0,33.0,7,0,100.0,191.0,27.29,33.0,63.0,CO,66.0,PM2.5,False,False,False,False,False,-0.6688,-0.9608,-0.7865,-0.7217,1.2754,0.431,0.4683,59.17,37.0,3.75,12.5,3.3,1.75,33.0,59.17,Satisfactory,59.17,FULL,False
"Gangapur Road, Nashik - MPCB",Nashik,Maharashtra,20.0073285,73.7762427,MPCB,23-09-2026,SINGLE_SNAPSHOT_NOT_TIME_SERIES,38.0,41.0,4.0,5.0,2.0,3.0,37.0,7,0,100.0,130.0,18.57,5.0,39.0,PM10,41.0,PM2.5,False,False,False,False,False,-0.6097,-0.87,-0.7086,-1.0184,-1.3832,-0.4927,0.6875,64.07,41.0,5.0,6.25,0.1,0.75,37.0,64.07,Satisfactory,64.07,FULL,False
"Hirawadi, Nashik - MPCB",Nashik,Maharashtra,20.021503,73.813844,MPCB,23-09-2026,SINGLE_SNAPSHOT_NOT_TIME_SERIES,39.0,54.0,1.0,1.0,16.0,2.0,28.0,7,0,100.0,141.0,20.14,16.0,53.0,PM10,54.0,PM2.5,False,False,False,False,False,-0.59,-0.5749,-0.9422,-1.2558,-0.8016,-0.7236,0.1943,65.7,54.92,1.25,1.25,0.8,0.5,28.0,65.7,Satisfactory,65.7,FULL,False
"Kopripada-Vashi, Navi Mumbai - MPCB",Navi Mumbai,Maharashtra,19.090337,73.014232,MPCB,23-09-2026,SINGLE_SNAPSHOT_NOT_TIME_SERIES,93.0,86.0,3.0,20.0,46.0,2.0,12.0,7,0,100.0,262.0,37.43,20.0,91.0,PM2.5,93.0,PM2.5,False,False,False,False,False,0.4733,0.1515,-0.7865,-0.1283,0.4446,-0.7236,-0.6826,210.9,86.28,3.75,25.0,2.3,0.5,12.0,210.9,Poor,210.9,FULL,False
"Nerul, Navi Mumbai - MPCB",Navi Mumbai,Maharashtra,19.008751,73.01662,MPCB,23-09-2026,SINGLE_SNAPSHOT_NOT_TIME_SERIES,38.0,,,3.0,,0.0,,3,4,42.9,41.0,13.67,3.0,38.0,PM2.5,38.0,PM2.5,True,False,True,False,False,-0.6097,,,-1.1371,,-1.1855,,64.07,,,3.75,,0.0,,64.07,Satisfactory,64.07,PARTIAL_LOW_CONFIDENCE,False
"Sector-2E Kalamboli, Navi Mumbai - MPCB",Navi Mumbai,Maharashtra,19.02579,73.10297,MPCB,23-09-2026,SINGLE_SNAPSHOT_NOT_TIME_SERIES,42.0,48.0,6.0,9.0,15.0,9.0,14.0,7,0,100.0,143.0,20.43,14.0,42.0,PM10,48.0,PM2.5,False,False,False,False,False,-0.5309,-0.7111,-0.5528,-0.781,-0.8432,0.8929,-0.573,70.6,48.0,7.5,11.25,0.75,2.25,14.0,70.6,Satisfactory,70.6,FULL,False
"Sanpada, Navi Mumbai - MPCB",Navi Mumbai,Maharashtra,19.0575752,73.0151367,MPCB,23-09-2026,SINGLE_SNAPSHOT_NOT_TIME_SERIES,,66.0,17.0,17.0,29.0,6.0,10.0,6,1,85.7,145.0,24.17,17.0,60.0,PM10,66.0,PM10,False,False,True,False,False,,-0.3025,0.3039,-0.3063,-0.2616,0.2001,-0.7922,,66.68,21.25,21.25,1.45,1.5,10.0,66.68,Satisfactory,66.68,PARTIAL_HIGH_CONFIDENCE,False
"Mahape, Navi Mumbai - MPCB",Navi Mumbai,Maharashtra,19.1135051,73.008978,MPCB,23-09-2026,SINGLE_SNAPSHOT_NOT_TIME_SERIES,27.0,71.0,12.0,43.0,,1.0,9.0,6,1,85.7,163.0,27.17,27.0,70.0,PM10,71.0,PM10,False,False,True,False,False,-0.8263,-0.189,-0.0855,1.2366,,-0.9545,-0.847,45.0,71.58,15.0,54.67,,0.25,9.0,71.58,Satisfactory,71.58,PARTIAL_HIGH_CONFIDENCE,False
"Masoom Colony, Parbhani - MPCB",Parbhani,Maharashtra,19.265594,76.761463,MPCB,23-09-2026,SINGLE_SNAPSHOT_NOT_TIME_SERIES,78.0,106.0,2.0,6.0,11.0,3.0,7.0,7,0,100.0,213.0,30.43,7.0,104.0,PM10,106.0,PM2.5,False,False,False,False,False,0.178,0.6056,-0.8643,-0.9591,-1.0093,-0.4927,-0.9566,160.4,104.96,2.5,7.5,0.55,0.75,7.0,160.4,Moderate,160.4,FULL,False
"Dhoinda, Rajsamand - RSPCB",Rajsamand,Rajasthan,25.03636,73.883502,RSPCB,23-09-2026,SINGLE_SNAPSHOT_NOT_TIME_SERIES,56.0,83.0,,,34.0,19.0,44.0,5,2,71.4,236.0,47.2,44.0,64.0,PM10,83.0,PM2.5,False,False,True,False,False,-0.2552,0.0834,,,-0.0539,3.2022,1.0711,93.47,83.34,,,1.7,4.75,44.0,93.47,Satisfactory,93.47,PARTIAL_HIGH_CONFIDENCE,False
"Sahu Nagar, Sawai Madhopur - RSPCB",Sawai Madhopur,Rajasthan,26.031443,76.359327,RSPCB,23-09-2026,SINGLE_SNAPSHOT_NOT_TIME_SERIES,74.0,118.0,5.0,18.0,35.0,5.0,48.0,7,0,100.0,303.0,43.29,35.0,113.0,PM10,118.0,PM2.5,False,False,False,False,False,0.0992,0.878,-0.6307,-0.247,-0.0124,-0.0308,1.2903,147.2,112.88,6.25,22.5,1.75,1.25,48.0,147.2,Moderate,147.2,FULL,False
"Radhakishan Pura, Sikar - RSPCB",Sikar,Rajasthan,27.608912,75.153302,RSPCB,23-09-2026,SINGLE_SNAPSHOT_NOT_TIME_SERIES,66.0,115.0,3.0,20.0,28.0,16.0,49.0,7,0,100.0,297.0,42.43,28.0,112.0,PM10,115.0,PM2.5,False,False,False,False,False,-0.0583,0.8099,-0.7865,-0.1283,-0.3031,2.5094,1.3451,120.8,110.9,3.75,25.0,1.4,4.0,49.0,120.8,Moderate,120.8,FULL,False
"Vedhaynath Colony, Sirohi - RSPCB",Sirohi,Rajasthan,24.885261,72.857549,RSPCB,23-09-2026,SINGLE_SNAPSHOT_NOT_TIME_SERIES,34.0,66.0,5.0,12.0,15.0,3.0,61.0,7,0,100.0,196.0,28.0,15.0,63.0,PM10,66.0,PM10,False,False,False,False,False,-0.6885,-0.3025,-0.6307,-0.603,-0.8432,-0.4927,2.0028,57.53,66.68,6.25,15.0,0.75,0.75,61.78,66.68,Satisfactory,66.68,FULL,False
"Old City, Sri Ganganagar - RSPCB",Sri Ganganagar,Rajasthan,29.931624,73.864511,RSPCB,23-09-2026,SINGLE_SNAPSHOT_NOT_TIME_SERIES,109.0,179.0,10.0,47.0,53.0,14.0,37.0,7,0,100.0,449.0,64.14,47.0,169.0,PM10,179.0,PM2.5,False,False,False,False,False,0.7884,2.2627,-0.2413,1.474,0.7354,2.0475,0.6875,263.7,153.14,12.5,59.58,2.65,3.5,37.0,263.7,Poor,263.7,FULL,False
"Shastri Nagar, Tonk - RSPCB",Tonk,Rajasthan,26.159933,75.780517,RSPCB,23-09-2026,SINGLE_SNAPSHOT_NOT_TIME_SERIES,77.0,126.0,2.0,16.0,31.0,,66.0,6,1,85.7,318.0,53.0,66.0,124.0,PM10,126.0,PM2.5,False,False,True,False,False,0.1583,1.0596,-0.8643,-0.3656,-0.1785,,2.2768,157.1,118.16,2.5,20.0,1.55,,66.68,157.1,Moderate,157.1,PARTIAL_HIGH_CONFIDENCE,False
"Ashok Nagar, Udaipur - RSPCB",Udaipur,Rajasthan,24.5886166,73.6321397,RSPCB,23-09-2026,SINGLE_SNAPSHOT_NOT_TIME_SERIES,92.0,119.0,28.0,16.0,13.0,4.0,17.0,7,0,100.0,289.0,41.29,17.0,115.0,PM10,119.0,PM2.5,False,False,False,False,False,0.4537,0.9007,1.1606,-0.3656,-0.9263,-0.2618,-0.4086,207.6,113.54,35.0,20.0,0.65,1.0,17.0,207.6,Poor,207.6,FULL,False
"Zero Point GICI, Gangtok - SSPCB",Gangtok,Sikkim,27.33853,88.614099,SSPCB,23-09-2026,SINGLE_SNAPSHOT_NOT_TIME_SERIES,,,1.0,8.0,5.0,1.0,1.0,5,2,71.4,16.0,3.2,1.0,7.0,NO2,8.0,NO2,False,False,True,False,False,,,-0.9422,-0.8404,-1.2586,-0.9545,-1.2854,,,1.25,10.0,0.25,0.25,1.0,10.0,Good,10.0,PARTIAL_HIGH_CONFIDENCE,False
"Manali, Chennai - CPCB",Chennai,Tamil Nadu,13.164544,80.26285,CPCB,23-09-2026,SINGLE_SNAPSHOT_NOT_TIME_SERIES,80.0,90.0,18.0,10.0,25.0,6.0,11.0,7,0,100.0,240.0,34.29,18.0,84.0,PM10,90.0,PM2.5,False,False,False,False,False,0.2174,0.2423,0.3818,-0.7217,-0.4278,0.2001,-0.7374,167.0,90.2,22.5,12.5,1.25,1.5,11.0,167.0,Moderate,167.0,FULL,False
"Velachery Res. Area, Chennai - CPCB",Chennai,Tamil Nadu,13.0052189,80.2398125,CPCB,23-09-2026,SINGLE_SNAPSHOT_NOT_TIME_SERIES,32.0,101.0,6.0,,,,9.0,4,3,57.1,148.0,37.0,32.0,95.0,PM10,101.0,PM10,True,False,True,False,False,-0.7278,0.492,-0.5528,,,,-0.847,54.27,101.66,7.5,,,,9.0,101.66,Moderate,101.66,PARTIAL_HIGH_CONFIDENCE,False
"Uchapatti, Madurai - TNPCB",Madurai,Tamil Nadu,9.865935,78.022669,TNPCB,23-09-2026,SINGLE_SNAPSHOT_NOT_TIME_SERIES,,,,,10.0,,6.0,2,5,28.6,16.0,8.0,10.0,4.0,CO,10.0,OZONE,True,False,True,False,False,,,,,-1.0509,,-1.0114,,,,,0.5,,6.0,6.0,Good,6.0,PARTIAL_LOW_CONFIDENCE,False
"Kompally Municipal Office, Hyderabad - TSPCB",Hyderabad,Telangana,17.544899,78.486949,TSPCB,23-09-2026,SINGLE_SNAPSHOT_NOT_TIME_SERIES,32.0,73.0,8.0,15.0,16.0,2.0,12.0,7,0,100.0,158.0,22.57,15.0,71.0,PM10,73.0,PM10,False,False,False,False,False,-0.7278,-0.1436,-0.397,-0.425,-0.8016,-0.7236,-0.6826,54.27,73.54,10.0,18.75,0.8,0.5,12.0,73.54,Satisfactory,73.54,FULL,False
"15th Mile-Nongthymmai, Byrnihat -Meghalaya PCB",Byrnihat,Meghalaya,26.079047,91.875185,,23-09-2026,SINGLE_SNAPSHOT_NOT_TIME_SERIES,74.0,146.0,,2.0,,0.0,,4,3,57.1,222.0,55.5,74.0,146.0,PM10,146.0,PM2.5,True,False,True,False,False,0.0992,1.5136,,-1.1964,,-1.1855,,147.2,131.36,,2.5,,0.0,,147.2,Moderate,147.2,PARTIAL_HIGH_CONFIDENCE,False
"Lumpyngngad, Shillong - Meghalaya PCB",Shillong,Meghalaya,25.5586,91.8985,Meghalaya PCB,23-09-2026,SINGLE_SNAPSHOT_NOT_TIME_SERIES,,,13.0,0.0,13.0,0.0,15.0,5,2,71.4,41.0,8.2,13.0,15.0,OZONE,15.0,SO2,False,False,True,False,False,,,-0.0076,-1.3151,-0.9263,-1.1855,-0.5182,,,16.25,0.0,0.65,0.0,15.0,16.25,Good,16.25,PARTIAL_HIGH_CONFIDENCE,False
"Hakimapada, Angul - OSPCB",Angul,Odisha,20.832874,85.104082,OSPCB,23-09-2026,SINGLE_SNAPSHOT_NOT_TIME_SERIES,25.0,43.0,29.0,31.0,57.0,5.0,16.0,7,0,100.0,206.0,29.43,29.0,52.0,CO,57.0,PM10,False,False,False,False,False,-0.8657,-0.8246,1.2384,0.5245,0.9016,-0.0308,-0.4634,41.67,43.0,36.25,38.75,2.85,1.25,16.0,43.0,Good,43.0,FULL,False
"Kalidaspur, Balasore - OSPCB",Balasore,Odisha,21.51161,86.89088,OSPCB,23-09-2026,SINGLE_SNAPSHOT_NOT_TIME_SERIES,9.0,16.0,9.0,8.0,46.0,3.0,37.0,7,0,100.0,128.0,18.29,9.0,43.0,CO,46.0,OZONE,False,False,False,False,False,-1.1807,-1.4375,-0.3192,-0.8404,0.4446,-0.4927,0.6875,15.0,16.0,11.25,10.0,2.3,0.75,37.0,37.0,Good,37.0,FULL,False
"Forest Office, Barbil - OSPCB",Barbil,Odisha,22.1166054,85.3945546,OSPCB,23-09-2026,SINGLE_SNAPSHOT_NOT_TIME_SERIES,7.0,22.0,14.0,10.0,19.0,2.0,24.0,7,0,100.0,98.0,14.0,14.0,22.0,OZONE,24.0,OZONE,False,False,False,False,False,-1.2201,-1.3013,0.0702,-0.7217,-0.677,-0.7236,-0.025,11.67,22.0,17.5,12.5,0.95,0.5,24.0,24.0,Good,24.0,FULL,False
"Lingraj Mandir, Bhubaneswar - OSPCB",Bhubaneswar,Odisha,20.24079,85.836784,OSPCB,23-09-2026,SINGLE_SNAPSHOT_NOT_TIME_SERIES,10.0,14.0,12.0,10.0,19.0,4.0,44.0,7,0,100.0,113.0,16.14,12.0,40.0,OZONE,44.0,OZONE,False,False,False,False,False,-1.1611,-1.4829,-0.0855,-0.7217,-0.677,-0.2618,1.0711,16.67,14.0,15.0,12.5,0.95,1.0,44.0,44.0,Good,44.0,FULL,False
"Patia, Bhubaneswar - OSPCB",Bhubaneswar,Odisha,20.34652,85.8163,OSPCB,23-09-2026,SINGLE_SNAPSHOT_NOT_TIME_SERIES,17.0,27.0,6.0,14.0,16.0,10.0,43.0,7,0,100.0,133.0,19.0,16.0,37.0,OZONE,43.0,OZONE,False,False,False,False,False,-1.0232,-1.1878,-0.5528,-0.4843,-0.8016,1.1238,1.0163,28.33,27.0,7.5,17.5,0.8,2.5,43.0,43.0,Good,43.0,FULL,False
"Tata Township, Bileipada - OSPCB",Bileipada,Odisha,22.06156703,85.47409613,OSPCB,23-09-2026,SINGLE_SNAPSHOT_NOT_TIME_SERIES,14.0,30.0,7.0,13.0,22.0,5.0,18.0,7,0,100.0,109.0,15.57,14.0,25.0,PM10,30.0,PM10,False,False,False,False,False,-1.0823,-1.1197,-0.4749,-0.5437,-0.5524,-0.0308,-0.3538,23.33,30.0,8.75,16.25,1.1,1.25,18.0,30.0,Good,30.0,FULL,False
"GM Office, Brajrajnagar - OSPCB",Brajrajnagar,Odisha,21.8004996,83.8396977,OSPCB,23-09-2026,SINGLE_SNAPSHOT_NOT_TIME_SERIES,12.0,17.0,17.0,30.0,57.0,4.0,42.0,7,0,100.0,179.0,25.57,17.0,53.0,CO,57.0,OZONE,False,False,False,False,False,-1.1217,-1.4148,0.3039,0.4652,0.9016,-0.2618,0.9615,20.0,17.0,21.25,37.5,2.85,1.0,42.0,42.0,Good,42.0,FULL,False
"Ferro Chrome Colony, Byasanagar - OSPCB",Byasanagar,Odisha,20.94185,86.1151,OSPCB,23-09-2026,SINGLE_SNAPSHOT_NOT_TIME_SERIES,14.0,24.0,5.0,5.0,40.0,0.0,43.0,7,0,100.0,131.0,18.71,14.0,43.0,OZONE,43.0,OZONE,False,True,False,False,False,-1.0823,-1.2559,-0.6307,-1.0184,0.1954,-1.1855,1.0163,23.33,24.0,6.25,6.25,2.0,0.0,43.0,43.0,Good,43.0,FULL,False
"Jagamohanpur, Keonjhar - OSPCB",Keonjhar,Odisha,21.6439,85.599355,OSPCB,23-09-2026,SINGLE_SNAPSHOT_NOT_TIME_SERIES,36.0,33.0,21.0,15.0,45.0,2.0,9.0,7,0,100.0,161.0,23.0,21.0,43.0,CO,45.0,PM2.5,False,False,False,False,False,-0.6491,-1.0516,0.6154,-0.425,0.4031,-0.7236,-0.847,60.8,33.0,26.25,18.75,2.25,0.5,9.0,60.8,Satisfactory,60.8,FULL,False
"Dabuna, Nayagarh - OSPCB",Nayagarh,Odisha,21.847279,85.416905,OSPCB,23-09-2026,SINGLE_SNAPSHOT_NOT_TIME_SERIES,11.0,17.0,18.0,7.0,7.0,6.0,16.0,7,0,100.0,82.0,11.71,11.0,12.0,SO2,18.0,SO2,False,False,False,False,False,-1.1414,-1.4148,0.3818,-0.8997,-1.1755,0.2001,-0.4634,18.33,17.0,22.5,8.75,0.35,1.5,16.0,22.5,Good,22.5,FULL,False
"Nua Sandhakuda, Paradeep - OSPCB",Paradeep,Odisha,20.258828,86.665185,OSPCB,23-09-2026,SINGLE_SNAPSHOT_NOT_TIME_SERIES,19.0,29.0,15.0,30.0,80.0,5.0,39.0,7,0,100.0,217.0,31.0,29.0,75.0,CO,80.0,OZONE,False,False,False,False,False,-0.9838,-1.1424,0.1481,0.4652,1.857,-0.0308,0.7971,31.67,29.0,18.75,37.5,4.0,1.25,39.0,39.0,Good,39.0,FULL,False
"Divisional Forest Office, Rairangpur - OSPCB",Rairangpur,Odisha,22.265816,86.174829,OSPCB,23-09-2026,SINGLE_SNAPSHOT_NOT_TIME_SERIES,21.0,25.0,9.0,6.0,15.0,3.0,6.0,7,0,100.0,85.0,12.14,9.0,22.0,PM10,25.0,PM2.5,False,False,False,False,False,-0.9444,-1.2332,-0.3192,-0.9591,-0.8432,-0.4927,-1.0114,35.0,25.0,11.25,7.5,0.75,0.75,6.0,35.0,Good,35.0,FULL,False
"Raghunathpali, Rourkela - OSPCB",Rourkela,Odisha,22.220833,84.809444,OSPCB,23-09-2026,SINGLE_SNAPSHOT_NOT_TIME_SERIES,,,,,12.0,,10.0,2,5,28.6,22.0,11.0,12.0,2.0,CO,12.0,OZONE,True,False,True,False,False,,,,,-0.9678,,-0.7922,,,,,0.6,,10.0,10.0,Good,10.0,PARTIAL_LOW_CONFIDENCE,False
"Jawahar Nagar, Puducherry - PPCC",Puducherry,Puducherry,11.9309,79.8027,PPCC,23-09-2026,SINGLE_SNAPSHOT_NOT_TIME_SERIES,26.0,37.0,10.0,19.0,23.0,2.0,21.0,7,0,100.0,138.0,19.71,21.0,35.0,PM10,37.0,PM2.5,False,False,False,False,False,-0.846,-0.9608,-0.2413,-0.1876,-0.5108,-0.7236,-0.1894,43.33,37.0,12.5,23.75,1.15,0.5,21.0,43.33,Good,43.33,FULL,False
"Golden Temple, Amritsar - PPCB",Amritsar,Punjab,31.62,74.876512,PPCB,23-09-2026,SINGLE_SNAPSHOT_NOT_TIME_SERIES,85.0,92.0,12.0,21.0,25.0,7.0,18.0,7,0,100.0,260.0,37.14,21.0,85.0,PM10,92.0,PM2.5,False,False,False,False,False,0.3158,0.2877,-0.0855,-0.0689,-0.4278,0.431,-0.3538,183.5,92.16,15.0,26.25,1.25,1.75,18.0,183.5,Moderate,183.5,FULL,False
"Hardev Nagar, Bathinda - PPCB",Bathinda,Punjab,30.233011,74.907758,PPCB,23-09-2026,SINGLE_SNAPSHOT_NOT_TIME_SERIES,51.0,89.0,15.0,31.0,20.0,,,5,2,71.4,206.0,41.2,31.0,74.0,PM10,89.0,PM10,False,False,True,False,False,-0.3537,0.2196,0.1481,0.5245,-0.6355,,,85.3,89.22,18.75,38.75,1.0,,,89.22,Satisfactory,89.22,PARTIAL_HIGH_CONFIDENCE,False
"Civil Line, Jalandhar - PPCB",Jalandhar,Punjab,31.321907,75.578914,PPCB,23-09-2026,SINGLE_SNAPSHOT_NOT_TIME_SERIES,103.0,83.0,17.0,48.0,50.0,4.0,30.0,7,0,100.0,335.0,47.86,48.0,99.0,PM2.5,103.0,PM2.5,False,False,False,False,False,0.6703,0.0834,0.3039,1.5333,0.6108,-0.2618,0.3039,243.9,83.34,21.25,60.8,2.5,1.0,30.0,243.9,Poor,243.9,FULL,False
"Housing Board, Hanumangarh - RSPCB",Hanumangarh,Rajasthan,29.61075,74.283608,RSPCB,23-09-2026,SINGLE_SNAPSHOT_NOT_TIME_SERIES,104.0,98.0,5.0,13.0,38.0,5.0,29.0,7,0,100.0,292.0,41.71,29.0,99.0,PM2.5,104.0,PM2.5,False,False,False,False,False,0.69,0.4239,-0.6307,-0.5437,0.1123,-0.0308,0.2491,247.2,98.04,6.25,16.25,1.9,1.25,29.0,247.2,Poor,247.2,FULL,False
"Shastri Nagar, Jaipur - RSPCB",Jaipur,Rajasthan,26.9502929,75.730943,RSPCB,23-09-2026,SINGLE_SNAPSHOT_NOT_TIME_SERIES,93.0,101.0,26.0,41.0,39.0,11.0,52.0,7,0,100.0,363.0,51.86,41.0,90.0,PM10,101.0,PM2.5,False,False,False,False,False,0.4733,0.492,1.0048,1.1179,0.1538,1.3548,1.5095,210.9,101.66,32.5,52.23,1.95,2.75,52.96,210.9,Poor,210.9,FULL,False
"Mansarovar Sector-12, Jaipur - RSPCB",Jaipur,Rajasthan,26.843698,75.766894,RSPCB,23-09-2026,SINGLE_SNAPSHOT_NOT_TIME_SERIES,77.0,123.0,3.0,33.0,53.0,4.0,97.0,7,0,100.0,390.0,55.71,53.0,120.0,PM10,123.0,PM2.5,False,False,False,False,False,0.1583,0.9915,-0.7865,0.6432,0.7354,-0.2618,3.9757,157.1,116.18,3.75,41.25,2.65,1.0,97.06,157.1,Moderate,157.1,FULL,False
"Police Commissionerate, Jaipur - RSPCB",Jaipur,Rajasthan,26.9164092,75.7994901,RSPCB,23-09-2026,SINGLE_SNAPSHOT_NOT_TIME_SERIES,69.0,117.0,20.0,87.0,58.0,12.0,42.0,7,0,100.0,405.0,57.86,58.0,105.0,PM10,117.0,PM2.5,False,False,False,False,False,0.0007,0.8553,0.5375,3.8477,0.9431,1.5857,0.9615,130.7,112.22,25.0,107.93,2.9,3.0,42.0,130.7,Moderate,130.7,FULL,False
"Sector-2 Murlipura, Jaipur - RSPCB",Jaipur,Rajasthan,26.960669,75.771817,RSPCB,23-09-2026,SINGLE_SNAPSHOT_NOT_TIME_SERIES,51.0,87.0,,39.0,77.0,10.0,44.0,6,1,85.7,308.0,51.33,51.0,77.0,PM10,87.0,PM10,False,False,True,False,False,-0.3537,0.1742,,0.9992,1.7324,1.1238,1.0711,85.3,87.26,,48.75,3.85,2.5,44.0,87.26,Satisfactory,87.26,PARTIAL_HIGH_CONFIDENCE,False
"RIICO Sitapura, Jaipur - RSPCB",Jaipur,Rajasthan,26.786682,75.827928,RSPCB,23-09-2026,SINGLE_SNAPSHOT_NOT_TIME_SERIES,225.0,146.0,9.0,71.0,55.0,3.0,90.0,7,0,100.0,599.0,85.57,71.0,222.0,PM2.5,225.0,PM2.5,False,False,False,False,False,3.0726,1.5136,-0.3192,2.8982,0.8185,-0.4927,3.592,380.96,131.36,11.25,88.97,2.75,0.75,90.2,380.96,Very Poor,380.96,FULL,False
"Sadar Bazar, Jaisalmer - RSPCB",Jaisalmer,Rajasthan,26.912329,70.909168,RSPCB,23-09-2026,SINGLE_SNAPSHOT_NOT_TIME_SERIES,43.0,79.0,3.0,47.0,14.0,13.0,56.0,7,0,100.0,255.0,36.43,43.0,76.0,PM10,79.0,PM10,False,False,False,False,False,-0.5112,-0.0074,-0.7865,1.474,-0.8847,1.8166,1.7287,72.23,79.42,3.75,59.58,0.7,3.25,56.88,79.42,Satisfactory,79.42,FULL,False
"Mudtra Sili, Jalore - RSPCB",Jalore,Rajasthan,25.344694,72.626208,RSPCB,23-09-2026,SINGLE_SNAPSHOT_NOT_TIME_SERIES,,,,,19.0,,61.0,2,5,28.6,80.0,40.0,61.0,42.0,OZONE,61.0,OZONE,True,False,True,False,False,,,,,-0.677,,2.0028,,,,,0.95,,61.78,61.78,Satisfactory,61.78,PARTIAL_LOW_CONFIDENCE,False
"Indra Nagar, Jhunjhunu - RSPCB",Jhunjhunu,Rajasthan,28.108988,75.386577,RSPCB,23-09-2026,SINGLE_SNAPSHOT_NOT_TIME_SERIES,62.0,99.0,5.0,24.0,26.0,6.0,76.0,7,0,100.0,298.0,42.57,26.0,94.0,PM10,99.0,PM2.5,False,False,False,False,False,-0.1371,0.4466,-0.6307,0.1091,-0.3862,0.2001,2.8248,107.6,99.02,6.25,30.0,1.3,1.5,76.48,107.6,Moderate,107.6,FULL,False
"Collectorate, Jodhpur - RSPCB",Jodhpur,Rajasthan,26.268249,73.0193853,RSPCB,23-09-2026,SINGLE_SNAPSHOT_NOT_TIME_SERIES,65.0,99.0,7.0,30.0,19.0,10.0,19.0,7,0,100.0,249.0,35.57,19.0,92.0,PM10,99.0,PM2.5,False,False,False,False,False,-0.078,0.4466,-0.4749,0.4652,-0.677,1.1238,-0.299,117.5,99.02,8.75,37.5,0.95,2.5,19.0,117.5,Moderate,117.5,FULL,False
"Jhalamand, Jodhpur - RSPCB",Jodhpur,Rajasthan,26.215415,73.070156,RSPCB,23-09-2026,SINGLE_SNAPSHOT_NOT_TIME_SERIES,84.0,159.0,3.0,45.0,21.0,16.0,26.0,7,0,100.0,354.0,50.57,26.0,156.0,PM10,159.0,PM2.5,False,False,False,False,False,0.2961,1.8087,-0.7865,1.3553,-0.5939,2.5094,0.0847,180.2,139.94,3.75,57.12,1.05,4.0,26.0,180.2,Moderate,180.2,FULL,False
"Ramachandrapuram, Hyderabad - TSPCB",Hyderabad,Telangana,17.528544,78.286195,TSPCB,23-09-2026,SINGLE_SNAPSHOT_NOT_TIME_SERIES,31.0,53.0,8.0,12.0,23.0,3.0,20.0,7,0,100.0,150.0,21.43,20.0,50.0,PM10,53.0,PM10,False,False,False,False,False,-0.7475,-0.5976,-0.397,-0.603,-0.5108,-0.4927,-0.2442,52.63,53.94,10.0,15.0,1.15,0.75,20.0,53.94,Satisfactory,53.94,FULL,False
"Zoo Park, Hyderabad - TSPCB",Hyderabad,Telangana,17.349694,78.451437,TSPCB,23-09-2026,SINGLE_SNAPSHOT_NOT_TIME_SERIES,30.0,34.0,1.0,3.0,46.0,2.0,3.0,7,0,100.0,119.0,17.0,3.0,45.0,CO,46.0,PM2.5,False,False,False,False,False,-0.7672,-1.0289,-0.9422,-1.1371,0.4446,-0.7236,-1.1758,50.0,34.0,1.25,3.75,2.3,0.5,3.0,50.0,Good,50.0,FULL,False
"ECIL Kapra, Hyderabad - TSPCB",Hyderabad,Telangana,17.470431,78.566959,TSPCB,23-09-2026,SINGLE_SNAPSHOT_NOT_TIME_SERIES,46.0,56.0,12.0,10.0,25.0,6.0,20.0,7,0,100.0,175.0,25.0,20.0,50.0,PM10,56.0,PM2.5,False,False,False,False,False,-0.4522,-0.5295,-0.0855,-0.7217,-0.4278,0.2001,-0.2442,77.13,56.88,15.0,12.5,1.25,1.5,20.0,77.13,Satisfactory,77.13,FULL,False
"Kokapet, Hyderabad - TSPCB",Hyderabad,Telangana,17.393559,78.339194,TSPCB,23-09-2026,SINGLE_SNAPSHOT_NOT_TIME_SERIES,42.0,59.0,8.0,12.0,26.0,3.0,17.0,7,0,100.0,167.0,23.86,17.0,56.0,PM10,59.0,PM2.5,False,False,False,False,False,-0.5309,-0.4614,-0.397,-0.603,-0.3862,-0.4927,-0.4086,70.6,59.82,10.0,15.0,1.3,0.75,17.0,70.6,Satisfactory,70.6,FULL,False
"New Malakpet, Hyderabad - TSPCB",Hyderabad,Telangana,17.37206,78.50864,TSPCB,23-09-2026,SINGLE_SNAPSHOT_NOT_TIME_SERIES,50.0,62.0,9.0,12.0,21.0,3.0,14.0,7,0,100.0,171.0,24.43,14.0,59.0,PM10,62.0,PM2.5,False,False,False,False,False,-0.3734,-0.3933,-0.3192,-0.603,-0.5939,-0.4927,-0.573,83.67,62.76,11.25,15.0,1.05,0.75,14.0,83.67,Satisfactory,83.67,FULL,False
"Central University, Hyderabad - TSPCB",Hyderabad,Telangana,17.460103,78.334361,TSPCB,23-09-2026,SINGLE_SNAPSHOT_NOT_TIME_SERIES,20.0,29.0,8.0,24.0,21.0,1.0,23.0,7,0,100.0,126.0,18.0,21.0,28.0,PM10,29.0,PM2.5,False,False,False,False,False,-0.9641,-1.1424,-0.397,0.1091,-0.5939,-0.9545,-0.0798,33.33,29.0,10.0,30.0,1.05,0.25,23.0,33.33,Good,33.33,FULL,False
"IITH Kandi, Hyderabad - TSPCB",Hyderabad,Telangana,17.585705,78.126199,TSPCB,23-09-2026,SINGLE_SNAPSHOT_NOT_TIME_SERIES,,,,,34.0,,26.0,2,5,28.6,60.0,30.0,34.0,8.0,CO,34.0,OZONE,True,False,True,False,False,,,,,-0.0539,,0.0847,,,,,1.7,,26.0,26.0,Good,26.0,PARTIAL_LOW_CONFIDENCE,False
"ICRISAT Patancheru, Hyderabad - TSPCB",Hyderabad,Telangana,17.5184,78.278777,TSPCB,23-09-2026,SINGLE_SNAPSHOT_NOT_TIME_SERIES,48.0,39.0,9.0,15.0,12.0,2.0,26.0,7,0,100.0,151.0,21.57,15.0,46.0,PM2.5,48.0,PM2.5,False,False,False,False,False,-0.4128,-0.9154,-0.3192,-0.425,-0.9678,-0.7236,0.0847,80.4,39.0,11.25,18.75,0.6,0.5,26.0,80.4,Satisfactory,80.4,FULL,False
"IDA Pashamylaram, Hyderabad - TSPCB",Hyderabad,Telangana,17.5316895,78.218939,TSPCB,23-09-2026,SINGLE_SNAPSHOT_NOT_TIME_SERIES,52.0,49.0,9.0,10.0,16.0,1.0,8.0,7,0,100.0,145.0,20.71,10.0,51.0,PM2.5,52.0,PM2.5,False,False,False,False,False,-0.334,-0.6884,-0.3192,-0.7217,-0.8016,-0.9545,-0.9018,86.93,49.0,11.25,12.5,0.8,0.25,8.0,86.93,Satisfactory,86.93,FULL,False
"Sanathnagar, Hyderabad - TSPCB",Hyderabad,Telangana,17.4559458,78.4332152,TSPCB,23-09-2026,SINGLE_SNAPSHOT_NOT_TIME_SERIES,42.0,,9.0,32.0,37.0,,14.0,5,2,71.4,134.0,26.8,32.0,33.0,PM2.5,42.0,PM2.5,False,False,True,False,False,-0.5309,,-0.3192,0.5838,0.0707,,-0.573,70.6,,11.25,40.0,1.85,,14.0,70.6,Satisfactory,70.6,PARTIAL_HIGH_CONFIDENCE,False
"Bamboliya, Baran - RSPCB",Baran,Rajasthan,25.106006,76.469948,RSPCB,23-09-2026,SINGLE_SNAPSHOT_NOT_TIME_SERIES,32.0,78.0,7.0,16.0,37.0,6.0,24.0,7,0,100.0,200.0,28.57,24.0,72.0,PM10,78.0,PM10,False,False,False,False,False,-0.7278,-0.0301,-0.4749,-0.3656,0.0707,0.2001,-0.025,54.27,78.44,8.75,20.0,1.85,1.5,24.0,78.44,Satisfactory,78.44,FULL,False
"Railway Colony, Barmer - RSPCB",Barmer,Rajasthan,25.747299,71.393989,RSPCB,23-09-2026,SINGLE_SNAPSHOT_NOT_TIME_SERIES,40.0,82.0,7.0,12.0,46.0,7.0,66.0,7,0,100.0,260.0,37.14,40.0,75.0,PM10,82.0,PM10,False,False,False,False,False,-0.5703,0.0607,-0.4749,-0.603,0.4446,0.431,2.2768,67.33,82.36,8.75,15.0,2.3,1.75,66.68,82.36,Satisfactory,82.36,FULL,False
"Pratap Nagar, Bhilwara - RSPCB",Bhilwara,Rajasthan,25.339605,74.618883,RSPCB,23-09-2026,SINGLE_SNAPSHOT_NOT_TIME_SERIES,90.0,125.0,7.0,26.0,33.0,8.0,37.0,7,0,100.0,326.0,46.57,33.0,118.0,PM10,125.0,PM2.5,False,False,False,False,False,0.4143,1.0369,-0.4749,0.2278,-0.0954,0.662,0.6875,200.0,117.5,8.75,32.5,1.65,2.0,37.0,200.0,Moderate,200.0,FULL,False
"Vasundhara Nagar_UIT, Bhiwadi - RSPCB",Bhiwadi,Rajasthan,28.207266,76.829265,RSPCB,23-09-2026,SINGLE_SNAPSHOT_NOT_TIME_SERIES,68.0,103.0,9.0,33.0,57.0,,33.0,6,1,85.7,303.0,50.5,57.0,94.0,PM10,103.0,PM2.5,False,False,True,False,False,-0.0189,0.5375,-0.3192,0.6432,0.9016,,0.4683,127.4,102.98,11.25,41.25,2.85,,33.0,127.4,Moderate,127.4,PARTIAL_HIGH_CONFIDENCE,False
"RIICO Ind. Area III, Bhiwadi - RSPCB",Bhiwadi,Rajasthan,28.194909,76.862296,RSPCB,23-09-2026,SINGLE_SNAPSHOT_NOT_TIME_SERIES,166.0,174.0,11.0,24.0,57.0,6.0,14.0,7,0,100.0,452.0,64.57,24.0,168.0,PM10,174.0,PM2.5,False,False,False,False,False,1.9108,2.1492,-0.1634,0.1091,0.9016,0.2001,-0.573,336.03,149.84,13.75,30.0,2.85,1.5,14.0,336.03,Very Poor,336.03,FULL,False
"New Colony, Bundi - RSPCB",Bundi,Rajasthan,25.435774,75.644272,RSPCB,23-09-2026,SINGLE_SNAPSHOT_NOT_TIME_SERIES,79.0,86.0,4.0,36.0,18.0,5.0,52.0,7,0,100.0,280.0,40.0,36.0,82.0,PM10,86.0,PM2.5,False,False,False,False,False,0.1977,0.1515,-0.7086,0.8212,-0.7186,-0.0308,1.5095,163.7,86.28,5.0,45.0,0.9,1.25,52.96,163.7,Moderate,163.7,FULL,False
"Shastri Nagar, Chittorgarh - RSPCB",Chittorgarh,Rajasthan,24.892047,74.623527,RSPCB,23-09-2026,SINGLE_SNAPSHOT_NOT_TIME_SERIES,103.0,120.0,14.0,29.0,15.0,9.0,43.0,7,0,100.0,333.0,47.57,29.0,111.0,PM10,120.0,PM2.5,False,False,False,False,False,0.6703,0.9234,0.0702,0.4058,-0.8432,0.8929,1.0163,243.9,114.2,17.5,36.25,0.75,2.25,43.0,243.9,Poor,243.9,FULL,False
"Subash Chowk, Churu - RSPCB",Churu,Rajasthan,28.296139,74.961696,RSPCB,23-09-2026,SINGLE_SNAPSHOT_NOT_TIME_SERIES,52.0,114.0,4.0,10.0,36.0,8.0,72.0,7,0,100.0,296.0,42.29,36.0,110.0,PM10,114.0,PM10,False,False,False,False,False,-0.334,0.7872,-0.7086,-0.7217,0.0292,0.662,2.6056,86.93,110.24,5.0,12.5,1.8,2.0,72.56,110.24,Moderate,110.24,FULL,False
"Khatikan Mohalla, Dausa - RSPCB",Dausa,Rajasthan,26.895552,76.334753,RSPCB,23-09-2026,SINGLE_SNAPSHOT_NOT_TIME_SERIES,119.0,149.0,1.0,35.0,30.0,,33.0,6,1,85.7,367.0,61.17,35.0,148.0,PM10,149.0,PM2.5,False,False,True,False,False,0.9853,1.5817,-0.9422,0.7619,-0.2201,,0.4683,296.7,133.34,1.25,43.75,1.5,,33.0,296.7,Poor,296.7,PARTIAL_HIGH_CONFIDENCE,False
"Raja Ganj, Dholpur - RSPCB",Dholpur,Rajasthan,26.699557,77.898881,RSPCB,23-09-2026,SINGLE_SNAPSHOT_NOT_TIME_SERIES,100.0,102.0,7.0,9.0,39.0,12.0,12.0,7,0,100.0,281.0,40.14,12.0,95.0,PM10,102.0,PM2.5,False,False,False,False,False,0.6112,0.5147,-0.4749,-0.781,0.1538,1.5857,-0.6826,234.0,102.32,8.75,11.25,1.95,3.0,12.0,234.0,Poor,234.0,FULL,False
"Kalal Majra, Khanna - PPCB",Khanna,Punjab,30.736056,76.209694,PPCB,23-09-2026,SINGLE_SNAPSHOT_NOT_TIME_SERIES,38.0,65.0,10.0,21.0,78.0,6.0,22.0,7,0,100.0,240.0,34.29,22.0,72.0,CO,78.0,PM10,False,False,False,False,False,-0.6097,-0.3252,-0.2413,-0.0689,1.7739,0.2001,-0.1346,64.07,65.7,12.5,26.25,3.9,1.5,22.0,65.7,Satisfactory,65.7,FULL,False
"Punjab Agricultural University, Ludhiana - PPCB",Ludhiana,Punjab,30.9028,75.8086,PPCB,23-09-2026,SINGLE_SNAPSHOT_NOT_TIME_SERIES,119.0,109.0,18.0,48.0,15.0,10.0,28.0,7,0,100.0,347.0,49.57,28.0,109.0,PM2.5,119.0,PM2.5,False,False,False,False,False,0.9853,0.6737,0.3818,1.5333,-0.8432,1.1238,0.1943,296.7,106.94,22.5,60.8,0.75,2.5,28.0,296.7,Poor,296.7,FULL,False
"Model Town, Patiala - PPCB",Patiala,Punjab,30.349388,76.366642,PPCB,23-09-2026,SINGLE_SNAPSHOT_NOT_TIME_SERIES,48.0,88.0,24.0,15.0,27.0,6.0,13.0,7,0,100.0,221.0,31.57,24.0,82.0,PM10,88.0,PM10,False,False,False,False,False,-0.4128,0.1969,0.849,-0.425,-0.3447,0.2001,-0.6278,80.4,88.24,30.0,18.75,1.35,1.5,13.0,88.24,Satisfactory,88.24,FULL,False
"Ratanpura, Rupnagar - Ambuja Cements",Rupnagar,Punjab,31.0325454,76.5623046,Ambuja Cements,23-09-2026,SINGLE_SNAPSHOT_NOT_TIME_SERIES,35.0,39.0,12.0,26.0,56.0,,,5,2,71.4,168.0,33.6,35.0,44.0,CO,56.0,PM2.5,False,False,True,False,False,-0.6688,-0.9154,-0.0855,0.2278,0.86,,,59.17,39.0,15.0,32.5,2.8,,,59.17,Satisfactory,59.17,PARTIAL_HIGH_CONFIDENCE,False
"Civil Lines,  Ajmer - RSPCB",Ajmer,Rajasthan,26.470859,74.646594,RSPCB,23-09-2026,SINGLE_SNAPSHOT_NOT_TIME_SERIES,59.0,91.0,7.0,36.0,44.0,8.0,17.0,7,0,100.0,262.0,37.43,36.0,84.0,PM10,91.0,PM2.5,False,False,False,False,False,-0.1962,0.265,-0.4749,0.8212,0.3615,0.662,-0.4086,98.37,91.18,8.75,45.0,2.2,2.0,17.0,98.37,Satisfactory,98.37,FULL,False
"Vigyan Nagar, Alwar - RSPCB",Alwar,Rajasthan,27.598796,76.63861,RSPCB,23-09-2026,SINGLE_SNAPSHOT_NOT_TIME_SERIES,93.0,143.0,7.0,16.0,61.0,16.0,54.0,7,0,100.0,390.0,55.71,54.0,136.0,PM10,143.0,PM2.5,False,False,False,False,False,0.4733,1.4455,-0.4749,-0.3656,1.0677,2.5094,1.6191,210.9,129.38,8.75,20.0,3.05,4.0,54.92,210.9,Poor,210.9,FULL,False
"Moti Doongri, Alwar - RSPCB",Alwar,Rajasthan,27.554793,76.611536,RSPCB,23-09-2026,SINGLE_SNAPSHOT_NOT_TIME_SERIES,77.0,74.0,26.0,46.0,95.0,9.0,29.0,7,0,100.0,356.0,50.86,46.0,86.0,CO,95.0,PM2.5,False,False,False,False,False,0.1583,-0.1209,1.0048,1.4146,2.4801,0.8929,0.2491,157.1,74.52,32.5,58.35,4.75,2.25,29.0,157.1,Moderate,157.1,FULL,False
"Rati Talai, Banswara - RSPCB",Banswara,Rajasthan,23.55519,74.44001,RSPCB,23-09-2026,SINGLE_SNAPSHOT_NOT_TIME_SERIES,21.0,75.0,10.0,34.0,16.0,5.0,29.0,7,0,100.0,190.0,27.14,21.0,70.0,PM10,75.0,PM10,False,False,False,False,False,-0.9444,-0.0982,-0.2413,0.7025,-0.8016,-0.0308,0.2491,35.0,75.5,12.5,42.5,0.8,1.25,29.0,75.5,Satisfactory,75.5,FULL,False
"Dhankawadi, Pune - IITM",Pune,Maharashtra,18.459883,73.852193,IITM,23-09-2026,SINGLE_SNAPSHOT_NOT_TIME_SERIES,40.0,59.0,,14.0,,,10.0,4,3,57.1,123.0,30.75,40.0,49.0,PM10,59.0,PM2.5,True,False,True,False,False,-0.5703,-0.4614,,-0.4843,,,-0.7922,67.33,59.82,,17.5,,,10.0,67.33,Satisfactory,67.33,PARTIAL_HIGH_CONFIDENCE,False
"Koyana Nagar, Satara - MPCB",Satara,Maharashtra,17.696651,74.003387,MPCB,23-09-2026,SINGLE_SNAPSHOT_NOT_TIME_SERIES,42.0,68.0,5.0,7.0,20.0,1.0,38.0,7,0,100.0,181.0,25.86,20.0,67.0,PM10,68.0,PM2.5,False,False,False,False,False,-0.5309,-0.2571,-0.6307,-0.8997,-0.6355,-0.9545,0.7423,70.6,68.64,6.25,8.75,1.0,0.25,38.0,70.6,Satisfactory,70.6,FULL,False
"Ratandeep Housing Society, Solapur - MPCB",Solapur,Maharashtra,17.65439,75.90649,MPCB,23-09-2026,SINGLE_SNAPSHOT_NOT_TIME_SERIES,55.0,57.0,,26.0,18.0,5.0,26.0,6,1,85.7,187.0,31.17,26.0,52.0,PM10,57.0,PM2.5,False,False,True,False,False,-0.2749,-0.5068,,0.2278,-0.7186,-0.0308,0.0847,91.83,57.86,,32.5,0.9,1.25,26.0,91.83,Satisfactory,91.83,PARTIAL_HIGH_CONFIDENCE,False
"Dnyaneshwar Nagar, Solapur - MPCB",Solapur,Maharashtra,17.6336264,75.9132495,MPCB,23-09-2026,SINGLE_SNAPSHOT_NOT_TIME_SERIES,32.0,32.0,4.0,10.0,15.0,9.0,15.0,7,0,100.0,117.0,16.71,15.0,28.0,PM2.5,32.0,PM2.5,False,False,False,False,False,-0.7278,-1.0743,-0.7086,-0.7217,-0.8432,0.8929,-0.5182,54.27,32.0,5.0,12.5,0.75,2.25,15.0,54.27,Satisfactory,54.27,FULL,False
"Kasarvadavali, Thane - MPCB",Thane,Maharashtra,19.26777,72.97182,MPCB,23-09-2026,SINGLE_SNAPSHOT_NOT_TIME_SERIES,37.0,77.0,6.0,20.0,56.0,0.0,11.0,7,0,100.0,207.0,29.57,20.0,77.0,PM10,77.0,PM10,False,True,False,False,False,-0.6294,-0.0528,-0.5528,-0.1283,0.86,-1.1855,-0.7374,62.43,77.46,7.5,25.0,2.8,0.0,11.0,77.46,Satisfactory,77.46,FULL,False
"Upvan Fort, Thane - MPCB",Thane,Maharashtra,19.222279,72.957979,MPCB,23-09-2026,SINGLE_SNAPSHOT_NOT_TIME_SERIES,34.0,47.0,2.0,10.0,18.0,2.0,14.0,7,0,100.0,127.0,18.14,14.0,45.0,PM10,47.0,PM2.5,False,False,False,False,False,-0.6885,-0.7338,-0.8643,-0.7217,-0.7186,-0.7236,-0.573,57.53,47.0,2.5,12.5,0.9,0.5,14.0,57.53,Satisfactory,57.53,FULL,False
"Sidhi Vinayak Nagar, Ulhasnagar - MPCB",Ulhasnagar,Maharashtra,19.235581,73.159121,MPCB,23-09-2026,SINGLE_SNAPSHOT_NOT_TIME_SERIES,78.0,83.0,7.0,10.0,6.0,2.0,9.0,7,0,100.0,195.0,27.86,9.0,81.0,PM10,83.0,PM2.5,False,False,False,False,False,0.178,0.0834,-0.4749,-0.7217,-1.2171,-0.7236,-0.847,160.4,83.34,8.75,12.5,0.3,0.5,9.0,160.4,Moderate,160.4,FULL,False
"Bolinj, Virar - MPCB",Virar,Maharashtra,19.445821,72.7988231,MPCB,23-09-2026,SINGLE_SNAPSHOT_NOT_TIME_SERIES,30.0,45.0,2.0,13.0,38.0,8.0,20.0,7,0,100.0,156.0,22.29,20.0,43.0,PM10,45.0,PM2.5,False,False,False,False,False,-0.7672,-0.7792,-0.8643,-0.5437,0.1123,0.662,-0.2442,50.0,45.0,2.5,16.25,1.9,2.0,20.0,50.0,Good,50.0,FULL,False
"Digari Kalan, Jodhpur - RSPCB",Jodhpur,Rajasthan,26.29581,73.082283,RSPCB,23-09-2026,SINGLE_SNAPSHOT_NOT_TIME_SERIES,71.0,120.0,7.0,44.0,24.0,22.0,61.0,7,0,100.0,349.0,49.86,44.0,113.0,PM10,120.0,PM2.5,False,False,False,False,False,0.0401,0.9234,-0.4749,1.2959,-0.4693,3.895,2.0028,137.3,114.2,8.75,55.9,1.2,5.5,61.78,137.3,Moderate,137.3,FULL,False
"Satyawati Vihar, Karauli - RSPCB",Karauli,Rajasthan,26.506177,77.025989,RSPCB,23-09-2026,SINGLE_SNAPSHOT_NOT_TIME_SERIES,18.0,31.0,,25.0,16.0,12.0,42.0,6,1,85.7,144.0,24.0,25.0,30.0,OZONE,42.0,OZONE,False,False,True,False,False,-1.0035,-1.097,,0.1684,-0.8016,1.5857,0.9615,30.0,31.0,,31.25,0.8,3.0,42.0,42.0,Good,42.0,PARTIAL_HIGH_CONFIDENCE,False
"New Anaj Mandi, Khairthal - RSPCB",Khairthal,Rajasthan,27.8015617,76.6365217,RSPCB,23-09-2026,SINGLE_SNAPSHOT_NOT_TIME_SERIES,,,,,127.0,,82.0,2,5,28.6,209.0,104.5,127.0,45.0,CO,127.0,OZONE,True,False,True,False,False,,,,,3.8095,,3.1536,,,,,6.35,,82.36,82.36,Satisfactory,82.36,PARTIAL_LOW_CONFIDENCE,True
"Shrinath Puram, Kota - RSPCB",Kota,Rajasthan,25.14389,75.821256,RSPCB,23-09-2026,SINGLE_SNAPSHOT_NOT_TIME_SERIES,,82.0,7.0,9.0,61.0,4.0,7.0,6,1,85.7,170.0,28.33,9.0,78.0,PM10,82.0,PM10,False,False,True,False,False,,0.0607,-0.4749,-0.781,1.0677,-0.2618,-0.9566,,82.36,8.75,11.25,3.05,1.0,7.0,82.36,Satisfactory,82.36,PARTIAL_HIGH_CONFIDENCE,False
"Karni Colony, Nagaur - RSPCB",Nagaur,Rajasthan,27.213494,73.734444,RSPCB,23-09-2026,SINGLE_SNAPSHOT_NOT_TIME_SERIES,57.0,147.0,3.0,28.0,35.0,9.0,40.0,7,0,100.0,319.0,45.57,35.0,144.0,PM10,147.0,PM10,False,False,False,False,False,-0.2355,1.5363,-0.7865,0.3465,-0.0124,0.8929,0.8519,95.1,132.02,3.75,35.0,1.75,2.25,40.0,132.02,Moderate,132.02,FULL,False
"Pragati Nagar, Pratapgarh - RSPCB",Pratapgarh,Rajasthan,24.041198,74.780702,RSPCB,23-09-2026,SINGLE_SNAPSHOT_NOT_TIME_SERIES,87.0,83.0,3.0,13.0,22.0,5.0,49.0,7,0,100.0,262.0,37.43,22.0,84.0,PM2.5,87.0,PM2.5,False,False,False,False,False,0.3552,0.0834,-0.7865,-0.5437,-0.5524,-0.0308,1.3451,190.1,83.34,3.75,16.25,1.1,1.25,49.0,190.1,Moderate,190.1,FULL,False
"Jhunsi, Prayagraj - UPPCB",Prayagraj,Uttar Pradesh,25.425602,81.917152,UPPCB,23-09-2026,SINGLE_SNAPSHOT_NOT_TIME_SERIES,29.0,38.0,22.0,6.0,28.0,6.0,40.0,7,0,100.0,169.0,24.14,28.0,34.0,OZONE,40.0,PM2.5,False,False,False,False,False,-0.7869,-0.9381,0.6933,-0.9591,-0.3031,0.2001,0.8519,48.33,38.0,27.5,7.5,1.4,1.5,40.0,48.33,Good,48.33,FULL,False
"Indira Nagar, Raebareli - NTPC Unchahar",Raebareli,Uttar Pradesh,26.207781,81.245571,NTPC Unchahar,23-09-2026,SINGLE_SNAPSHOT_NOT_TIME_SERIES,,,,,,,8.0,1,6,14.3,8.0,8.0,8.0,0.0,OZONE,8.0,OZONE,True,False,True,False,False,,,,,,,-0.9018,,,,,,,8.0,8.0,Good,8.0,SINGLE_POLLUTANT_ONLY,False
"Anand Nagar, Raebareli - UPPCB",Raebareli,Uttar Pradesh,26.219512,81.237648,UPPCB,23-09-2026,SINGLE_SNAPSHOT_NOT_TIME_SERIES,35.0,74.0,13.0,21.0,58.0,,55.0,6,1,85.7,256.0,42.67,55.0,61.0,PM10,74.0,PM10,False,False,True,False,False,-0.6688,-0.1209,-0.0076,-0.0689,0.9431,,1.6739,59.17,74.52,16.25,26.25,2.9,,55.9,74.52,Satisfactory,74.52,PARTIAL_HIGH_CONFIDENCE,False
"Maldahiya, Varanasi - UPPCB",Varanasi,Uttar Pradesh,25.32393,82.99687,UPPCB,23-09-2026,SINGLE_SNAPSHOT_NOT_TIME_SERIES,,,,,14.0,,7.0,2,5,28.6,21.0,10.5,14.0,7.0,CO,14.0,OZONE,True,False,True,False,False,,,,,-0.8847,,-0.9566,,,,,0.7,,7.0,7.0,Good,7.0,PARTIAL_LOW_CONFIDENCE,False
"Ardhali Bazar, Varanasi - UPPCB",Varanasi,Uttar Pradesh,25.3505986,82.9083074,UPPCB,23-09-2026,SINGLE_SNAPSHOT_NOT_TIME_SERIES,43.0,59.0,6.0,22.0,14.0,,13.0,6,1,85.7,157.0,26.17,22.0,53.0,PM10,59.0,PM2.5,False,False,True,False,False,-0.5112,-0.4614,-0.5528,-0.0096,-0.8847,,-0.6278,72.23,59.82,7.5,27.5,0.7,,13.0,72.23,Satisfactory,72.23,PARTIAL_HIGH_CONFIDENCE,False
"Bhelupur, Varanasi - UPPCB",Varanasi,Uttar Pradesh,25.301778,82.996789,UPPCB,23-09-2026,SINGLE_SNAPSHOT_NOT_TIME_SERIES,174.0,160.0,34.0,8.0,8.0,1.0,9.0,7,0,100.0,394.0,56.29,9.0,173.0,PM2.5,174.0,PM2.5,False,False,False,False,False,2.0684,1.8314,1.6278,-0.8404,-1.134,-0.9545,-0.847,342.12,140.6,42.5,10.0,0.4,0.25,9.0,342.12,Very Poor,342.12,FULL,False
"IESD Banaras Hindu University, Varanasi - UPPCB",Varanasi,Uttar Pradesh,25.262326,82.995408,UPPCB,23-09-2026,SINGLE_SNAPSHOT_NOT_TIME_SERIES,34.0,52.0,35.0,2.0,2.0,0.0,5.0,7,0,100.0,130.0,18.57,5.0,52.0,PM10,52.0,PM2.5,False,True,False,False,False,-0.6885,-0.6203,1.7057,-1.1964,-1.3832,-1.1855,-1.0662,57.53,52.96,43.75,2.5,0.1,0.0,5.0,57.53,Satisfactory,57.53,FULL,False
"Omex Eternity, Vrindavan - UPPCB",Vrindavan,Uttar Pradesh,27.571409,77.655757,UPPCB,23-09-2026,SINGLE_SNAPSHOT_NOT_TIME_SERIES,118.0,89.0,13.0,27.0,11.0,8.0,16.0,7,0,100.0,282.0,40.29,16.0,110.0,PM2.5,118.0,PM2.5,False,False,False,False,False,0.9656,0.2196,-0.0076,0.2871,-1.0093,0.662,-0.4634,293.4,89.22,16.25,33.75,0.55,2.0,16.0,293.4,Poor,293.4,FULL,False
"Chhatikara, Vrindavan - UPPCB",Vrindavan,Uttar Pradesh,27.57194,77.62346,UPPCB,23-09-2026,SINGLE_SNAPSHOT_NOT_TIME_SERIES,121.0,205.0,25.0,4.0,153.0,4.0,52.0,7,0,100.0,564.0,80.57,52.0,201.0,PM10,205.0,PM2.5,False,False,False,False,False,1.0247,2.8529,0.9269,-1.0777,4.8896,-0.2618,1.5095,301.76,170.3,31.25,5.0,7.65,1.0,52.96,301.76,Very Poor,301.76,FULL,True
"Doon University, Dehradun - UKPCB",Dehradun,Uttarakhand,30.269444,78.044167,UKPCB,23-09-2026,SINGLE_SNAPSHOT_NOT_TIME_SERIES,69.0,81.0,1.0,2.0,25.0,,18.0,6,1,85.7,196.0,32.67,25.0,80.0,PM10,81.0,PM2.5,False,False,True,False,False,0.0007,0.038,-0.9422,-1.1964,-0.4278,,-0.3538,130.7,81.38,1.25,2.5,1.25,,18.0,130.7,Moderate,130.7,PARTIAL_HIGH_CONFIDENCE,False
"Govt. Girls Inter College, Kashipur - UKPCB",Kashipur,Uttarakhand,29.2124114,78.9611753,UKPCB,23-09-2026,SINGLE_SNAPSHOT_NOT_TIME_SERIES,,,,,14.0,,,1,6,14.3,14.0,14.0,14.0,0.0,CO,14.0,CO,True,False,True,False,False,,,,,-0.8847,,,,,,,0.7,,,0.7,Good,0.7,SINGLE_POLLUTANT_ONLY,False
"Somajiguda, Hyderabad - TSPCB",Hyderabad,Telangana,17.417094,78.457437,TSPCB,23-09-2026,SINGLE_SNAPSHOT_NOT_TIME_SERIES,65.0,56.0,9.0,15.0,27.0,3.0,16.0,7,0,100.0,191.0,27.29,16.0,62.0,PM2.5,65.0,PM2.5,False,False,False,False,False,-0.078,-0.5295,-0.3192,-0.425,-0.3447,-0.4927,-0.4634,117.5,56.88,11.25,18.75,1.35,0.75,16.0,117.5,Moderate,117.5,FULL,False
"Bardowali, Agartala - Tripura SPCB",Agartala,Tripura,23.8175497,91.2726974,Tripura SPCB,23-09-2026,SINGLE_SNAPSHOT_NOT_TIME_SERIES,30.0,46.0,17.0,13.0,27.0,,2.0,6,1,85.7,135.0,22.5,27.0,44.0,PM10,46.0,PM2.5,False,False,True,False,False,-0.7672,-0.7565,0.3039,-0.5437,-0.3447,,-1.2306,50.0,46.0,21.25,16.25,1.35,,2.0,50.0,Good,50.0,PARTIAL_HIGH_CONFIDENCE,False
"Manoharpur, Agra - UPPCB",Agra,Uttar Pradesh,27.23711,78.01936,UPPCB,23-09-2026,SINGLE_SNAPSHOT_NOT_TIME_SERIES,97.0,114.0,13.0,31.0,20.0,2.0,6.0,7,0,100.0,283.0,40.43,20.0,112.0,PM10,114.0,PM2.5,False,False,False,False,False,0.5521,0.7872,-0.0076,0.5245,-0.6355,-0.7236,-1.0114,224.1,110.24,16.25,38.75,1.0,0.5,6.0,224.1,Poor,224.1,FULL,False
"Sanjay Palace, Agra - UPPCB",Agra,Uttar Pradesh,27.19865833,78.00598056,UPPCB,23-09-2026,SINGLE_SNAPSHOT_NOT_TIME_SERIES,167.0,112.0,17.0,16.0,31.0,,10.0,6,1,85.7,353.0,58.83,31.0,157.0,PM2.5,167.0,PM2.5,False,False,True,False,False,1.9305,0.7418,0.3039,-0.3656,-0.1785,,-0.7922,336.79,108.92,21.25,20.0,1.55,,10.0,336.79,Very Poor,336.79,PARTIAL_HIGH_CONFIDENCE,False
"Shastripuram, Agra - UPPCB",Agra,Uttar Pradesh,27.19862,77.92066,UPPCB,23-09-2026,SINGLE_SNAPSHOT_NOT_TIME_SERIES,100.0,78.0,,12.0,49.0,3.0,8.0,6,1,85.7,250.0,41.67,49.0,97.0,PM2.5,100.0,PM2.5,False,False,True,False,False,0.6112,-0.0301,,-0.603,0.5692,-0.4927,-0.9018,234.0,78.44,,15.0,2.45,0.75,8.0,234.0,Poor,234.0,PARTIAL_HIGH_CONFIDENCE,False
"Rohta, Agra - UPPCB",Agra,Uttar Pradesh,27.106972,78.000111,UPPCB,23-09-2026,SINGLE_SNAPSHOT_NOT_TIME_SERIES,74.0,118.0,18.0,16.0,33.0,6.0,14.0,7,0,100.0,279.0,39.86,18.0,112.0,PM10,118.0,PM2.5,False,False,False,False,False,0.0992,0.878,0.3818,-0.3656,-0.0954,0.2001,-0.573,147.2,112.88,22.5,20.0,1.65,1.5,14.0,147.2,Moderate,147.2,FULL,False
"Shahjahan Garden, Agra - UPPCB",Agra,Uttar Pradesh,27.169338,78.03582,UPPCB,23-09-2026,SINGLE_SNAPSHOT_NOT_TIME_SERIES,,,76.0,26.0,43.0,1.0,2.0,5,2,71.4,148.0,29.6,26.0,75.0,SO2,76.0,SO2,False,False,True,False,False,,,4.8988,0.2278,0.32,-0.9545,-1.2306,,,95.1,32.5,2.15,0.25,2.0,95.1,Satisfactory,95.1,PARTIAL_HIGH_CONFIDENCE,False
"Sardar Patel Inter College, Baghpat - UPPCB",Baghpat,Uttar Pradesh,28.964949,77.278761,UPPCB,23-09-2026,SINGLE_SNAPSHOT_NOT_TIME_SERIES,103.0,182.0,15.0,34.0,24.0,3.0,28.0,7,0,100.0,389.0,55.57,28.0,179.0,PM10,182.0,PM2.5,False,False,False,False,False,0.6703,2.3308,0.1481,0.7025,-0.4693,-0.4927,0.1943,243.9,155.12,18.75,42.5,1.2,0.75,28.0,243.9,Poor,243.9,FULL,False
"Nagar Palika Parishad, Baraut - UPPCB",Baraut,Uttar Pradesh,29.09956,77.26235,UPPCB,23-09-2026,SINGLE_SNAPSHOT_NOT_TIME_SERIES,144.0,91.0,4.0,27.0,44.0,,23.0,6,1,85.7,333.0,55.5,44.0,140.0,PM2.5,144.0,PM2.5,False,False,True,False,False,1.4776,0.265,-0.7086,0.2871,0.3615,,-0.0798,319.28,91.18,5.0,33.75,2.2,,23.0,319.28,Very Poor,319.28,PARTIAL_HIGH_CONFIDENCE,False
"Rajendra Nagar, Bareilly - UPPCB",Bareilly,Uttar Pradesh,28.38910936,79.42963708,UPPCB,23-09-2026,SINGLE_SNAPSHOT_NOT_TIME_SERIES,115.0,,16.0,9.0,20.0,1.0,,5,2,71.4,161.0,32.2,16.0,114.0,PM2.5,115.0,PM2.5,False,False,True,False,False,0.9066,,0.226,-0.781,-0.6355,-0.9545,,283.5,,20.0,11.25,1.0,0.25,,283.5,Poor,283.5,PARTIAL_HIGH_CONFIDENCE,False
"Civil Lines, Bareilly - UPPCB",Bareilly,Uttar Pradesh,28.359581,79.414455,UPPCB,23-09-2026,SINGLE_SNAPSHOT_NOT_TIME_SERIES,44.0,43.0,72.0,8.0,42.0,0.0,2.0,7,0,100.0,211.0,30.14,42.0,72.0,SO2,72.0,SO2,False,True,False,False,False,-0.4915,-0.8246,4.5873,-0.8404,0.2784,-1.1855,-1.2306,73.87,43.0,90.2,10.0,2.1,0.0,2.0,90.2,Satisfactory,90.2,FULL,False
"Employment Office, Moradabad - UPPCB",Moradabad,Uttar Pradesh,28.88528,78.7388,UPPCB,23-09-2026,SINGLE_SNAPSHOT_NOT_TIME_SERIES,78.0,98.0,42.0,23.0,14.0,3.0,17.0,7,0,100.0,275.0,39.29,23.0,95.0,PM10,98.0,PM2.5,False,False,False,False,False,0.178,0.4239,2.2509,0.0498,-0.8847,-0.4927,-0.4086,160.4,98.04,53.45,28.75,0.7,0.75,17.0,160.4,Moderate,160.4,FULL,False
"Buddhi Vihar, Moradabad - UPPCB",Moradabad,Uttar Pradesh,28.83526,78.7446,UPPCB,23-09-2026,SINGLE_SNAPSHOT_NOT_TIME_SERIES,86.0,120.0,35.0,29.0,16.0,5.0,45.0,7,0,100.0,336.0,48.0,35.0,115.0,PM10,120.0,PM2.5,False,False,False,False,False,0.3355,0.9234,1.7057,0.4058,-0.8016,-0.0308,1.1259,186.8,114.2,43.75,36.25,0.8,1.25,45.0,186.8,Moderate,186.8,FULL,False
"Jigar Colony, Moradabad - UPPCB",Moradabad,Uttar Pradesh,28.856664,78.772638,UPPCB,23-09-2026,SINGLE_SNAPSHOT_NOT_TIME_SERIES,60.0,97.0,56.0,25.0,40.0,6.0,31.0,7,0,100.0,315.0,45.0,40.0,91.0,PM10,97.0,PM2.5,False,False,False,False,False,-0.1765,0.4012,3.3412,0.1684,0.1954,0.2001,0.3587,100.0,97.06,70.6,31.25,2.0,1.5,31.0,100.0,Satisfactory,100.0,FULL,False
"New Mandi, Muzaffarnagar - UPPCB",Muzaffarnagar,Uttar Pradesh,29.4723508,77.7194031,UPPCB,23-09-2026,SINGLE_SNAPSHOT_NOT_TIME_SERIES,132.0,137.0,17.0,25.0,54.0,2.0,15.0,7,0,100.0,382.0,54.57,25.0,135.0,PM10,137.0,PM2.5,False,False,False,False,False,1.2413,1.3093,0.3039,0.1684,0.7769,-0.7236,-0.5182,310.14,125.42,21.25,31.25,2.7,0.5,15.0,310.14,Very Poor,310.14,FULL,False
"Sector - 62, Noida - IITM",Noida,Uttar Pradesh,28.6245479,77.3577104,IITM,23-09-2026,SINGLE_SNAPSHOT_NOT_TIME_SERIES,168.0,133.0,,8.0,35.0,,18.0,5,2,71.4,362.0,72.4,35.0,160.0,PM2.5,168.0,PM2.5,False,False,True,False,False,1.9502,1.2185,,-0.8404,-0.0124,,-0.3538,337.55,122.78,,10.0,1.75,,18.0,337.55,Very Poor,337.55,PARTIAL_HIGH_CONFIDENCE,False
"Sector - 125, Noida - UPPCB",Noida,Uttar Pradesh,28.5447608,77.3231257,UPPCB,23-09-2026,SINGLE_SNAPSHOT_NOT_TIME_SERIES,158.0,234.0,9.0,,22.0,,12.0,5,2,71.4,435.0,87.0,22.0,225.0,PM10,234.0,PM2.5,False,False,True,False,False,1.7533,3.5112,-0.3192,,-0.5524,,-0.6826,329.94,189.44,11.25,,1.1,,12.0,329.94,Very Poor,329.94,PARTIAL_HIGH_CONFIDENCE,False
"Sector-1, Noida - UPPCB",Noida,Uttar Pradesh,28.5898,77.3101,UPPCB,23-09-2026,SINGLE_SNAPSHOT_NOT_TIME_SERIES,118.0,152.0,9.0,40.0,58.0,14.0,47.0,7,0,100.0,438.0,62.57,47.0,143.0,PM10,152.0,PM2.5,False,False,False,False,False,0.9656,1.6498,-0.3192,1.0586,0.9431,2.0475,1.2355,293.4,135.32,11.25,50.0,2.9,3.5,47.0,293.4,Poor,293.4,FULL,False
"Nagar Nigam, Prayagraj - UPPCB",Prayagraj,Uttar Pradesh,25.44919916,81.82735986,UPPCB,23-09-2026,SINGLE_SNAPSHOT_NOT_TIME_SERIES,21.0,76.0,61.0,5.0,18.0,8.0,16.0,7,0,100.0,205.0,29.29,18.0,71.0,PM10,76.0,SO2,False,False,False,False,False,-0.9444,-0.0755,3.7306,-1.0184,-0.7186,0.662,-0.4634,35.0,76.48,76.72,6.25,0.9,2.0,16.0,76.72,Satisfactory,76.72,FULL,False
"Motilal Nehru NIT, Prayagraj - UPPCB",Prayagraj,Uttar Pradesh,25.494,81.863,UPPCB,23-09-2026,SINGLE_SNAPSHOT_NOT_TIME_SERIES,24.0,35.0,24.0,12.0,8.0,8.0,18.0,7,0,100.0,129.0,18.43,18.0,27.0,PM10,35.0,PM2.5,False,False,False,False,False,-0.8854,-1.0062,0.849,-0.603,-1.134,0.662,-0.3538,40.0,35.0,30.0,15.0,0.4,2.0,18.0,40.0,Good,40.0,FULL,False
"Knowledge Park - III, Greater Noida - UPPCB",Greater Noida,Uttar Pradesh,28.47272,77.482,UPPCB,23-09-2026,SINGLE_SNAPSHOT_NOT_TIME_SERIES,,144.0,9.0,52.0,49.0,11.0,3.0,6,1,85.7,268.0,44.67,49.0,141.0,PM10,144.0,PM10,False,False,True,False,False,,1.4682,-0.3192,1.7707,0.5692,1.3548,-1.1758,,130.04,11.25,65.7,2.45,2.75,3.0,130.04,Moderate,130.04,PARTIAL_HIGH_CONFIDENCE,False
"Anand Vihar, Hapur - UPPCB",Hapur,Uttar Pradesh,28.725645,77.749675,UPPCB,23-09-2026,SINGLE_SNAPSHOT_NOT_TIME_SERIES,159.0,127.0,14.0,,43.0,1.0,16.0,6,1,85.7,360.0,60.0,43.0,158.0,PM2.5,159.0,PM2.5,False,False,True,False,False,1.773,1.0823,0.0702,,0.32,-0.9545,-0.4634,330.7,118.82,17.5,,2.15,0.25,16.0,330.7,Very Poor,330.7,PARTIAL_HIGH_CONFIDENCE,False
"Shivaji Nagar, Jhansi - UPPCB",Jhansi,Uttar Pradesh,25.4547,78.6039,UPPCB,23-09-2026,SINGLE_SNAPSHOT_NOT_TIME_SERIES,98.0,99.0,25.0,6.0,14.0,4.0,6.0,7,0,100.0,252.0,36.0,14.0,95.0,PM10,99.0,PM2.5,False,False,False,False,False,0.5718,0.4466,0.9269,-0.9591,-0.8847,-0.2618,-1.0114,227.4,99.02,31.25,7.5,0.7,1.0,6.0,227.4,Poor,227.4,FULL,False
"FTI Kidwai Nagar, Kanpur - UPPCB",Kanpur,Uttar Pradesh,26.428282,80.327067,UPPCB,23-09-2026,SINGLE_SNAPSHOT_NOT_TIME_SERIES,46.0,62.0,24.0,27.0,32.0,3.0,13.0,7,0,100.0,207.0,29.57,27.0,59.0,PM10,62.0,PM2.5,False,False,False,False,False,-0.4522,-0.3933,0.849,0.2871,-0.137,-0.4927,-0.6278,77.13,62.76,30.0,33.75,1.6,0.75,13.0,77.13,Satisfactory,77.13,FULL,False
"NSI Kalyanpur, Kanpur - UPPCB",Kanpur,Uttar Pradesh,26.509954,80.249612,UPPCB,23-09-2026,SINGLE_SNAPSHOT_NOT_TIME_SERIES,49.0,71.0,26.0,32.0,35.0,2.0,21.0,7,0,100.0,236.0,33.71,32.0,69.0,PM10,71.0,PM2.5,False,False,False,False,False,-0.3931,-0.189,1.0048,0.5838,-0.0124,-0.7236,-0.1894,82.03,71.58,32.5,40.0,1.75,0.5,21.0,82.03,Satisfactory,82.03,FULL,False
"Prashant Garden, Khora - UPPCB",Khora,Uttar Pradesh,28.61119,77.34206,UPPCB,23-09-2026,SINGLE_SNAPSHOT_NOT_TIME_SERIES,248.0,134.0,3.0,36.0,41.0,9.0,75.0,7,0,100.0,546.0,78.0,41.0,245.0,PM2.5,248.0,PM2.5,False,False,False,False,False,3.5255,1.2412,-0.7865,0.8212,0.2369,0.8929,2.77,398.48,123.44,3.75,45.0,2.05,2.25,75.5,398.48,Very Poor,398.48,FULL,False
"Kalindi Kunj, Khurja - UPPCB",Khurja,Uttar Pradesh,28.2348927,77.8683002,UPPCB,23-09-2026,SINGLE_SNAPSHOT_NOT_TIME_SERIES,93.0,112.0,10.0,12.0,46.0,1.0,13.0,7,0,100.0,287.0,41.0,13.0,111.0,PM10,112.0,PM2.5,False,False,False,False,False,0.4733,0.7418,-0.2413,-0.603,0.4446,-0.9545,-0.6278,210.9,108.92,12.5,15.0,2.3,0.25,13.0,210.9,Poor,210.9,FULL,False
"B R Ambedkar University, Lucknow - UPPCB",Lucknow,Uttar Pradesh,26.766433,80.927299,UPPCB,23-09-2026,SINGLE_SNAPSHOT_NOT_TIME_SERIES,24.0,43.0,33.0,14.0,38.0,3.0,24.0,7,0,100.0,179.0,25.57,24.0,40.0,PM10,43.0,PM10,False,False,False,False,False,-0.8854,-0.8246,1.55,-0.4843,0.1123,-0.4927,-0.025,40.0,43.0,41.25,17.5,1.9,0.75,24.0,43.0,Good,43.0,FULL,False
"Lalbagh, Lucknow - CPCB",Lucknow,Uttar Pradesh,26.8458805,80.9365541,CPCB,23-09-2026,SINGLE_SNAPSHOT_NOT_TIME_SERIES,96.0,84.0,3.0,26.0,28.0,17.0,28.0,7,0,100.0,282.0,40.29,28.0,93.0,PM2.5,96.0,PM2.5,False,False,False,False,False,0.5324,0.1061,-0.7865,0.2278,-0.3031,2.7403,0.1943,220.8,84.32,3.75,32.5,1.4,4.25,28.0,220.8,Poor,220.8,FULL,False
"Gomti Nagar, Lucknow - UPPCB",Lucknow,Uttar Pradesh,26.86812,81.005119,UPPCB,23-09-2026,SINGLE_SNAPSHOT_NOT_TIME_SERIES,56.0,50.0,11.0,10.0,39.0,,42.0,6,1,85.7,208.0,34.67,42.0,46.0,PM2.5,56.0,PM2.5,False,False,True,False,False,-0.2552,-0.6657,-0.1634,-0.7217,0.1538,,0.9615,93.47,50.0,13.75,12.5,1.95,,42.0,93.47,Satisfactory,93.47,PARTIAL_HIGH_CONFIDENCE,False
"Yamunapuram, Bulandshahr - UPPCB",Bulandshahr,Uttar Pradesh,28.406963,77.849831,UPPCB,23-09-2026,SINGLE_SNAPSHOT_NOT_TIME_SERIES,83.0,126.0,14.0,29.0,51.0,7.0,49.0,7,0,100.0,359.0,51.29,49.0,119.0,PM10,126.0,PM2.5,False,False,False,False,False,0.2764,1.0596,0.0702,0.4058,0.6523,0.431,1.3451,176.9,118.16,17.5,36.25,2.55,1.75,49.0,176.9,Moderate,176.9,FULL,False
"Dadupura, Fatehpur Sikri - UPPCB",Fatehpur Sikri,Uttar Pradesh,27.097694,77.671335,UPPCB,23-09-2026,SINGLE_SNAPSHOT_NOT_TIME_SERIES,246.0,153.0,11.0,8.0,41.0,2.0,34.0,7,0,100.0,495.0,70.71,34.0,244.0,PM2.5,246.0,PM2.5,False,False,False,False,False,3.4862,1.6725,-0.1634,-0.8404,0.2369,-0.7236,0.5231,396.95,135.98,13.75,10.0,2.05,0.5,34.0,396.95,Very Poor,396.95,FULL,False
"Nagla Bhau, Firozabad - UPPCB",Firozabad,Uttar Pradesh,27.168897,78.37696,UPPCB,23-09-2026,SINGLE_SNAPSHOT_NOT_TIME_SERIES,,,32.0,17.0,34.0,2.0,14.0,5,2,71.4,99.0,19.8,17.0,32.0,CO,34.0,SO2,False,False,True,False,False,,,1.4721,-0.3063,-0.0539,-0.7236,-0.573,,,40.0,21.25,1.7,0.5,14.0,40.0,Good,40.0,PARTIAL_HIGH_CONFIDENCE,False
"Vibhab Nagar, Firozabad - UPPCB",Firozabad,Uttar Pradesh,27.1594,78.3953,UPPCB,23-09-2026,SINGLE_SNAPSHOT_NOT_TIME_SERIES,31.0,44.0,9.0,15.0,38.0,7.0,1.0,7,0,100.0,145.0,20.71,15.0,43.0,PM10,44.0,PM2.5,False,False,False,False,False,-0.7475,-0.8019,-0.3192,-0.425,0.1123,0.431,-1.2854,52.63,44.0,11.25,18.75,1.9,1.75,1.0,52.63,Satisfactory,52.63,FULL,False
"Indirapuram, Ghaziabad - UPPCB",Ghaziabad,Uttar Pradesh,28.646233,77.358075,UPPCB,23-09-2026,SINGLE_SNAPSHOT_NOT_TIME_SERIES,180.0,134.0,7.0,22.0,7.0,10.0,27.0,7,0,100.0,387.0,55.29,22.0,173.0,PM2.5,180.0,PM2.5,False,False,False,False,False,2.1865,1.2412,-0.4749,-0.0096,-1.1755,1.1238,0.1395,346.69,123.44,8.75,27.5,0.35,2.5,27.0,346.69,Very Poor,346.69,FULL,False
"Ved Vihar-Loni, Ghaziabad - UPPCB",Ghaziabad,Uttar Pradesh,28.739153,77.273668,UPPCB,23-09-2026,SINGLE_SNAPSHOT_NOT_TIME_SERIES,151.0,134.0,15.0,39.0,99.0,14.0,12.0,7,0,100.0,464.0,66.29,39.0,139.0,PM2.5,151.0,PM2.5,False,False,False,False,False,1.6155,1.2412,0.1481,0.9992,2.6463,2.0475,-0.6826,324.61,123.44,18.75,48.75,4.95,3.5,12.0,324.61,Very Poor,324.61,FULL,False
"Wave City, Ghaziabad - UPPCB",Ghaziabad,Uttar Pradesh,28.646675,77.489049,UPPCB,23-09-2026,SINGLE_SNAPSHOT_NOT_TIME_SERIES,,,3.0,22.0,105.0,,27.0,4,3,57.1,157.0,39.25,27.0,102.0,CO,105.0,NO2,True,False,True,False,False,,,-0.7865,-0.0096,2.8956,,0.1395,,,3.75,27.5,5.25,,27.0,27.5,Good,27.5,PARTIAL_HIGH_CONFIDENCE,True
"Loni, Ghaziabad - UPPCB",Ghaziabad,Uttar Pradesh,28.757294,77.278792,UPPCB,23-09-2026,SINGLE_SNAPSHOT_NOT_TIME_SERIES,191.0,189.0,15.0,44.0,63.0,4.0,7.0,7,0,100.0,513.0,73.29,44.0,187.0,PM2.5,191.0,PM2.5,False,False,False,False,False,2.4031,2.4897,0.1481,1.2959,1.1508,-0.2618,-0.9566,355.07,159.74,18.75,55.9,3.15,1.0,7.0,355.07,Very Poor,355.07,FULL,False
"Sanjay Nagar, Ghaziabad - UPPCB",Ghaziabad,Uttar Pradesh,28.685382,77.453839,UPPCB,23-09-2026,SINGLE_SNAPSHOT_NOT_TIME_SERIES,103.0,142.0,8.0,29.0,44.0,9.0,30.0,7,0,100.0,365.0,52.14,30.0,134.0,PM10,142.0,PM2.5,False,False,False,False,False,0.6703,1.4228,-0.397,0.4058,0.3615,0.8929,0.3039,243.9,128.72,10.0,36.25,2.2,2.25,30.0,243.9,Poor,243.9,FULL,False
"Knowledge Park - V, Greater Noida - UPPCB",Greater Noida,Uttar Pradesh,28.557054,77.453663,UPPCB,23-09-2026,SINGLE_SNAPSHOT_NOT_TIME_SERIES,194.0,159.0,7.0,66.0,44.0,15.0,30.0,7,0,100.0,515.0,73.57,44.0,187.0,PM2.5,194.0,PM2.5,False,False,False,False,False,2.4622,1.8087,-0.4749,2.6015,0.3615,2.2785,0.3039,357.35,139.94,8.75,82.85,2.2,3.75,30.0,357.35,Very Poor,357.35,FULL,False
"Shivaji Nagar, Rishikesh - UKPCB",Rishikesh,Uttarakhand,30.075911,78.2859547,UKPCB,23-09-2026,SINGLE_SNAPSHOT_NOT_TIME_SERIES,2.0,21.0,1.0,6.0,,2.0,34.0,6,1,85.7,66.0,11.0,6.0,33.0,OZONE,34.0,OZONE,False,False,True,False,False,-1.3186,-1.324,-0.9422,-0.9591,,-0.7236,0.5231,3.33,21.0,1.25,7.5,,0.5,34.0,34.0,Good,34.0,PARTIAL_HIGH_CONFIDENCE,False
"Asansol Court Area, Asansol - WBPCB",Asansol,West Bengal,23.685297,86.945968,WBPCB,23-09-2026,SINGLE_SNAPSHOT_NOT_TIME_SERIES,32.0,32.0,14.0,29.0,29.0,3.0,20.0,7,0,100.0,159.0,22.71,29.0,29.0,PM2.5,32.0,PM2.5,False,False,False,False,False,-0.7278,-1.0743,0.0702,0.4058,-0.2616,-0.4927,-0.2442,54.27,32.0,17.5,36.25,1.45,0.75,20.0,54.27,Satisfactory,54.27,FULL,False
"Evelyn Lodge, Asansol - WBPCB",Asansol,West Bengal,23.697936,86.944395,WBPCB,23-09-2026,SINGLE_SNAPSHOT_NOT_TIME_SERIES,18.0,20.0,4.0,15.0,18.0,5.0,9.0,7,0,100.0,89.0,12.71,15.0,16.0,PM10,20.0,PM2.5,False,False,False,False,False,-1.0035,-1.3467,-0.7086,-0.425,-0.7186,-0.0308,-0.847,30.0,20.0,5.0,18.75,0.9,1.25,9.0,30.0,Good,30.0,FULL,False
"SVSPA Campus, Barrackpore - WBPCB",Barrackpore,West Bengal,22.7605581,88.3617589,WBPCB,23-09-2026,SINGLE_SNAPSHOT_NOT_TIME_SERIES,23.0,30.0,14.0,9.0,32.0,6.0,16.0,7,0,100.0,130.0,18.57,16.0,26.0,CO,32.0,PM2.5,False,False,False,False,False,-0.9051,-1.1197,0.0702,-0.781,-0.137,0.2001,-0.4634,38.33,30.0,17.5,11.25,1.6,1.5,16.0,38.33,Good,38.33,FULL,False
"PCBL Residential Complex, Durgapur - WBPCB",Durgapur,West Bengal,23.508764,87.35444,WBPCB,23-09-2026,SINGLE_SNAPSHOT_NOT_TIME_SERIES,56.0,75.0,11.0,,32.0,,9.0,5,2,71.4,183.0,36.6,32.0,66.0,PM10,75.0,PM2.5,False,False,True,False,False,-0.2552,-0.0982,-0.1634,,-0.137,,-0.847,93.47,75.5,13.75,,1.6,,9.0,93.47,Satisfactory,93.47,PARTIAL_HIGH_CONFIDENCE,False
"Womens College_City Center, Durgapur - WBPCB",Durgapur,West Bengal,23.549395,87.300496,WBPCB,23-09-2026,SINGLE_SNAPSHOT_NOT_TIME_SERIES,13.0,32.0,12.0,25.0,34.0,2.0,22.0,7,0,100.0,140.0,20.0,22.0,32.0,CO,34.0,PM10,False,False,False,False,False,-1.102,-1.0743,-0.0855,0.1684,-0.0539,-0.7236,-0.1346,21.67,32.0,15.0,31.25,1.7,0.5,22.0,32.0,Good,32.0,FULL,False
"Priyambada Housing Estate, Haldia - WBPCB",Haldia,West Bengal,22.06047,88.109737,WBPCB,23-09-2026,SINGLE_SNAPSHOT_NOT_TIME_SERIES,14.0,25.0,12.0,17.0,28.0,8.0,17.0,7,0,100.0,121.0,17.29,17.0,20.0,CO,28.0,PM10,False,False,False,False,False,-1.0823,-1.2332,-0.0855,-0.3063,-0.3031,0.662,-0.4086,23.33,25.0,15.0,21.25,1.4,2.0,17.0,25.0,Good,25.0,FULL,False
"Dasnagar, Howrah - WBPCB",Howrah,West Bengal,22.6025571,88.3105664,WBPCB,23-09-2026,SINGLE_SNAPSHOT_NOT_TIME_SERIES,39.0,37.0,9.0,4.0,47.0,1.0,22.0,7,0,100.0,159.0,22.71,22.0,46.0,CO,47.0,PM2.5,False,False,False,False,False,-0.59,-0.9608,-0.3192,-1.0777,0.4861,-0.9545,-0.1346,65.7,37.0,11.25,5.0,2.35,0.25,22.0,65.7,Satisfactory,65.7,FULL,False
"Padmapukur, Howrah - WBPCB",Howrah,West Bengal,22.5687319,88.2797276,WBPCB,23-09-2026,SINGLE_SNAPSHOT_NOT_TIME_SERIES,37.0,71.0,5.0,29.0,53.0,7.0,18.0,7,0,100.0,220.0,31.43,29.0,66.0,PM10,71.0,PM10,False,False,False,False,False,-0.6294,-0.189,-0.6307,0.4058,0.7354,0.431,-0.3538,62.43,71.58,6.25,36.25,2.65,1.75,18.0,71.58,Satisfactory,71.58,FULL,False
"Botanical Garden, Howrah - WBPCB",Howrah,West Bengal,22.554954,88.292568,WBPCB,23-09-2026,SINGLE_SNAPSHOT_NOT_TIME_SERIES,44.0,41.0,9.0,13.0,6.0,2.0,48.0,7,0,100.0,163.0,23.29,13.0,46.0,OZONE,48.0,PM2.5,False,False,False,False,False,-0.4915,-0.87,-0.3192,-0.5437,-1.2171,-0.7236,1.2903,73.87,41.0,11.25,16.25,0.3,0.5,48.0,73.87,Satisfactory,73.87,FULL,False
"Fort William, Kolkata - WBPCB",Kolkata,West Bengal,22.55664,88.342674,WBPCB,23-09-2026,SINGLE_SNAPSHOT_NOT_TIME_SERIES,28.0,24.0,7.0,15.0,17.0,7.0,41.0,7,0,100.0,139.0,19.86,17.0,34.0,OZONE,41.0,PM2.5,False,False,False,False,False,-0.8066,-1.2559,-0.4749,-0.425,-0.7601,0.431,0.9067,46.67,24.0,8.75,18.75,0.85,1.75,41.0,46.67,Good,46.67,FULL,False
"Victoria, Kolkata - WBPCB",Kolkata,West Bengal,22.5448082,88.3403691,WBPCB,23-09-2026,SINGLE_SNAPSHOT_NOT_TIME_SERIES,31.0,57.0,5.0,14.0,24.0,4.0,26.0,7,0,100.0,161.0,23.0,24.0,53.0,PM10,57.0,PM10,False,False,False,False,False,-0.7475,-0.5068,-0.6307,-0.4843,-0.4693,-0.2618,0.0847,52.63,57.86,6.25,17.5,1.2,1.0,26.0,57.86,Satisfactory,57.86,FULL,False
"Rabindra Sarobar, Kolkata - WBPCB",Kolkata,West Bengal,22.51106,88.35142,WBPCB,23-09-2026,SINGLE_SNAPSHOT_NOT_TIME_SERIES,18.0,21.0,6.0,20.0,18.0,6.0,17.0,7,0,100.0,106.0,15.14,18.0,15.0,PM10,21.0,PM2.5,False,False,False,False,False,-1.0035,-1.324,-0.5528,-0.1283,-0.7186,0.2001,-0.4086,30.0,21.0,7.5,25.0,0.9,1.5,17.0,30.0,Good,30.0,FULL,False
"Kukrail Picnic Spot-1, Lucknow - UPPCB",Lucknow,Uttar Pradesh,26.90723,80.98579,UPPCB,23-09-2026,SINGLE_SNAPSHOT_NOT_TIME_SERIES,44.0,52.0,26.0,32.0,14.0,6.0,11.0,7,0,100.0,185.0,26.43,26.0,46.0,PM10,52.0,PM2.5,False,False,False,False,False,-0.4915,-0.6203,1.0048,0.5838,-0.8847,0.2001,-0.7374,73.87,52.96,32.5,40.0,0.7,1.5,11.0,73.87,Satisfactory,73.87,FULL,False
"Pallavpuram Phase 2, Meerut - UPPCB",Meerut,Uttar Pradesh,29.06351,77.709723,UPPCB,23-09-2026,SINGLE_SNAPSHOT_NOT_TIME_SERIES,139.0,126.0,24.0,34.0,19.0,10.0,36.0,7,0,100.0,388.0,55.43,34.0,129.0,PM2.5,139.0,PM2.5,False,False,False,False,False,1.3792,1.0596,0.849,0.7025,-0.677,1.1238,0.6327,315.47,118.16,30.0,42.5,0.95,2.5,36.0,315.47,Very Poor,315.47,FULL,False
"Ganga Nagar, Meerut - UPPCB",Meerut,Uttar Pradesh,28.999264,77.7590354,UPPCB,23-09-2026,SINGLE_SNAPSHOT_NOT_TIME_SERIES,98.0,127.0,9.0,30.0,56.0,9.0,54.0,7,0,100.0,383.0,54.71,54.0,118.0,PM10,127.0,PM2.5,False,False,False,False,False,0.5718,1.0823,-0.3192,0.4652,0.86,0.8929,1.6191,227.4,118.82,11.25,37.5,2.8,2.25,54.92,227.4,Poor,227.4,FULL,False
"MIET College, Meerut - UPPCB",Meerut,Uttar Pradesh,28.972677,77.641018,UPPCB,23-09-2026,SINGLE_SNAPSHOT_NOT_TIME_SERIES,146.0,107.0,4.0,27.0,59.0,5.0,103.0,7,0,100.0,451.0,64.43,59.0,142.0,PM2.5,146.0,PM2.5,False,False,False,False,False,1.517,0.6283,-0.7086,0.2871,0.9846,-0.0308,4.3045,320.8,105.62,5.0,33.75,2.95,1.25,105.37,320.8,Very Poor,320.8,FULL,False
"Jai Bhim Nagar, Meerut - UPPCB",Meerut,Uttar Pradesh,28.9535882,77.7622941,UPPCB,23-09-2026,SINGLE_SNAPSHOT_NOT_TIME_SERIES,79.0,109.0,9.0,24.0,74.0,6.0,44.0,7,0,100.0,345.0,49.29,44.0,103.0,PM10,109.0,PM2.5,False,False,False,False,False,0.1977,0.6737,-0.3192,0.1091,1.6078,0.2001,1.0711,163.7,106.94,11.25,30.0,3.7,1.5,44.0,163.7,Moderate,163.7,FULL,False
"Bidhannagar, Kolkata - WBPCB",Kolkata,West Bengal,22.58157048,88.41002457,WBPCB,23-09-2026,SINGLE_SNAPSHOT_NOT_TIME_SERIES,11.0,30.0,9.0,13.0,26.0,5.0,31.0,7,0,100.0,125.0,17.86,13.0,26.0,OZONE,31.0,OZONE,False,False,False,False,False,-1.1414,-1.1197,-0.3192,-0.5437,-0.3862,-0.0308,0.3587,18.33,30.0,11.25,16.25,1.3,1.25,31.0,31.0,Good,31.0,FULL,False
"Ward-32 Bapupara, Siliguri - WBPCB",Siliguri,West Bengal,26.6879226,88.4152495,WBPCB,23-09-2026,SINGLE_SNAPSHOT_NOT_TIME_SERIES,17.0,28.0,15.0,17.0,27.0,8.0,18.0,7,0,100.0,130.0,18.57,17.0,20.0,PM10,28.0,PM2.5,False,False,False,False,False,-1.0232,-1.1651,0.1481,-0.3063,-0.3447,0.662,-0.3538,28.33,28.0,18.75,21.25,1.35,2.0,18.0,28.33,Good,28.33,FULL,False
"Nawapara SECL Colony, Chhal - CECB",Chhal,Chhattisgarh,22.118125,83.140608,CECB,23-09-2026,SINGLE_SNAPSHOT_NOT_TIME_SERIES,26.0,45.0,20.0,5.0,21.0,2.0,52.0,7,0,100.0,171.0,24.43,21.0,50.0,OZONE,52.0,OZONE,False,False,False,False,False,-0.846,-0.7792,0.5375,-1.0184,-0.5939,-0.7236,1.5095,43.33,45.0,25.0,6.25,1.05,0.5,52.96,52.96,Satisfactory,52.96,FULL,False
"Jahangirpuri, Delhi - DPCC",Delhi,Delhi,28.73282,77.170633,DPCC,23-09-2026,SINGLE_SNAPSHOT_NOT_TIME_SERIES,163.0,169.0,14.0,33.0,102.0,11.0,9.0,7,0,100.0,501.0,71.57,33.0,160.0,PM10,169.0,PM2.5,False,False,False,False,False,1.8518,2.0357,0.0702,0.6432,2.7709,1.3548,-0.847,333.75,146.54,17.5,41.25,5.1,2.75,9.0,333.75,Very Poor,333.75,FULL,True
"Sri Aurobindo Marg, Delhi - DPCC",Delhi,Delhi,28.531346,77.190156,DPCC,23-09-2026,SINGLE_SNAPSHOT_NOT_TIME_SERIES,96.0,122.0,9.0,25.0,45.0,5.0,20.0,7,0,100.0,322.0,46.0,25.0,117.0,PM10,122.0,PM2.5,False,False,False,False,False,0.5324,0.9688,-0.3192,0.1684,0.4031,-0.0308,-0.2442,220.8,115.52,11.25,31.25,2.25,1.25,20.0,220.8,Poor,220.8,FULL,False
"GVM Corporation, Visakhapatnam - APPCB",Visakhapatnam,Andhra Pradesh,17.72,83.3,APPCB,23-09-2026,SINGLE_SNAPSHOT_NOT_TIME_SERIES,14.0,20.0,4.0,22.0,31.0,3.0,34.0,7,0,100.0,128.0,18.29,20.0,31.0,OZONE,34.0,OZONE,False,False,False,False,False,-1.0823,-1.3467,-0.7086,-0.0096,-0.1785,-0.4927,0.5231,23.33,20.0,5.0,27.5,1.55,0.75,34.0,34.0,Good,34.0,FULL,False
"Pan Bazaar, Guwahati - PCBA",Guwahati,Assam,26.1875,91.744194,PCBA,23-09-2026,SINGLE_SNAPSHOT_NOT_TIME_SERIES,,,37.0,2.0,8.0,1.0,13.0,5,2,71.4,61.0,12.2,8.0,36.0,SO2,37.0,SO2,False,False,True,False,False,,,1.8615,-1.1964,-1.134,-0.9545,-0.6278,,,46.25,2.5,0.4,0.25,13.0,46.25,Good,46.25,PARTIAL_HIGH_CONFIDENCE,False
"IITG, Guwahati - PCBA",Guwahati,Assam,26.2028636,91.70046436,PCBA,23-09-2026,SINGLE_SNAPSHOT_NOT_TIME_SERIES,10.0,,34.0,2.0,70.0,1.0,9.0,6,1,85.7,126.0,21.0,10.0,69.0,CO,70.0,SO2,False,False,True,False,False,-1.1611,,1.6278,-1.1964,1.4416,-0.9545,-0.847,16.67,,42.5,2.5,3.5,0.25,9.0,42.5,Good,42.5,PARTIAL_HIGH_CONFIDENCE,False
"SDM Office_Khagra, Kishanganj - BSPCB",Kishanganj,Bihar,26.0881305,87.93840336,BSPCB,23-09-2026,SINGLE_SNAPSHOT_NOT_TIME_SERIES,35.0,35.0,8.0,7.0,39.0,3.0,33.0,7,0,100.0,160.0,22.86,33.0,36.0,CO,39.0,PM2.5,False,False,False,False,False,-0.6688,-1.0062,-0.397,-0.8997,0.1538,-0.4927,0.4683,59.17,35.0,10.0,8.75,1.95,0.75,33.0,59.17,Satisfactory,59.17,FULL,False
"DRM Office Danapur, Patna - BSPCB",Patna,Bihar,25.586562,85.043586,BSPCB,23-09-2026,SINGLE_SNAPSHOT_NOT_TIME_SERIES,27.0,35.0,8.0,23.0,35.0,13.0,21.0,7,0,100.0,162.0,23.14,23.0,27.0,PM10,35.0,PM2.5,False,False,False,False,False,-0.8263,-1.0062,-0.397,0.0498,-0.0124,1.8166,-0.1894,45.0,35.0,10.0,28.75,1.75,3.25,21.0,45.0,Good,45.0,FULL,False
"Wazirpur, Delhi - DPCC",Delhi,Delhi,28.699793,77.165453,DPCC,23-09-2026,SINGLE_SNAPSHOT_NOT_TIME_SERIES,151.0,211.0,11.0,54.0,60.0,13.0,9.0,7,0,100.0,509.0,72.71,54.0,202.0,PM10,211.0,PM2.5,False,False,False,False,False,1.6155,2.9891,-0.1634,1.8894,1.0262,1.8166,-0.847,324.61,174.26,13.75,68.15,3.0,3.25,9.0,324.61,Very Poor,324.61,FULL,False
"Sonia Vihar, Delhi - DPCC",Delhi,Delhi,28.710508,77.249485,DPCC,23-09-2026,SINGLE_SNAPSHOT_NOT_TIME_SERIES,179.0,135.0,19.0,16.0,58.0,14.0,20.0,7,0,100.0,441.0,63.0,20.0,165.0,PM2.5,179.0,PM2.5,False,False,False,False,False,2.1668,1.2639,0.4596,-0.3656,0.9431,2.0475,-0.2442,345.93,124.1,23.75,20.0,2.9,3.5,20.0,345.93,Very Poor,345.93,FULL,False
"Kareemganj, Gaya - BSPCB",Gaya,Bihar,24.792403,84.992416,BSPCB,23-09-2026,SINGLE_SNAPSHOT_NOT_TIME_SERIES,26.0,57.0,41.0,3.0,73.0,1.0,40.0,7,0,100.0,241.0,34.43,40.0,72.0,CO,73.0,PM10,False,False,False,False,False,-0.846,-0.5068,2.173,-1.1371,1.5662,-0.9545,0.8519,43.33,57.86,52.23,3.75,3.65,0.25,40.0,57.86,Satisfactory,57.86,FULL,False
"Rajiv Nagar, Vijayawada - APPCB",Vijayawada,Andhra Pradesh,16.554731,80.64911,APPCB,23-09-2026,SINGLE_SNAPSHOT_NOT_TIME_SERIES,52.0,59.0,11.0,19.0,34.0,4.0,19.0,7,0,100.0,198.0,28.29,19.0,55.0,PM10,59.0,PM2.5,False,False,False,False,False,-0.334,-0.4614,-0.1634,-0.1876,-0.0539,-0.2618,-0.299,86.93,59.82,13.75,23.75,1.7,1.0,19.0,86.93,Satisfactory,86.93,FULL,False
"Urban Estate-II, Hisar - HSPCB",Hisar,Haryana,29.14056,75.744941,HSPCB,23-09-2026,SINGLE_SNAPSHOT_NOT_TIME_SERIES,90.0,102.0,25.0,24.0,9.0,10.0,56.0,7,0,100.0,316.0,45.14,25.0,93.0,PM10,102.0,PM2.5,False,False,False,False,False,0.4143,0.5147,0.9269,0.1091,-1.0924,1.1238,1.7287,200.0,102.32,31.25,30.0,0.45,2.5,56.88,200.0,Moderate,200.0,FULL,False
"Sector-12, Karnal - HSPCB",Karnal,Haryana,29.6953,77.0027,HSPCB,23-09-2026,SINGLE_SNAPSHOT_NOT_TIME_SERIES,39.0,44.0,13.0,15.0,42.0,8.0,12.0,7,0,100.0,173.0,24.71,15.0,36.0,PM10,44.0,PM2.5,False,False,False,False,False,-0.59,-0.8019,-0.0076,-0.425,0.2784,0.662,-0.6826,65.7,44.0,16.25,18.75,2.1,2.0,12.0,65.7,Satisfactory,65.7,FULL,False
"Najafgarh, Delhi - DPCC",Delhi,Delhi,28.570173,76.933762,DPCC,23-09-2026,SINGLE_SNAPSHOT_NOT_TIME_SERIES,92.0,122.0,29.0,21.0,34.0,6.0,16.0,7,0,100.0,320.0,45.71,29.0,116.0,PM10,122.0,PM2.5,False,False,False,False,False,0.4537,0.9688,1.2384,-0.0689,-0.0539,0.2001,-0.4634,207.6,115.52,36.25,26.25,1.7,1.5,16.0,207.6,Poor,207.6,FULL,False
"DTU, Delhi - CPCB",Delhi,Delhi,28.7500499,77.1112615,CPCB,23-09-2026,SINGLE_SNAPSHOT_NOT_TIME_SERIES,143.0,122.0,31.0,22.0,26.0,8.0,26.0,7,0,100.0,378.0,54.0,26.0,135.0,PM2.5,143.0,PM2.5,False,False,False,False,False,1.4579,0.9688,1.3942,-0.0096,-0.3862,0.662,0.0847,318.52,115.52,38.75,27.5,1.3,2.0,26.0,318.52,Very Poor,318.52,FULL,False
"IGI Airport (T3), Delhi - IITM",Delhi,Delhi,28.5627763,77.1180053,IITM,23-09-2026,SINGLE_SNAPSHOT_NOT_TIME_SERIES,75.0,139.0,,78.0,64.0,,87.0,5,2,71.4,443.0,88.6,78.0,75.0,PM10,139.0,PM2.5,False,False,True,False,False,0.1189,1.3547,,3.3136,1.1924,,3.4276,150.5,126.74,,97.55,3.2,,87.26,150.5,Moderate,150.5,PARTIAL_HIGH_CONFIDENCE,False
"Talkatora Garden, Delhi - DPCC",Delhi,Delhi,28.62181,77.1944633,DPCC,23-09-2026,SINGLE_SNAPSHOT_NOT_TIME_SERIES,109.0,103.0,2.0,18.0,75.0,2.0,18.0,7,0,100.0,327.0,46.71,18.0,107.0,PM2.5,109.0,PM2.5,False,False,False,False,False,0.7884,0.5375,-0.8643,-0.247,1.6493,-0.7236,-0.3538,263.7,102.98,2.5,22.5,3.75,0.5,18.0,263.7,Poor,263.7,FULL,False
"Khunmoh, Srinagar - JKPCC",Srinagar,Jammu and Kashmir,34.06313,74.96017,JKPCC,23-09-2026,SINGLE_SNAPSHOT_NOT_TIME_SERIES,6.0,85.0,4.0,20.0,,,,4,3,57.1,115.0,28.75,20.0,81.0,PM10,85.0,PM10,True,False,True,False,False,-1.2398,0.1288,-0.7086,-0.1283,,,,10.0,85.3,5.0,25.0,,,,85.3,Satisfactory,85.3,PARTIAL_HIGH_CONFIDENCE,False
"Hebbal, Bengaluru - KSPCB",Bengaluru,Karnataka,13.029152,77.585901,KSPCB,23-09-2026,SINGLE_SNAPSHOT_NOT_TIME_SERIES,,,,,30.0,,33.0,2,5,28.6,63.0,31.5,33.0,3.0,OZONE,33.0,OZONE,True,False,True,False,False,,,,,-0.2201,,0.4683,,,,,1.5,,33.0,33.0,Good,33.0,PARTIAL_LOW_CONFIDENCE,False
"Hombegowda Nagar, Bengaluru - KSPCB",Bengaluru,Karnataka,12.938539,77.5901,KSPCB,23-09-2026,SINGLE_SNAPSHOT_NOT_TIME_SERIES,29.0,51.0,5.0,13.0,20.0,1.0,17.0,7,0,100.0,136.0,19.43,17.0,50.0,PM10,51.0,PM10,False,False,False,False,False,-0.7869,-0.643,-0.6307,-0.5437,-0.6355,-0.9545,-0.4086,48.33,51.98,6.25,16.25,1.0,0.25,17.0,51.98,Satisfactory,51.98,FULL,False
"Peenya, Bengaluru - CPCB",Bengaluru,Karnataka,13.0270199,77.494094,CPCB,23-09-2026,SINGLE_SNAPSHOT_NOT_TIME_SERIES,22.0,,10.0,23.0,33.0,5.0,22.0,6,1,85.7,115.0,19.17,22.0,28.0,CO,33.0,PM2.5,False,False,True,False,False,-0.9248,,-0.2413,0.0498,-0.0954,-0.0308,-0.1346,36.67,,12.5,28.75,1.65,1.25,22.0,36.67,Good,36.67,PARTIAL_HIGH_CONFIDENCE,False
"Jigani, Bengaluru - KSPCB",Bengaluru,Karnataka,12.7816279,77.6299145,KSPCB,23-09-2026,SINGLE_SNAPSHOT_NOT_TIME_SERIES,,,,,35.0,,23.0,2,5,28.6,58.0,29.0,35.0,12.0,CO,35.0,OZONE,True,False,True,False,False,,,,,-0.0124,,-0.0798,,,,,1.75,,23.0,23.0,Good,23.0,PARTIAL_LOW_CONFIDENCE,False
"Phase-4 GIDC, Vatva - GPCB",Vatva,Gujarat,22.969611,72.6435,GPCB,23-09-2026,SINGLE_SNAPSHOT_NOT_TIME_SERIES,88.0,112.0,52.0,23.0,78.0,5.0,14.0,7,0,100.0,372.0,53.14,52.0,107.0,PM10,112.0,PM2.5,False,False,False,False,False,0.3749,0.7418,3.0297,0.0498,1.7739,-0.0308,-0.573,193.4,108.92,65.7,28.75,3.9,1.25,14.0,193.4,Moderate,193.4,FULL,False
"Chandkheda, Ahmedabad - IITM",Ahmedabad,Gujarat,23.107969,72.574648,IITM,23-09-2026,SINGLE_SNAPSHOT_NOT_TIME_SERIES,103.0,102.0,8.0,14.0,30.0,5.0,4.0,7,0,100.0,266.0,38.0,14.0,99.0,PM2.5,103.0,PM2.5,False,False,False,False,False,0.6703,0.5147,-0.397,-0.4843,-0.2201,-0.0308,-1.121,243.9,102.32,10.0,17.5,1.5,1.25,4.0,243.9,Poor,243.9,FULL,False
"SVPI Airport Hansol, Ahmedabad - IITM",Ahmedabad,Gujarat,23.076793,72.627874,IITM,23-09-2026,SINGLE_SNAPSHOT_NOT_TIME_SERIES,85.0,116.0,3.0,28.0,22.0,4.0,14.0,7,0,100.0,272.0,38.86,22.0,113.0,PM10,116.0,PM2.5,False,False,False,False,False,0.3158,0.8326,-0.7865,0.3465,-0.5524,-0.2618,-0.573,183.5,111.56,3.75,35.0,1.1,1.0,14.0,183.5,Moderate,183.5,FULL,False
"Sector-18, Panipat - HSPCB",Panipat,Haryana,29.432304,76.972765,HSPCB,23-09-2026,SINGLE_SNAPSHOT_NOT_TIME_SERIES,195.0,112.0,49.0,7.0,27.0,10.0,42.0,7,0,100.0,442.0,63.14,42.0,188.0,PM2.5,195.0,PM2.5,False,False,False,False,False,2.4819,0.7418,2.7961,-0.8997,-0.3447,1.1238,0.9615,358.12,108.92,62.02,8.75,1.35,2.5,42.0,358.12,Very Poor,358.12,FULL,False
"Collector Office, Yadgir - KSPCB",Yadgir,Karnataka,16.7602,77.1428,KSPCB,23-09-2026,SINGLE_SNAPSHOT_NOT_TIME_SERIES,24.0,37.0,15.0,2.0,27.0,1.0,18.0,7,0,100.0,124.0,17.71,18.0,36.0,PM10,37.0,PM2.5,False,False,False,False,False,-0.8854,-0.9608,0.1481,-1.1964,-0.3447,-0.9545,-0.3538,40.0,37.0,18.75,2.5,1.35,0.25,18.0,40.0,Good,40.0,FULL,False
"Bir, Beed - MPCB",Beed,Maharashtra,18.988474,75.753873,MPCB,23-09-2026,SINGLE_SNAPSHOT_NOT_TIME_SERIES,,,7.0,15.0,23.0,3.0,24.0,5,2,71.4,72.0,14.4,15.0,21.0,OZONE,24.0,OZONE,False,False,True,False,False,,,-0.4749,-0.425,-0.5108,-0.4927,-0.025,,,8.75,18.75,1.15,0.75,24.0,24.0,Good,24.0,PARTIAL_HIGH_CONFIDENCE,False
"Chauhan Colony, Chandrapur - MPCB",Chandrapur,Maharashtra,19.9629,79.298714,MPCB,23-09-2026,SINGLE_SNAPSHOT_NOT_TIME_SERIES,67.0,85.0,13.0,17.0,30.0,2.0,12.0,7,0,100.0,226.0,32.29,17.0,83.0,PM10,85.0,PM2.5,False,False,False,False,False,-0.0386,0.1288,-0.0076,-0.3063,-0.2201,-0.7236,-0.6826,124.1,85.3,16.25,21.25,1.5,0.5,12.0,124.1,Moderate,124.1,FULL,False
"MIDC Khutala, Chandrapur - MPCB",Chandrapur,Maharashtra,19.9775302,79.2337086,MPCB,23-09-2026,SINGLE_SNAPSHOT_NOT_TIME_SERIES,38.0,107.0,4.0,,40.0,,15.0,5,2,71.4,204.0,40.8,38.0,103.0,PM10,107.0,PM10,False,False,True,False,False,-0.6097,0.6283,-0.7086,,0.1954,,-0.5182,64.07,105.62,5.0,,2.0,,15.0,105.62,Moderate,105.62,PARTIAL_HIGH_CONFIDENCE,False
"Kalu Nagar, Dombivli - MPCB",Dombivli,Maharashtra,19.2268427,73.0788456,MPCB,23-09-2026,SINGLE_SNAPSHOT_NOT_TIME_SERIES,,,,,,,33.0,1,6,14.3,33.0,33.0,33.0,0.0,OZONE,33.0,OZONE,True,False,True,False,False,,,,,,,0.4683,,,,,,,33.0,33.0,Good,33.0,SINGLE_POLLUTANT_ONLY,False
"Tamaka Ind. Area, Kolar - KSPCB",Kolar,Karnataka,13.1276288,78.1570122,KSPCB,23-09-2026,SINGLE_SNAPSHOT_NOT_TIME_SERIES,,,,,,,29.0,1,6,14.3,29.0,29.0,29.0,0.0,OZONE,29.0,OZONE,True,False,True,False,False,,,,,,,0.2491,,,,,,,29.0,29.0,Good,29.0,SINGLE_POLLUTANT_ONLY,False
"Stuart Hill, Madikeri - KSPCB",Madikeri,Karnataka,12.415911,75.73505,KSPCB,23-09-2026,SINGLE_SNAPSHOT_NOT_TIME_SERIES,,,,,63.0,,19.0,2,5,28.6,82.0,41.0,63.0,44.0,CO,63.0,OZONE,True,False,True,False,False,,,,,1.1508,,-0.299,,,,,3.15,,19.0,19.0,Good,19.0,PARTIAL_LOW_CONFIDENCE,False
"Siddharth Nagar-Worli, Mumbai - IITM",Mumbai,Maharashtra,19.000083,72.813993,IITM,23-09-2026,SINGLE_SNAPSHOT_NOT_TIME_SERIES,13.0,34.0,,23.0,29.0,1.0,23.0,6,1,85.7,123.0,20.5,23.0,33.0,PM10,34.0,PM10,False,False,True,False,False,-1.102,-1.0289,,0.0498,-0.2616,-0.9545,-0.0798,21.67,34.0,,28.75,1.45,0.25,23.0,34.0,Good,34.0,PARTIAL_HIGH_CONFIDENCE,False
"Sinchan Bhavan, Kolhapur - MPCB",Kolhapur,Maharashtra,16.7143745,74.2426398,MPCB,23-09-2026,SINGLE_SNAPSHOT_NOT_TIME_SERIES,28.0,30.0,1.0,7.0,10.0,1.0,26.0,7,0,100.0,103.0,14.71,10.0,29.0,PM10,30.0,PM2.5,False,False,False,False,False,-0.8066,-1.1197,-0.9422,-0.8997,-1.0509,-0.9545,0.0847,46.67,30.0,1.25,8.75,0.5,0.25,26.0,46.67,Good,46.67,FULL,False
"Sion, Mumbai - MPCB",Mumbai,Maharashtra,19.047,72.8746,MPCB,23-09-2026,SINGLE_SNAPSHOT_NOT_TIME_SERIES,,,5.0,,20.0,,,2,5,28.6,25.0,12.5,20.0,15.0,CO,20.0,SO2,True,False,True,False,False,,,-0.6307,,-0.6355,,,,,6.25,,1.0,,,6.25,Good,6.25,PARTIAL_LOW_CONFIDENCE,False
"Shivneri Colony, Amravati - MPCB",Amravati,Maharashtra,20.9402359,77.7895248,MPCB,23-09-2026,SINGLE_SNAPSHOT_NOT_TIME_SERIES,28.0,41.0,3.0,9.0,15.0,2.0,15.0,7,0,100.0,113.0,16.14,15.0,39.0,PM10,41.0,PM2.5,False,False,False,False,False,-0.8066,-0.87,-0.7865,-0.781,-0.8432,-0.7236,-0.5182,46.67,41.0,3.75,11.25,0.75,0.5,15.0,46.67,Good,46.67,FULL,False
"MIDC Chilkalthana, Aurangabad - MPCB",Aurangabad,Maharashtra,19.87562,75.38731,MPCB,23-09-2026,SINGLE_SNAPSHOT_NOT_TIME_SERIES,,,3.0,1.0,27.0,6.0,3.0,5,2,71.4,40.0,8.0,3.0,26.0,CO,27.0,SO2,False,False,True,False,False,,,-0.7865,-1.2558,-0.3447,0.2001,-1.1758,,,3.75,1.25,1.35,1.5,3.0,3.75,Good,3.75,PARTIAL_HIGH_CONFIDENCE,False
"Rachnakar Colony, Aurangabad - MPCB",Aurangabad,Maharashtra,19.863756,75.321188,MPCB,23-09-2026,SINGLE_SNAPSHOT_NOT_TIME_SERIES,62.0,57.0,2.0,14.0,29.0,1.0,10.0,7,0,100.0,175.0,25.0,14.0,61.0,PM2.5,62.0,PM2.5,False,False,False,False,False,-0.1371,-0.5068,-0.8643,-0.4843,-0.2616,-0.9545,-0.7922,107.6,57.86,2.5,17.5,1.45,0.25,10.0,107.6,Moderate,107.6,FULL,False
"Bandra Kurla Complex, Mumbai - MPCB",Mumbai,Maharashtra,19.065931,72.862131,MPCB,23-09-2026,SINGLE_SNAPSHOT_NOT_TIME_SERIES,,,,,22.0,,19.0,2,5,28.6,41.0,20.5,22.0,3.0,CO,22.0,OZONE,True,False,True,False,False,,,,,-0.5524,,-0.299,,,,,1.1,,19.0,19.0,Good,19.0,PARTIAL_LOW_CONFIDENCE,False
"Shivaji Nagar, Mumbai - BMC",Mumbai,Maharashtra,19.060498,72.923356,BMC,23-09-2026,SINGLE_SNAPSHOT_NOT_TIME_SERIES,45.0,44.0,7.0,23.0,9.0,6.0,13.0,7,0,100.0,147.0,21.0,13.0,39.0,PM2.5,45.0,PM2.5,False,False,False,False,False,-0.4718,-0.8019,-0.4749,0.0498,-1.0924,0.2001,-0.6278,75.5,44.0,8.75,28.75,0.45,1.5,13.0,75.5,Satisfactory,75.5,FULL,False
"Sikulpuikawn, Aizawl - Mizoram PCB",Aizawl,Mizoram,23.7176342,92.7192841,Mizoram PCB,23-09-2026,SINGLE_SNAPSHOT_NOT_TIME_SERIES,,12.0,15.0,1.0,3.0,0.0,1.0,6,1,85.7,32.0,5.33,3.0,15.0,SO2,15.0,SO2,False,False,True,False,False,,-1.5283,0.1481,-1.2558,-1.3417,-1.1855,-1.2854,,12.0,18.75,1.25,0.15,0.0,1.0,18.75,Good,18.75,PARTIAL_HIGH_CONFIDENCE,False
"PWD Junction, Kohima - NPCB",Kohima,Nagaland,25.6635413,94.0989878,NPCB,23-09-2026,SINGLE_SNAPSHOT_NOT_TIME_SERIES,,,,,3.0,,4.0,2,5,28.6,7.0,3.5,4.0,1.0,OZONE,4.0,OZONE,True,False,True,False,False,,,,,-1.3417,,-1.121,,,,,0.15,,4.0,4.0,Good,4.0,PARTIAL_LOW_CONFIDENCE,False
"Meher Colony, Baripada - OSPCB",Baripada,Odisha,21.941841,86.728318,OSPCB,23-09-2026,SINGLE_SNAPSHOT_NOT_TIME_SERIES,8.0,,7.0,10.0,9.0,2.0,40.0,6,1,85.7,76.0,12.67,9.0,38.0,OZONE,40.0,OZONE,False,False,True,False,False,-1.2004,,-0.4749,-0.7217,-1.0924,-0.7236,0.8519,13.33,,8.75,12.5,0.45,0.5,40.0,40.0,Good,40.0,PARTIAL_HIGH_CONFIDENCE,False
"Bhoiwada, Dungarpur - RSPCB",Dungarpur,Rajasthan,23.837789,73.714926,RSPCB,23-09-2026,SINGLE_SNAPSHOT_NOT_TIME_SERIES,72.0,76.0,6.0,12.0,22.0,7.0,28.0,7,0,100.0,223.0,31.86,22.0,70.0,PM10,76.0,PM2.5,False,False,False,False,False,0.0598,-0.0755,-0.5528,-0.603,-0.5524,0.431,0.1943,140.6,76.48,7.5,15.0,1.1,1.75,28.0,140.6,Moderate,140.6,FULL,False
"Adarsh Nagar, Jaipur - RSPCB",Jaipur,Rajasthan,26.902909,75.836858,RSPCB,23-09-2026,SINGLE_SNAPSHOT_NOT_TIME_SERIES,82.0,103.0,21.0,31.0,41.0,8.0,42.0,7,0,100.0,328.0,46.86,41.0,95.0,PM10,103.0,PM2.5,False,False,False,False,False,0.2567,0.5375,0.6154,0.5245,0.2369,0.662,0.9615,173.6,102.98,26.25,38.75,2.05,2.0,42.0,173.6,Moderate,173.6,FULL,False
"Tondare-Taloja, Navi Mumbai - MPCB",Navi Mumbai,Maharashtra,19.063,73.1209,MPCB,23-09-2026,SINGLE_SNAPSHOT_NOT_TIME_SERIES,49.0,41.0,2.0,11.0,35.0,4.0,20.0,7,0,100.0,162.0,23.14,20.0,47.0,PM2.5,49.0,PM2.5,False,False,False,False,False,-0.3931,-0.87,-0.8643,-0.6624,-0.0124,-0.2618,-0.2442,82.03,41.0,2.5,13.75,1.75,1.0,20.0,82.03,Satisfactory,82.03,FULL,False
"Bhosari, Pune - IITM",Pimpri-Chinchwad,Maharashtra,18.640051,73.848956,IITM,23-09-2026,SINGLE_SNAPSHOT_NOT_TIME_SERIES,59.0,63.0,,38.0,35.0,,18.0,5,2,71.4,213.0,42.6,38.0,45.0,PM10,63.0,PM2.5,False,False,True,False,False,-0.1962,-0.3706,,0.9399,-0.0124,,-0.3538,98.37,63.74,,47.5,1.75,,18.0,98.37,Satisfactory,98.37,PARTIAL_HIGH_CONFIDENCE,False
"Bhumkar Nagar, Pune - IITM",Pimpri-Chinchwad,Maharashtra,18.60577,73.749976,IITM,23-09-2026,SINGLE_SNAPSHOT_NOT_TIME_SERIES,44.0,57.0,,18.0,35.0,,43.0,5,2,71.4,197.0,39.4,43.0,39.0,PM10,57.0,PM2.5,False,False,True,False,False,-0.4915,-0.5068,,-0.247,-0.0124,,1.0163,73.87,57.86,,22.5,1.75,,43.0,73.87,Satisfactory,73.87,PARTIAL_HIGH_CONFIDENCE,False
"Park Street Wakad, Pimpri Chinchwad - MPCB",Pimpri-Chinchwad,Maharashtra,18.59051,73.77946,MPCB,23-09-2026,SINGLE_SNAPSHOT_NOT_TIME_SERIES,36.0,55.0,,26.0,19.0,,19.0,5,2,71.4,155.0,31.0,26.0,36.0,PM10,55.0,PM2.5,False,False,True,False,False,-0.6491,-0.5522,,0.2278,-0.677,,-0.299,60.8,55.9,,32.5,0.95,,19.0,60.8,Satisfactory,60.8,PARTIAL_HIGH_CONFIDENCE,False
"Vithalwadi, Ulhasnagar - MPCB",Ulhasnagar,Maharashtra,19.2307571,73.155192,MPCB,23-09-2026,SINGLE_SNAPSHOT_NOT_TIME_SERIES,26.0,43.0,8.0,9.0,13.0,5.0,7.0,7,0,100.0,111.0,15.86,9.0,38.0,PM10,43.0,PM2.5,False,False,False,False,False,-0.846,-0.8246,-0.397,-0.781,-0.9263,-0.0308,-0.9566,43.33,43.0,10.0,11.25,0.65,1.25,7.0,43.33,Good,43.33,FULL,False
"Barsua Iron Ore Mines, Tensa - OSPCB",Tensa,Odisha,21.869985,85.167016,OSPCB,23-09-2026,SINGLE_SNAPSHOT_NOT_TIME_SERIES,10.0,27.0,27.0,,25.0,,5.0,5,2,71.4,94.0,18.8,25.0,22.0,PM10,27.0,SO2,False,False,True,False,False,-1.1611,-1.1878,1.0827,,-0.4278,,-1.0662,16.67,27.0,33.75,,1.25,,5.0,33.75,Good,33.75,PARTIAL_HIGH_CONFIDENCE,False
"RIMT University, Mandi Gobindgarh - PPCB",Mandi Gobindgarh,Punjab,30.649961,76.331442,PPCB,23-09-2026,SINGLE_SNAPSHOT_NOT_TIME_SERIES,179.0,127.0,12.0,24.0,43.0,5.0,35.0,7,0,100.0,425.0,60.71,35.0,174.0,PM2.5,179.0,PM2.5,False,False,False,False,False,2.1668,1.0823,-0.0855,0.1091,0.32,-0.0308,0.5779,345.93,118.82,15.0,30.0,2.15,1.25,35.0,345.93,Very Poor,345.93,FULL,False
"CDA Area, Cuttack - OSPCB",Cuttack,Odisha,20.48891,85.84768,OSPCB,23-09-2026,SINGLE_SNAPSHOT_NOT_TIME_SERIES,,16.0,17.0,15.0,20.0,5.0,57.0,6,1,85.7,130.0,21.67,17.0,52.0,OZONE,57.0,OZONE,False,False,True,False,False,,-1.4375,0.3039,-0.425,-0.6355,-0.0308,1.7835,,16.0,21.25,18.75,1.0,1.25,57.86,57.86,Satisfactory,57.86,PARTIAL_HIGH_CONFIDENCE,False
"Sector-2, Rourkela - OSPCB",Rourkela,Odisha,22.245,84.88111111,OSPCB,23-09-2026,SINGLE_SNAPSHOT_NOT_TIME_SERIES,28.0,23.0,,14.0,10.0,,,4,3,57.1,75.0,18.75,23.0,18.0,PM2.5,28.0,PM2.5,True,False,True,False,False,-0.8066,-1.2786,,-0.4843,-1.0509,,,46.67,23.0,,17.5,0.5,,,46.67,Good,46.67,PARTIAL_HIGH_CONFIDENCE,False
"Talcher Coalfields,Talcher - OSPCB",Talcher,Odisha,20.9360711,85.1707021,OSPCB,23-09-2026,SINGLE_SNAPSHOT_NOT_TIME_SERIES,,10.0,24.0,10.0,23.0,4.0,16.0,6,1,85.7,87.0,14.5,16.0,20.0,SO2,24.0,SO2,False,False,True,False,False,,-1.5737,0.849,-0.7217,-0.5108,-0.2618,-0.4634,,10.0,30.0,12.5,1.15,1.0,16.0,30.0,Good,30.0,PARTIAL_HIGH_CONFIDENCE,False
"Mhada Colony, Pune - IITM",Pune,Maharashtra,18.57304,73.927715,IITM,23-09-2026,SINGLE_SNAPSHOT_NOT_TIME_SERIES,62.0,82.0,,33.0,57.0,,17.0,5,2,71.4,251.0,50.2,57.0,65.0,PM10,82.0,PM2.5,False,False,True,False,False,-0.1371,0.0607,,0.6432,0.9016,,-0.4086,107.6,82.36,,41.25,2.85,,17.0,107.6,Moderate,107.6,PARTIAL_HIGH_CONFIDENCE,False
"Vijay Nagar, Sangli - MPCB",Sangli,Maharashtra,16.5038,74.3623,MPCB,23-09-2026,SINGLE_SNAPSHOT_NOT_TIME_SERIES,39.0,31.0,6.0,10.0,17.0,3.0,13.0,7,0,100.0,119.0,17.0,13.0,36.0,PM2.5,39.0,PM2.5,False,False,False,False,False,-0.59,-1.097,-0.5528,-0.7217,-0.7601,-0.4927,-0.6278,65.7,31.0,7.5,12.5,0.85,0.75,13.0,65.7,Satisfactory,65.7,FULL,False
"Mahal, Nagpur - MPCB",Nagpur,Maharashtra,21.14472,79.107595,MPCB,23-09-2026,SINGLE_SNAPSHOT_NOT_TIME_SERIES,78.0,49.0,9.0,16.0,22.0,4.0,15.0,7,0,100.0,193.0,27.57,16.0,74.0,PM2.5,78.0,PM2.5,False,False,False,False,False,0.178,-0.6884,-0.3192,-0.3656,-0.5524,-0.2618,-0.5182,160.4,49.0,11.25,20.0,1.1,1.0,15.0,160.4,Moderate,160.4,FULL,False
"MIDC Ambad, Nashik - MPCB",Nashik,Maharashtra,19.95022,73.73148,MPCB,23-09-2026,SINGLE_SNAPSHOT_NOT_TIME_SERIES,48.0,73.0,1.0,12.0,16.0,3.0,19.0,7,0,100.0,172.0,24.57,16.0,72.0,PM10,73.0,PM2.5,False,False,False,False,False,-0.4128,-0.1436,-0.9422,-0.603,-0.8016,-0.4927,-0.299,80.4,73.54,1.25,15.0,0.8,0.75,19.0,80.4,Satisfactory,80.4,FULL,False
"Rajanpur, Gajraula - UPPCB",Gajraula,Uttar Pradesh,28.829109,78.248796,UPPCB,23-09-2026,SINGLE_SNAPSHOT_NOT_TIME_SERIES,174.0,157.0,10.0,47.0,100.0,1.0,14.0,7,0,100.0,503.0,71.86,47.0,173.0,PM2.5,174.0,PM2.5,False,False,False,False,False,2.0684,1.7633,-0.2413,1.474,2.6879,-0.9545,-0.573,342.12,138.62,12.5,59.58,5.0,0.25,14.0,342.12,Very Poor,342.12,FULL,False
"Govindpuram, Ghaziabad - UPPCB",Ghaziabad,Uttar Pradesh,28.694528,77.494705,UPPCB,23-09-2026,SINGLE_SNAPSHOT_NOT_TIME_SERIES,113.0,97.0,15.0,31.0,32.0,,26.0,6,1,85.7,314.0,52.33,32.0,98.0,PM2.5,113.0,PM2.5,False,False,True,False,False,0.8672,0.4012,0.1481,0.5245,-0.137,,0.0847,276.9,97.06,18.75,38.75,1.6,,26.0,276.9,Poor,276.9,PARTIAL_HIGH_CONFIDENCE,False
"Rajlaxmi Nagar, Jhalawar - RSPCB",Jhalawar,Rajasthan,24.588397,76.172782,RSPCB,23-09-2026,SINGLE_SNAPSHOT_NOT_TIME_SERIES,73.0,84.0,11.0,34.0,14.0,8.0,20.0,7,0,100.0,244.0,34.86,20.0,76.0,PM10,84.0,PM2.5,False,False,False,False,False,0.0795,0.1061,-0.1634,0.7025,-0.8847,0.662,-0.2442,143.9,84.32,13.75,42.5,0.7,2.0,20.0,143.9,Moderate,143.9,FULL,False
"Samrat Ashok Udhyan, Jodhpur - RSPCB",Jodhpur,Rajasthan,26.253384,72.976571,RSPCB,23-09-2026,SINGLE_SNAPSHOT_NOT_TIME_SERIES,59.0,120.0,3.0,29.0,16.0,,56.0,6,1,85.7,283.0,47.17,56.0,117.0,PM10,120.0,PM10,False,False,True,False,False,-0.1962,0.9234,-0.7865,0.4058,-0.8016,,1.7287,98.37,114.2,3.75,36.25,0.8,,56.88,114.2,Moderate,114.2,PARTIAL_HIGH_CONFIDENCE,False
"Mandor, Jodhpur - RSPCB",Jodhpur,Rajasthan,26.358805,73.047444,RSPCB,23-09-2026,SINGLE_SNAPSHOT_NOT_TIME_SERIES,40.0,108.0,7.0,25.0,16.0,7.0,50.0,7,0,100.0,253.0,36.14,25.0,101.0,PM10,108.0,PM10,False,False,False,False,False,-0.5703,0.651,-0.4749,0.1684,-0.8016,0.431,1.3999,67.33,106.28,8.75,31.25,0.8,1.75,50.0,106.28,Moderate,106.28,FULL,False
"Sector-3B Avas Vikas Colony, Agra - UPPCB",Agra,Uttar Pradesh,27.19412,77.96237,UPPCB,23-09-2026,SINGLE_SNAPSHOT_NOT_TIME_SERIES,86.0,111.0,26.0,35.0,55.0,4.0,19.0,7,0,100.0,336.0,48.0,35.0,107.0,PM10,111.0,PM2.5,False,False,False,False,False,0.3355,0.7191,1.0048,0.7619,0.8185,-0.2618,-0.299,186.8,108.26,32.5,43.75,2.75,1.0,19.0,186.8,Moderate,186.8,FULL,False
"SRM University, Modinagar - UPPCB",Modinagar,Uttar Pradesh,28.798171,77.540243,UPPCB,23-09-2026,SINGLE_SNAPSHOT_NOT_TIME_SERIES,129.0,85.0,9.0,33.0,29.0,4.0,109.0,7,0,100.0,398.0,56.86,33.0,125.0,PM2.5,129.0,PM2.5,False,False,False,False,False,1.1822,0.1288,-0.3192,0.6432,-0.2616,-0.2618,4.6333,307.85,85.3,11.25,41.25,1.45,1.0,114.1,307.85,Very Poor,307.85,FULL,False
"Kashiram Nagar, Moradabad - UPPCB",Moradabad,Uttar Pradesh,28.849399,78.742362,UPPCB,23-09-2026,SINGLE_SNAPSHOT_NOT_TIME_SERIES,96.0,111.0,21.0,25.0,40.0,4.0,17.0,7,0,100.0,314.0,44.86,25.0,107.0,PM10,111.0,PM2.5,False,False,False,False,False,0.5324,0.7191,0.6154,0.1684,0.1954,-0.2618,-0.4086,220.8,108.26,26.25,31.25,2.0,1.0,17.0,220.8,Poor,220.8,FULL,False
"Nacharam_TSIIC IALA, Hyderabad - TSPCB",Hyderabad,Telangana,17.429398,78.569354,TSPCB,23-09-2026,SINGLE_SNAPSHOT_NOT_TIME_SERIES,34.0,56.0,13.0,14.0,34.0,5.0,24.0,7,0,100.0,180.0,25.71,24.0,51.0,PM10,56.0,PM2.5,False,False,False,False,False,-0.6885,-0.5295,-0.0076,-0.4843,-0.0539,-0.0308,-0.025,57.53,56.88,16.25,17.5,1.7,1.25,24.0,57.53,Satisfactory,57.53,FULL,False
"Manali Village, Chennai - TNPCB",Chennai,Tamil Nadu,13.1662,80.2584,TNPCB,23-09-2026,SINGLE_SNAPSHOT_NOT_TIME_SERIES,42.0,57.0,12.0,19.0,48.0,2.0,,6,1,85.7,180.0,30.0,42.0,55.0,PM10,57.0,PM2.5,False,False,True,False,False,-0.5309,-0.5068,-0.0855,-0.1876,0.5277,-0.7236,,70.6,57.86,15.0,23.75,2.4,0.5,,70.6,Satisfactory,70.6,PARTIAL_HIGH_CONFIDENCE,False
"Vasundhara, Ghaziabad - UPPCB",Ghaziabad,Uttar Pradesh,28.6603346,77.3572563,UPPCB,23-09-2026,SINGLE_SNAPSHOT_NOT_TIME_SERIES,193.0,176.0,25.0,44.0,51.0,8.0,30.0,7,0,100.0,527.0,75.29,44.0,185.0,PM2.5,193.0,PM2.5,False,False,False,False,False,2.4425,2.1946,0.9269,1.2959,0.6523,0.662,0.3039,356.59,151.16,31.25,55.9,2.55,2.0,30.0,356.59,Very Poor,356.59,FULL,False
"Madan Mohan Malaviya University of Technology, Gorakhpur - UPPCB",Gorakhpur,Uttar Pradesh,26.730136,83.433859,UPPCB,23-09-2026,SINGLE_SNAPSHOT_NOT_TIME_SERIES,88.0,71.0,50.0,11.0,6.0,1.0,1.0,7,0,100.0,228.0,32.57,11.0,87.0,PM2.5,88.0,PM2.5,False,False,False,False,False,0.3749,-0.189,2.8739,-0.6624,-1.2171,-0.9545,-1.2854,193.4,71.58,63.25,13.75,0.3,0.25,1.0,193.4,Moderate,193.4,FULL,False
"Nehru Nagar, Kanpur - UPPCB",Kanpur,Uttar Pradesh,26.4703136,80.3229863,UPPCB,23-09-2026,SINGLE_SNAPSHOT_NOT_TIME_SERIES,39.0,35.0,12.0,46.0,52.0,,15.0,6,1,85.7,199.0,33.17,39.0,40.0,CO,52.0,PM2.5,False,False,True,False,False,-0.59,-1.0062,-0.0855,1.4146,0.6939,,-0.5182,65.7,35.0,15.0,58.35,2.6,,15.0,65.7,Satisfactory,65.7,PARTIAL_HIGH_CONFIDENCE,False
"Kendriya Vidyalaya, Lucknow - CPCB",Lucknow,Uttar Pradesh,26.906111,80.948222,CPCB,23-09-2026,SINGLE_SNAPSHOT_NOT_TIME_SERIES,88.0,83.0,7.0,32.0,41.0,17.0,50.0,7,0,100.0,318.0,45.43,41.0,81.0,PM2.5,88.0,PM2.5,False,False,False,False,False,0.3749,0.0834,-0.4749,0.5838,0.2369,2.7403,1.3999,193.4,83.34,8.75,40.0,2.05,4.25,50.0,193.4,Moderate,193.4,FULL,False
"Talkatora District Industries Center, Lucknow - CPCB",Lucknow,Uttar Pradesh,26.83399722,80.8917361,CPCB,23-09-2026,SINGLE_SNAPSHOT_NOT_TIME_SERIES,55.0,73.0,12.0,26.0,41.0,16.0,76.0,7,0,100.0,299.0,42.71,41.0,64.0,OZONE,76.0,PM2.5,False,False,False,False,False,-0.2749,-0.1436,-0.0855,0.2278,0.2369,2.5094,2.8248,91.83,73.54,15.0,32.5,2.05,4.0,76.48,91.83,Satisfactory,91.83,FULL,False
"Nayapura, Kota - RSPCB",Kota,Rajasthan,25.196024,75.855668,RSPCB,23-09-2026,SINGLE_SNAPSHOT_NOT_TIME_SERIES,76.0,99.0,3.0,33.0,18.0,6.0,47.0,7,0,100.0,282.0,40.29,33.0,96.0,PM10,99.0,PM2.5,False,False,False,False,False,0.1386,0.4466,-0.7865,0.6432,-0.7186,0.2001,1.2355,153.8,99.02,3.75,41.25,0.9,1.5,47.0,153.8,Moderate,153.8,FULL,False
"Dhanmandi, Kota - RSPCB",Kota,Rajasthan,25.16409,75.858137,RSPCB,23-09-2026,SINGLE_SNAPSHOT_NOT_TIME_SERIES,66.0,100.0,6.0,39.0,24.0,3.0,27.0,7,0,100.0,265.0,37.86,27.0,97.0,PM10,100.0,PM2.5,False,False,False,False,False,-0.0583,0.4693,-0.5528,0.9992,-0.4693,-0.4927,0.1395,120.8,100.0,7.5,48.75,1.2,0.75,27.0,120.8,Moderate,120.8,FULL,False
"Sector-116, Noida - UPPCB",Noida,Uttar Pradesh,28.56923,77.393848,UPPCB,23-09-2026,SINGLE_SNAPSHOT_NOT_TIME_SERIES,193.0,169.0,17.0,62.0,64.0,13.0,32.0,7,0,100.0,550.0,78.57,62.0,180.0,PM2.5,193.0,PM2.5,False,False,False,False,False,2.4425,2.0357,0.3039,2.3641,1.1924,1.8166,0.4135,356.59,146.54,21.25,77.95,3.2,3.25,32.0,356.59,Very Poor,356.59,FULL,False
"Mahabir Colliery, Asansol - WBPCB",Asansol,West Bengal,23.618183,87.105718,WBPCB,23-09-2026,SINGLE_SNAPSHOT_NOT_TIME_SERIES,17.0,24.0,10.0,4.0,19.0,2.0,10.0,7,0,100.0,86.0,12.29,10.0,22.0,PM10,24.0,PM2.5,False,False,False,False,False,-1.0232,-1.2559,-0.2413,-1.0777,-0.677,-0.7236,-0.7922,28.33,24.0,12.5,5.0,0.95,0.5,10.0,28.33,Good,28.33,FULL,False
"Trivenidevi Bhalotia College, Asansol - WBPCB",Asansol,West Bengal,23.616515,87.119133,WBPCB,23-09-2026,SINGLE_SNAPSHOT_NOT_TIME_SERIES,25.0,35.0,12.0,17.0,40.0,4.0,10.0,7,0,100.0,143.0,20.43,17.0,36.0,CO,40.0,PM2.5,False,False,False,False,False,-0.8657,-1.0062,-0.0855,-0.3063,0.1954,-0.2618,-0.7922,41.67,35.0,15.0,21.25,2.0,1.0,10.0,41.67,Good,41.67,FULL,False
"Mahishkapur Road_B-Zone, Durgapur - WBPCB",Durgapur,West Bengal,23.567923,87.306843,WBPCB,23-09-2026,SINGLE_SNAPSHOT_NOT_TIME_SERIES,62.0,63.0,1.0,4.0,108.0,0.0,21.0,7,0,100.0,259.0,37.0,21.0,108.0,CO,108.0,PM2.5,False,True,False,False,False,-0.1371,-0.3706,-0.9422,-1.0777,3.0202,-1.1855,-0.1894,107.6,63.74,1.25,5.0,5.4,0.0,21.0,107.6,Moderate,107.6,FULL,True
"Ghusuri, Howrah - WBPCB",Howrah,West Bengal,22.611968,88.347422,WBPCB,23-09-2026,SINGLE_SNAPSHOT_NOT_TIME_SERIES,22.0,29.0,9.0,26.0,18.0,11.0,21.0,7,0,100.0,136.0,19.43,21.0,20.0,PM10,29.0,PM2.5,False,False,False,False,False,-0.9248,-1.1424,-0.3192,0.2278,-0.7186,1.3548,-0.1894,36.67,29.0,11.25,32.5,0.9,2.75,21.0,36.67,Good,36.67,FULL,False
"Belur Math, Howrah - WBPCB",Howrah,West Bengal,22.629801,88.352017,WBPCB,23-09-2026,SINGLE_SNAPSHOT_NOT_TIME_SERIES,14.0,21.0,8.0,32.0,12.0,10.0,9.0,7,0,100.0,106.0,15.14,12.0,24.0,NO2,32.0,NO2,False,False,False,False,False,-1.0823,-1.324,-0.397,0.5838,-0.9678,1.1238,-0.847,23.33,21.0,10.0,40.0,0.6,2.5,9.0,40.0,Good,40.0,FULL,False
"Rabindra Bharati University, Kolkata - WBPCB",Kolkata,West Bengal,22.627847,88.380669,WBPCB,23-09-2026,SINGLE_SNAPSHOT_NOT_TIME_SERIES,21.0,26.0,9.0,18.0,26.0,5.0,34.0,7,0,100.0,139.0,19.86,21.0,29.0,OZONE,34.0,PM2.5,False,False,False,False,False,-0.9444,-1.2105,-0.3192,-0.247,-0.3862,-0.0308,0.5231,35.0,26.0,11.25,22.5,1.3,1.25,34.0,35.0,Good,35.0,FULL,False
"Jadavpur, Kolkata - WBPCB",Kolkata,West Bengal,22.49929,88.36917,WBPCB,23-09-2026,SINGLE_SNAPSHOT_NOT_TIME_SERIES,28.0,26.0,6.0,30.0,35.0,12.0,11.0,7,0,100.0,148.0,21.14,26.0,29.0,CO,35.0,PM2.5,False,False,False,False,False,-0.8066,-1.2105,-0.5528,0.4652,-0.0124,1.5857,-0.7374,46.67,26.0,7.5,37.5,1.75,3.0,11.0,46.67,Good,46.67,FULL,False
"Ballygunge, Kolkata - WBPCB",Kolkata,West Bengal,22.5367507,88.3638022,WBPCB,23-09-2026,SINGLE_SNAPSHOT_NOT_TIME_SERIES,21.0,24.0,6.0,28.0,12.0,7.0,34.0,7,0,100.0,132.0,18.86,21.0,28.0,OZONE,34.0,PM2.5,False,False,False,False,False,-0.9444,-1.2559,-0.5528,0.3465,-0.9678,0.431,0.5231,35.0,24.0,7.5,35.0,0.6,1.75,34.0,35.0,Good,35.0,FULL,False
"Secretariat, Amaravati - APPCB",Amaravati,Andhra Pradesh,16.5150833,80.5181667,APPCB,23-09-2026,SINGLE_SNAPSHOT_NOT_TIME_SERIES,91.0,92.0,12.0,29.0,15.0,5.0,16.0,7,0,100.0,260.0,37.14,16.0,87.0,PM10,92.0,PM2.5,False,False,False,False,False,0.434,0.2877,-0.0855,0.4058,-0.8432,-0.0308,-0.4634,204.3,92.16,15.0,36.25,0.75,1.25,16.0,204.3,Poor,204.3,FULL,False
"IIPHG Lekawada, Gandhinagar - IITM",Gandhinagar,Gujarat,23.243639,72.68994,IITM,23-09-2026,SINGLE_SNAPSHOT_NOT_TIME_SERIES,105.0,78.0,2.0,17.0,12.0,6.0,2.0,7,0,100.0,222.0,31.71,12.0,103.0,PM2.5,105.0,PM2.5,False,False,False,False,False,0.7096,-0.0301,-0.8643,-0.3063,-0.9678,0.2001,-1.2306,250.5,78.44,2.5,21.25,0.6,1.5,2.0,250.5,Poor,250.5,FULL,False
"NISE Gwal Pahari, Gurugram - IITM",Gurugram,Haryana,28.422681,77.148944,IITM,23-09-2026,SINGLE_SNAPSHOT_NOT_TIME_SERIES,153.0,148.0,,26.0,60.0,,16.0,5,2,71.4,403.0,80.6,60.0,137.0,PM2.5,153.0,PM2.5,False,False,True,False,False,1.6548,1.559,,0.2278,1.0262,,-0.4634,326.13,132.68,,32.5,3.0,,16.0,326.13,Very Poor,326.13,PARTIAL_HIGH_CONFIDENCE,False
"Mini Secretariat, Charkhi Dadri - HSPCB",Charkhi Dadri,Haryana,28.593883,76.270653,HSPCB,23-09-2026,SINGLE_SNAPSHOT_NOT_TIME_SERIES,115.0,79.0,8.0,15.0,14.0,6.0,25.0,7,0,100.0,262.0,37.43,15.0,109.0,PM2.5,115.0,PM2.5,False,False,False,False,False,0.9066,-0.0074,-0.397,-0.425,-0.8847,0.2001,0.0299,283.5,79.42,10.0,18.75,0.7,1.5,25.0,283.5,Poor,283.5,FULL,False
"Chandni Chowk, Delhi - IITM",Delhi,Delhi,28.656756,77.227234,IITM,23-09-2026,SINGLE_SNAPSHOT_NOT_TIME_SERIES,234.0,142.0,15.0,52.0,78.0,4.0,26.0,7,0,100.0,551.0,78.71,52.0,230.0,PM2.5,234.0,PM2.5,False,False,False,False,False,3.2499,1.4228,0.1481,1.7707,1.7739,-0.2618,0.0847,387.82,128.72,18.75,65.7,3.9,1.0,26.0,387.82,Very Poor,387.82,FULL,False
"Bandhavgar Colony, Satna - Birla Cement",Satna,Madhya Pradesh,24.58434363,80.8549414,Birla Cement,23-09-2026,SINGLE_SNAPSHOT_NOT_TIME_SERIES,50.0,71.0,19.0,13.0,16.0,,17.0,6,1,85.7,186.0,31.0,19.0,58.0,PM10,71.0,PM2.5,False,False,True,False,False,-0.3734,-0.189,0.4596,-0.5437,-0.8016,,-0.4086,83.67,71.58,23.75,16.25,0.8,,17.0,83.67,Satisfactory,83.67,PARTIAL_HIGH_CONFIDENCE,False
"Ramdaspeth, Akola - MPCB",Akola,Maharashtra,20.719516,77.000253,MPCB,23-09-2026,SINGLE_SNAPSHOT_NOT_TIME_SERIES,38.0,46.0,4.0,9.0,12.0,7.0,14.0,7,0,100.0,130.0,18.57,12.0,42.0,PM10,46.0,PM2.5,False,False,False,False,False,-0.6097,-0.7565,-0.7086,-0.781,-0.9678,0.431,-0.573,64.07,46.0,5.0,11.25,0.6,1.75,14.0,64.07,Satisfactory,64.07,FULL,False
"Indira Colony Vistar, Pali - RSPCB",Pali,Rajasthan,25.771061,73.340227,RSPCB,23-09-2026,SINGLE_SNAPSHOT_NOT_TIME_SERIES,98.0,,10.0,20.0,34.0,7.0,20.0,6,1,85.7,189.0,31.5,20.0,91.0,PM2.5,98.0,PM2.5,False,False,True,False,False,0.5718,,-0.2413,-0.1283,-0.0539,0.431,-0.2442,227.4,,12.5,25.0,1.7,1.75,20.0,227.4,Poor,227.4,PARTIAL_HIGH_CONFIDENCE,False
"MM Ground, Bikaner - RSPCB",Bikaner,Rajasthan,28.018792,73.292658,RSPCB,23-09-2026,SINGLE_SNAPSHOT_NOT_TIME_SERIES,69.0,156.0,6.0,50.0,54.0,8.0,55.0,7,0,100.0,398.0,56.86,54.0,150.0,PM10,156.0,PM10,False,False,False,False,False,0.0007,1.7406,-0.5528,1.652,0.7769,0.662,1.6739,130.7,137.96,7.5,63.25,2.7,2.0,55.9,137.96,Moderate,137.96,FULL,False
"Pali Dungra, Mathura - UPPCB",Mathura,Uttar Pradesh,27.410954,77.550619,UPPCB,23-09-2026,SINGLE_SNAPSHOT_NOT_TIME_SERIES,189.0,162.0,13.0,7.0,45.0,2.0,13.0,7,0,100.0,431.0,61.57,13.0,187.0,PM2.5,189.0,PM2.5,False,False,False,False,False,2.3637,1.8768,-0.0076,-0.8997,0.4031,-0.7236,-0.6278,353.55,141.92,16.25,8.75,2.25,0.5,13.0,353.55,Very Poor,353.55,FULL,False
"Eco Herbal Park, Moradabad - UPPCB",Moradabad,Uttar Pradesh,28.840739,78.697531,UPPCB,23-09-2026,SINGLE_SNAPSHOT_NOT_TIME_SERIES,94.0,106.0,12.0,24.0,20.0,13.0,33.0,7,0,100.0,302.0,43.14,24.0,94.0,PM10,106.0,PM2.5,False,False,False,False,False,0.493,0.6056,-0.0855,0.1091,-0.6355,1.8166,0.4683,214.2,104.96,15.0,30.0,1.0,3.25,33.0,214.2,Poor,214.2,FULL,False
"Transport Nagar, Moradabad - UPPCB",Moradabad,Uttar Pradesh,28.802625,78.753728,UPPCB,23-09-2026,SINGLE_SNAPSHOT_NOT_TIME_SERIES,136.0,141.0,21.0,24.0,37.0,5.0,4.0,7,0,100.0,368.0,52.57,24.0,137.0,PM10,141.0,PM2.5,False,False,False,False,False,1.3201,1.4001,0.6154,0.1091,0.0707,-0.0308,-1.121,313.18,128.06,26.25,30.0,1.85,1.25,4.0,313.18,Very Poor,313.18,FULL,False
"Krishna Nagar, Bharatpur - RSPCB",Bharatpur,Rajasthan,27.215415,77.50873,RSPCB,23-09-2026,SINGLE_SNAPSHOT_NOT_TIME_SERIES,80.0,118.0,8.0,17.0,45.0,8.0,58.0,7,0,100.0,334.0,47.71,45.0,110.0,PM10,118.0,PM2.5,False,False,False,False,False,0.2174,0.878,-0.397,-0.3063,0.4031,0.662,1.8384,167.0,112.88,10.0,21.25,2.25,2.0,58.84,167.0,Moderate,167.0,FULL,False
"Fertilizer Township, Rourkela - OSPCB",Rourkela,Odisha,22.18972222,84.86277778,OSPCB,23-09-2026,SINGLE_SNAPSHOT_NOT_TIME_SERIES,36.0,45.0,11.0,11.0,14.0,,,5,2,71.4,117.0,23.4,14.0,34.0,PM10,45.0,PM2.5,False,False,True,False,False,-0.6491,-0.7792,-0.1634,-0.6624,-0.8847,,,60.8,45.0,13.75,13.75,0.7,,,60.8,Satisfactory,60.8,PARTIAL_HIGH_CONFIDENCE,False
