country,state,city,station,last_update,latitude,longitude,pollutant_id,pollutant_min,pollutant_max,pollutant_avg
India,Bihar,Saharsa,"Police Line, Saharsa - BSPCB","23-09-2026 12:00:00",25.892357,86.590325,PM10,31,104,53
India,Bihar,Saharsa,"Police Line, Saharsa - BSPCB","23-09-2026 12:00:00",25.892357,86.590325,SO2,14,16,15
India,Bihar,Samastipur,"DM Office_Kasipur, Samastipur - BSPCB","23-09-2026 12:00:00",25.859655,85.77944,PM2.5,3,306,73
India,Bihar,Samastipur,"DM Office_Kasipur, Samastipur - BSPCB","23-09-2026 12:00:00",25.859655,85.77944,SO2,12,14,12
India,Bihar,Sasaram,"Dada Peer, Sasaram - BSPCB","23-09-2026 12:00:00",24.952822,84.002396,PM2.5,8,31,17
India,Bihar,Sasaram,"Dada Peer, Sasaram - BSPCB","23-09-2026 12:00:00",24.952822,84.002396,CO,NA,NA,NA
India,Bihar,Siwan,"Chitragupta Nagar, Siwan - BSPCB","23-09-2026 12:00:00",26.2271665,84.3570427,NH3,1,1,1
India,Bihar,Siwan,"Chitragupta Nagar, Siwan - BSPCB","23-09-2026 12:00:00",26.2271665,84.3570427,OZONE,7,7,7
India,Chandigarh,Chandigarh,"Sector-25, Chandigarh - CPCC","23-09-2026 12:00:00",30.751462,76.762879,NO2,6,37,18
India,Chandigarh,Chandigarh,"Sector-53, Chandigarh - CPCC","23-09-2026 12:00:00",30.719859,76.738637,PM2.5,NA,NA,NA
India,Chandigarh,Chandigarh,"Sector-53, Chandigarh - CPCC","23-09-2026 12:00:00",30.719859,76.738637,NH3,NA,NA,NA
India,Chandigarh,Chandigarh,"Sector-53, Chandigarh - CPCC","23-09-2026 12:00:00",30.719859,76.738637,OZONE,34,44,40
India,Chandigarh,Chandigarh,"Sector 22, Chandigarh - CPCC","23-09-2026 12:00:00",30.735567,76.775714,CO,32,37,34
India,Chhattisgarh,Bhilai,"Hathkhoj, Bhilai - CECB","23-09-2026 12:00:00",21.224231,81.40835,CO,12,18,15
India,Chhattisgarh,Bhilai,"Civic Center, Bhilai - Bhilai Steel Plant","23-09-2026 12:00:00",21.185571,81.343175,SO2,8,12,10
India,Chhattisgarh,Bhilai,"Civic Center, Bhilai - Bhilai Steel Plant","23-09-2026 12:00:00",21.185571,81.343175,CO,20,21,20
India,Chhattisgarh,Bhilai,"32Bungalows, Bhilai - CECB","23-09-2026 12:00:00",21.194815,81.31477,PM10,13,41,27
India,Chhattisgarh,Bhilai,"32Bungalows, Bhilai - CECB","23-09-2026 12:00:00",21.194815,81.31477,CO,9,14,12
India,Chhattisgarh,Bhilai,"32Bungalows, Bhilai - CECB","23-09-2026 12:00:00",21.194815,81.31477,OZONE,3,21,10
India,Chhattisgarh,Bilaspur,"Mangala, Bilaspur - NTPC","23-09-2026 12:00:00",22.08815,82.13737,PM2.5,5,38,26
India,Chhattisgarh,Bilaspur,"Mangala, Bilaspur - NTPC","23-09-2026 12:00:00",22.08815,82.13737,SO2,8,22,16
India,Bihar,"Bihar Sharif","D M Colony, Bihar Sharif - BSPCB","23-09-2026 12:00:00",25.204762,85.51496,PM2.5,8,78,26
India,Bihar,"Bihar Sharif","D M Colony, Bihar Sharif - BSPCB","23-09-2026 12:00:00",25.204762,85.51496,NH3,3,4,3
India,Bihar,Chhapra,"Darshan Nagar, Chhapra - BSPCB","23-09-2026 12:00:00",25.7808257,84.7446768,NO2,NA,NA,NA
India,Bihar,Gaya,"Collectorate, Gaya - BSPCB","23-09-2026 12:00:00",24.7955,84.9994,NH3,NA,NA,NA
India,Bihar,Gaya,"Collectorate, Gaya - BSPCB","23-09-2026 12:00:00",24.7955,84.9994,SO2,NA,NA,NA
India,Bihar,Gaya,"Collectorate, Gaya - BSPCB","23-09-2026 12:00:00",24.7955,84.9994,OZONE,29,29,29
India,Bihar,Gaya,"SFTI Kusdihra, Gaya - BSPCB","23-09-2026 12:00:00",24.762518,84.982348,NO2,20,32,25
India,Bihar,Gaya,"SFTI Kusdihra, Gaya - BSPCB","23-09-2026 12:00:00",24.762518,84.982348,NH3,5,8,6
India,Bihar,Gaya,"SFTI Kusdihra, Gaya - BSPCB","23-09-2026 12:00:00",24.762518,84.982348,OZONE,11,26,16
India,Bihar,Hajipur,"Industrial Area, Hajipur - BSPCB","23-09-2026 12:00:00",25.697189,85.2459,PM10,38,105,70
India,Bihar,Hajipur,"Industrial Area, Hajipur - BSPCB","23-09-2026 12:00:00",25.697189,85.2459,CO,23,42,34
India,Bihar,Katihar,"Mirchaibari, Katihar - BSPCB","23-09-2026 12:00:00",25.560083,87.553265,PM2.5,20,40,29
India,Bihar,Katihar,"Mirchaibari, Katihar - BSPCB","23-09-2026 12:00:00",25.560083,87.553265,NO2,9,10,9
India,Bihar,Katihar,"Mirchaibari, Katihar - BSPCB","23-09-2026 12:00:00",25.560083,87.553265,SO2,18,30,25
India,Bihar,Katihar,"Mirchaibari, Katihar - BSPCB","23-09-2026 12:00:00",25.560083,87.553265,CO,78,100,90
India,Bihar,Katihar,"Mirchaibari, Katihar - BSPCB","23-09-2026 12:00:00",25.560083,87.553265,OZONE,21,45,26
India,Bihar,Manguraha,"Forest Rest House, Manguraha - BSPCB","23-09-2026 12:00:00",27.308328,84.531742,NH3,0,1,1
India,Bihar,Manguraha,"Forest Rest House, Manguraha - BSPCB","23-09-2026 12:00:00",27.308328,84.531742,SO2,8,47,20
India,Bihar,Motihari,"Gandak Colony, Motihari - BSPCB","23-09-2026 12:00:00",26.63086,84.90051,PM2.5,NA,NA,NA
India,Bihar,Motihari,"Gandak Colony, Motihari - BSPCB","23-09-2026 12:00:00",26.63086,84.90051,PM10,NA,NA,NA
India,Bihar,Motihari,"Gandak Colony, Motihari - BSPCB","23-09-2026 12:00:00",26.63086,84.90051,OZONE,51,53,52
India,Bihar,Munger,"Town Hall, Munger - BSPCB","23-09-2026 12:00:00",25.376776,86.471523,PM2.5,2,190,41
India,Delhi,Delhi,"Nehru Nagar, Delhi - DPCC","23-09-2026 12:00:00",28.56789,77.250515,PM10,107,225,161
India,Delhi,Delhi,"Nehru Nagar, Delhi - DPCC","23-09-2026 12:00:00",28.56789,77.250515,NO2,21,56,41
India,Delhi,Delhi,"Nehru Nagar, Delhi - DPCC","23-09-2026 12:00:00",28.56789,77.250515,OZONE,5,9,7
India,Delhi,Delhi,"Patparganj, Delhi - DPCC","23-09-2026 12:00:00",28.623763,77.287209,NO2,13,129,41
India,Delhi,Delhi,"Patparganj, Delhi - DPCC","23-09-2026 12:00:00",28.623763,77.287209,SO2,8,34,12
India,Delhi,Delhi,"Patparganj, Delhi - DPCC","23-09-2026 12:00:00",28.623763,77.287209,CO,19,63,45
India,Delhi,Delhi,"Jawaharlal Nehru Stadium, Delhi - DPCC","23-09-2026 12:00:00",28.58028,77.233829,NH3,7,8,8
India,Delhi,Delhi,"Mundka, Delhi - DPCC","23-09-2026 12:00:00",28.684678,77.076574,PM10,105,190,153
India,Delhi,Delhi,"Mundka, Delhi - DPCC","23-09-2026 12:00:00",28.684678,77.076574,NH3,6,8,7
India,Delhi,Delhi,"Mundka, Delhi - DPCC","23-09-2026 12:00:00",28.684678,77.076574,OZONE,2,11,5
India,Delhi,Delhi,"NSUT Jaffarpur, Delhi - DPCC","23-09-2026 12:00:00",28.594004,76.909423,NO2,2,22,8
India,Delhi,Delhi,"NSUT Jaffarpur, Delhi - DPCC","23-09-2026 12:00:00",28.594004,76.909423,CO,45,52,50
India,Delhi,Delhi,"Ashok Vihar, Delhi - DPCC","23-09-2026 12:00:00",28.695381,77.181665,PM2.5,78,220,116
India,Delhi,Delhi,"Ashok Vihar, Delhi - DPCC","23-09-2026 12:00:00",28.695381,77.181665,CO,104,107,105
India,Delhi,Delhi,"Anand Vihar, Delhi - DPCC","23-09-2026 12:00:00",28.647622,77.315809,CO,84,102,94
India,Delhi,Delhi,"Punjabi Bagh, Delhi - DPCC","23-09-2026 12:00:00",28.674045,77.131023,PM10,117,282,152
India,Delhi,Delhi,"Dwarka-Sector 8, Delhi - DPCC ","23-09-2026 12:00:00",28.5710274,77.0719006,SO2,6,12,9
India,Delhi,Delhi,"Dr. Karni Singh Shooting Range, Delhi - DPCC","23-09-2026 12:00:00",28.498571,77.26484,PM10,108,186,148
India,Delhi,Delhi,"Narela, Delhi - DPCC","23-09-2026 12:00:00",28.822836,77.101981,PM2.5,77,309,143
India,Delhi,Delhi,"Narela, Delhi - DPCC","23-09-2026 12:00:00",28.822836,77.101981,NO2,14,58,26
India,Delhi,Delhi,"Narela, Delhi - DPCC","23-09-2026 12:00:00",28.822836,77.101981,SO2,8,21,12
India,Delhi,Delhi,"Narela, Delhi - DPCC","23-09-2026 12:00:00",28.822836,77.101981,CO,22,59,40
India,Delhi,Delhi,"Narela, Delhi - DPCC","23-09-2026 12:00:00",28.822836,77.101981,OZONE,3,43,22
India,Delhi,Delhi,"Cantonment Area, Delhi - DPCC","23-09-2026 12:00:00",28.594169,77.1251,SO2,2,5,3
India,Delhi,Delhi,"Major Dhyan Chand National Stadium, Delhi - DPCC","23-09-2026 12:00:00",28.611281,77.237738,NO2,26,102,57
India,Delhi,Delhi,"Major Dhyan Chand National Stadium, Delhi - DPCC","23-09-2026 12:00:00",28.611281,77.237738,NH3,4,7,5
India,Delhi,Delhi,"Bawana, Delhi - DPCC","23-09-2026 12:00:00",28.7762,77.051074,OZONE,10,20,16
India,Delhi,Delhi,"Okhla Phase-2, Delhi - DPCC","23-09-2026 12:00:00",28.530785,77.271255,NO2,17,59,42
India,Delhi,Delhi,"Okhla Phase-2, Delhi - DPCC","23-09-2026 12:00:00",28.530785,77.271255,SO2,7,14,11
India,Delhi,Delhi,"Rohini, Delhi - DPCC","23-09-2026 12:00:00",28.732528,77.11992,PM2.5,80,303,169
India,Delhi,Delhi,"Rohini, Delhi - DPCC","23-09-2026 12:00:00",28.732528,77.11992,CO,42,81,56
India,Delhi,Delhi,"Rohini, Delhi - DPCC","23-09-2026 12:00:00",28.732528,77.11992,OZONE,12,33,17
India,Delhi,Delhi,"Vivek Vihar, Delhi - DPCC","23-09-2026 12:00:00",28.672342,77.31526,SO2,7,66,12
India,Delhi,Delhi,"Vivek Vihar, Delhi - DPCC","23-09-2026 12:00:00",28.672342,77.31526,CO,68,84,75
India,Delhi,Delhi,"Vivek Vihar, Delhi - DPCC","23-09-2026 12:00:00",28.672342,77.31526,OZONE,6,39,17
India,Delhi,Delhi,"IHBAS, Dilshad Garden, Delhi - CPCB","23-09-2026 12:00:00",28.6811736,77.3025234,SO2,8,21,14
India,Delhi,Delhi,"IHBAS, Dilshad Garden, Delhi - CPCB","23-09-2026 12:00:00",28.6811736,77.3025234,OZONE,7,20,11
India,Bihar,Munger,"Town Hall, Munger - BSPCB","23-09-2026 12:00:00",25.376776,86.471523,OZONE,14,306,110
India,Bihar,Muzaffarpur,"MIT-Daudpur Kothi, Muzaffarpur - BSPCB","23-09-2026 12:00:00",26.1403345,85.3650192,PM2.5,18,43,26
India,Bihar,Muzaffarpur,"MIT-Daudpur Kothi, Muzaffarpur - BSPCB","23-09-2026 12:00:00",26.1403345,85.3650192,SO2,12,27,16
India,Bihar,Muzaffarpur,"Buddha Colony, Muzaffarpur - BSPCB","23-09-2026 12:00:00",26.11442,85.39813,NH3,8,13,11
India,Bihar,Patna,"Samanpura, Patna - BSPCB","23-09-2026 12:00:00",25.596727,85.085624,PM2.5,44,187,78
India,Bihar,Patna,"Muradpur, Patna - BSPCB","23-09-2026 12:00:00",25.619651,85.147382,NO2,3,4,3
India,Bihar,Patna,"Govt. High School Shikarpur, Patna - BSPCB","23-09-2026 12:00:00",25.592539,85.227158,SO2,11,14,13
India,Bihar,Patna,"Govt. High School Shikarpur, Patna - BSPCB","23-09-2026 12:00:00",25.592539,85.227158,OZONE,22,74,45
India,Bihar,Patna,"IGSC Planetarium Complex, Patna - BSPCB","23-09-2026 12:00:00",25.610369,85.132568,PM2.5,2,144,50
India,Bihar,Patna,"IGSC Planetarium Complex, Patna - BSPCB","23-09-2026 12:00:00",25.610369,85.132568,NH3,NA,NA,NA
India,Bihar,Patna,"Rajbansi Nagar, Patna - BSPCB","23-09-2026 12:00:00",25.599486,85.113666,PM10,26,50,36
India,Bihar,Purnia,"Mariam Nagar, Purnia - BSPCB","23-09-2026 12:00:00",25.366336,87.117468,CO,30,57,51
India,Bihar,Rajgir,"Dangi Tola, Rajgir - BSPCB","23-09-2026 12:00:00",25.0328,85.41948,PM10,17,31,19
India,Bihar,Rajgir,"Dangi Tola, Rajgir - BSPCB","23-09-2026 12:00:00",25.0328,85.41948,SO2,3,3,3
India,Chhattisgarh,Korba,"Rampur, Korba - CECB","23-09-2026 12:00:00",22.368195,82.746431,NO2,7,25,12
India,Chhattisgarh,Kunjemura,"OP Jindal School, Kunjemura - CECB","23-09-2026 12:00:00",22.12665,83.483212,PM2.5,3,15,9
India,Chhattisgarh,Kunjemura,"OP Jindal School, Kunjemura - CECB","23-09-2026 12:00:00",22.12665,83.483212,SO2,3,22,10
India,Chhattisgarh,Kunjemura,"OP Jindal School, Kunjemura - CECB","23-09-2026 12:00:00",22.12665,83.483212,CO,15,17,16
India,Chhattisgarh,Milupara,"Govt. Higher Secondary School, Milupara - CECB","23-09-2026 12:00:00",22.1910172,83.5197009,PM10,5,37,20
India,Chhattisgarh,Raipur,"Krishak Nagar, Raipur - CECB","23-09-2026 12:00:00",21.237755,81.705301,CO,28,28,28
India,Chhattisgarh,Raipur,"Bhatagaon New ISBT, Raipur - CECB","23-09-2026 12:00:00",21.219665,81.630094,PM2.5,12,19,15
India,Chhattisgarh,Raipur,"Bhatagaon New ISBT, Raipur - CECB","23-09-2026 12:00:00",21.219665,81.630094,PM10,14,67,40
India,Chhattisgarh,Raipur,"Bhatagaon New ISBT, Raipur - CECB","23-09-2026 12:00:00",21.219665,81.630094,CO,28,42,35
India,Chhattisgarh,Raipur,"Bhatagaon New ISBT, Raipur - CECB","23-09-2026 12:00:00",21.219665,81.630094,OZONE,1,1,1
India,Chhattisgarh,Raipur,"AIIMS, Raipur - CECB","23-09-2026 12:00:00",21.258815,81.578979,NO2,4,16,9
India,Chhattisgarh,Raipur,"Siltara Phase-II, Raipur - CECB","23-09-2026 12:00:00",21.371751,81.664929,PM2.5,14,82,37
India,Chhattisgarh,Raipur,"Siltara Phase-II, Raipur - CECB","23-09-2026 12:00:00",21.371751,81.664929,NO2,11,27,19
India,Chhattisgarh,Tumidih,"OP Jindal Industrial Park, Tumidih - CECB","23-09-2026 12:00:00",22.06631475,83.33820077,PM10,7,23,15
India,Chhattisgarh,Tumidih,"OP Jindal Industrial Park, Tumidih - CECB","23-09-2026 12:00:00",22.06631475,83.33820077,SO2,5,5,5
India,"Andhra Pradesh",Kurnool,"Sita Rama Nagar, Kurnool - APPCB","23-09-2026 12:00:00",15.83411,78.028546,PM10,24,52,36
India,"Andhra Pradesh",Kurnool,"Sita Rama Nagar, Kurnool - APPCB","23-09-2026 12:00:00",15.83411,78.028546,CO,5,13,9
India,"Andhra Pradesh",Machilipatnam,"Srinivas Nagar Colony, Machilipatnam - APPCB","23-09-2026 12:00:00",16.186555,81.13219,PM2.5,57,70,62
India,"Andhra Pradesh",Machilipatnam,"Srinivas Nagar Colony, Machilipatnam - APPCB","23-09-2026 12:00:00",16.186555,81.13219,NO2,26,37,32
India,"Andhra Pradesh",Machilipatnam,"Srinivas Nagar Colony, Machilipatnam - APPCB","23-09-2026 12:00:00",16.186555,81.13219,SO2,2,19,11
India,"Andhra Pradesh",Nellore,"Ambedkar Nagar, Nellore - APPCB ","23-09-2026 12:00:00",14.438164,79.966814,NH3,5,8,6
India,"Andhra Pradesh",Rajamahendravaram,"Anand Kala Kshetram, Rajamahendravaram - APPCB","23-09-2026 12:00:00",16.9872867,81.7363176,PM10,2,66,34
India,"Andhra Pradesh",Rajamahendravaram,"Anand Kala Kshetram, Rajamahendravaram - APPCB","23-09-2026 12:00:00",16.9872867,81.7363176,NO2,2,9,5
India,"Andhra Pradesh",Tirumala,"Toll Gate, Tirumala - APPCB","23-09-2026 12:00:00",13.67,79.35,SO2,3,8,6
India,"Andhra Pradesh",Tirupati,"Vaikuntapuram, Tirupati - APPCB","23-09-2026 12:00:00",13.615387,79.40923,PM2.5,NA,NA,NA
India,"Andhra Pradesh",Tirupati,"Vaikuntapuram, Tirupati - APPCB","23-09-2026 12:00:00",13.615387,79.40923,PM10,NA,NA,NA
India,"Andhra Pradesh",Vijayawada,"HB Colony, Vijayawada - APPCB","23-09-2026 12:00:00",16.536107,80.594233,NH3,4,7,5
India,"Andhra Pradesh",Vijayawada,"Rajiv Gandhi Park, Vijayawada - APPCB","23-09-2026 12:00:00",16.509717,80.612222,OZONE,13,22,18
India,"Arunachal Pradesh",Naharlagun,"Naharlagun, Naharlagun - APSPCB","23-09-2026 12:00:00",27.103358,93.679645,NH3,1,1,1
India,"Arunachal Pradesh",Naharlagun,"Naharlagun, Naharlagun - APSPCB","23-09-2026 12:00:00",27.103358,93.679645,CO,7,9,8
India,Assam,Byrnihat,"Central Academy for SFS, Byrnihat - PCBA","23-09-2026 12:00:00",26.071318,91.87488,SO2,23,32,32
India,Assam,Guwahati,"LGBI Airport, Guwahati - PCBA","23-09-2026 12:00:00",26.10887,91.589544,PM2.5,24,73,54
India,Assam,Guwahati,"LGBI Airport, Guwahati - PCBA","23-09-2026 12:00:00",26.10887,91.589544,PM10,18,58,43
India,Assam,Guwahati,"LGBI Airport, Guwahati - PCBA","23-09-2026 12:00:00",26.10887,91.589544,NH3,2,29,5
India,Assam,Guwahati,"Railway Colony, Guwahati - PCBA","23-09-2026 12:00:00",26.181742,91.78063,PM2.5,11,64,31
India,Assam,Guwahati,"Railway Colony, Guwahati - PCBA","23-09-2026 12:00:00",26.181742,91.78063,PM10,8,68,33
India,Assam,Nagaon,"Christianpatty, Nagaon - PCBA","23-09-2026 12:00:00",26.349082,92.68449,PM2.5,41,87,57
India,Assam,Nalbari,"Bata Chowk, Nalbari - PCBA","23-09-2026 12:00:00",26.446912,91.439057,PM2.5,26,119,71
India,Assam,Silchar,"Tarapur, Silchar - PCBA","23-09-2026 12:00:00",24.82827,92.79525,SO2,3,5,4
India,Assam,Silchar,"Tarapur, Silchar - PCBA","23-09-2026 12:00:00",24.82827,92.79525,OZONE,5,10,7
India,Assam,Sivasagar,"Girls College, Sivasagar - PCBA","23-09-2026 12:00:00",26.987634,94.636574,PM10,32,50,37
India,Assam,Sivasagar,"Girls College, Sivasagar - PCBA","23-09-2026 12:00:00",26.987634,94.636574,SO2,7,9,8
India,Bihar,Araria,"Kharahiya Basti, Araria - BSPCB","23-09-2026 12:00:00",26.146529,87.454184,PM2.5,2,180,54
India,Bihar,Arrah,"New DM Office, Arrah - BSPCB","23-09-2026 12:00:00",25.5626095,84.663264,PM2.5,33,43,35
India,Bihar,Begusarai,"Lohiyanagar, Begusarai - BSPCB","23-09-2026 12:00:00",25.42742023,86.13886079,PM2.5,5,290,33
India,Bihar,Begusarai,"Lohiyanagar, Begusarai - BSPCB","23-09-2026 12:00:00",25.42742023,86.13886079,NO2,4,13,9
India,Bihar,Begusarai,"Lohiyanagar, Begusarai - BSPCB","23-09-2026 12:00:00",25.42742023,86.13886079,NH3,2,3,3
India,Bihar,Bettiah,"Kamalnath Nagar, Bettiah - BSPCB","23-09-2026 12:00:00",26.80365,84.51954,PM10,20,22,21
India,Bihar,Bettiah,"Kamalnath Nagar, Bettiah - BSPCB","23-09-2026 12:00:00",26.80365,84.51954,NH3,2,6,3
India,Bihar,Bhagalpur,"DM Office_Kachari Chowk, Bhagalpur - BSPCB","23-09-2026 12:00:00",25.251013,86.989001,CO,27,30,28
India,Bihar,Bhagalpur,"Mayaganj, Bhagalpur - BSPCB","23-09-2026 12:00:00",25.265194,87.012947,NO2,21,27,22
India,Bihar,Bhagalpur,"Mayaganj, Bhagalpur - BSPCB","23-09-2026 12:00:00",25.265194,87.012947,OZONE,7,48,19
India,"Andhra Pradesh",Anantapur,"Gulzarpet, Anantapur - APPCB","23-09-2026 12:00:00",14.675886,77.593027,SO2,NA,NA,NA
India,"Andhra Pradesh",Anantapur,"Gulzarpet, Anantapur - APPCB","23-09-2026 12:00:00",14.675886,77.593027,CO,30,32,31
India,"Andhra Pradesh",Chittoor,"Gangineni Cheruvu, Chittoor - APPCB","23-09-2026 12:00:00",13.20488,79.097889,NH3,6,8,8
India,"Andhra Pradesh",Chittoor,"Gangineni Cheruvu, Chittoor - APPCB","23-09-2026 12:00:00",13.20488,79.097889,OZONE,27,31,29
India,"Andhra Pradesh",Eluru,"District Court, Eluru - APPCB","23-09-2026 12:00:00",16.711754,81.092095,NO2,3,5,4
India,"Andhra Pradesh",Eluru,"District Court, Eluru - APPCB","23-09-2026 12:00:00",16.711754,81.092095,SO2,9,18,13
India,"Andhra Pradesh",Eluru,"District Court, Eluru - APPCB","23-09-2026 12:00:00",16.711754,81.092095,OZONE,11,17,13
India,"Andhra Pradesh",Guntur,"Rajendra Nagar North, Guntur - APPCB","23-09-2026 12:00:00",16.316553,80.413302,CO,12,25,19
India,"Andhra Pradesh",Kadapa,"Yerramukkapalli, Kadapa - APPCB","23-09-2026 12:00:00",14.465052,78.824187,SO2,8,17,15
India,"Andhra Pradesh",Kakinada,"Rama Rao Peta, Kakinada - APPCB","23-09-2026 12:00:00",16.962488,82.229513,PM2.5,4,66,34
India,"Andhra Pradesh",Kakinada,"Rama Rao Peta, Kakinada - APPCB","23-09-2026 12:00:00",16.962488,82.229513,NH3,2,24,6
India,Gujarat,Mehsana,"Sadanand Nagar, Mehsana - Nexteng Enviro","23-09-2026 12:00:00",23.59315,72.372792,NH3,0,1,0
India,Gujarat,Mehsana,"Sadanand Nagar, Mehsana - Nexteng Enviro","23-09-2026 12:00:00",23.59315,72.372792,OZONE,10,10,10
India,Gujarat,Nandesari,"GIDC, Nandesari - Nandesari Ind. Association","23-09-2026 12:00:00",22.410802,73.097923,CO,34,62,45
India,Gujarat,Rajkot,"Mavdi, Rajkot - Nexteng Enviro ","23-09-2026 12:00:00",22.248853,70.776774,PM2.5,46,89,70
India,Gujarat,Rajkot,"Mavdi, Rajkot - Nexteng Enviro ","23-09-2026 12:00:00",22.248853,70.776774,PM10,53,151,85
India,Gujarat,Rajkot,"Mavdi, Rajkot - Nexteng Enviro ","23-09-2026 12:00:00",22.248853,70.776774,NO2,6,27,12
India,Gujarat,Rajkot,"Mavdi, Rajkot - Nexteng Enviro ","23-09-2026 12:00:00",22.248853,70.776774,NH3,0,1,1
India,Gujarat,Rajkot,"Mavdi, Rajkot - Nexteng Enviro ","23-09-2026 12:00:00",22.248853,70.776774,CO,29,31,30
India,Gujarat,Surat,"Science Center, Surat - SMC","23-09-2026 12:00:00",21.170046,72.795405,NO2,1,10,6
India,Gujarat,Surat,"Science Center, Surat - SMC","23-09-2026 12:00:00",21.170046,72.795405,NH3,NA,NA,NA
India,Gujarat,Surat,"Science Center, Surat - SMC","23-09-2026 12:00:00",21.170046,72.795405,CO,63,65,64
India,Gujarat,Surat,"Katargam, Surat - Nexteng Enviro","23-09-2026 12:00:00",21.217779,72.834787,OZONE,14,19,16
India,Gujarat,Vadodara,"Bapunagar, Vadodara - Nexteng Enviro","23-09-2026 12:00:00",22.320153,73.216285,PM2.5,23,77,50
India,Gujarat,Vadodara,"Bapunagar, Vadodara - Nexteng Enviro","23-09-2026 12:00:00",22.320153,73.216285,PM10,49,128,81
India,Gujarat,Vapi,"Phase-1 GIDC, Vapi - GPCB","23-09-2026 12:00:00",20.362421,72.918013,NH3,3,4,4
India,Gujarat,Vapi,"Phase-1 GIDC, Vapi - GPCB","23-09-2026 12:00:00",20.362421,72.918013,CO,NA,NA,NA
India,Haryana,Ambala,"Patti Mehar, Ambala - HSPCB","23-09-2026 12:00:00",30.379589,76.778328,OZONE,3,60,23
India,Haryana,Bahadurgarh,"Arya Nagar, Bahadurgarh - HSPCB","23-09-2026 12:00:00",28.6701,76.9254,CO,24,31,27
India,Haryana,Ballabgarh,"Nathu Colony, Ballabgarh - HSPCB","23-09-2026 12:00:00",28.3419248,77.319699,NO2,19,21,20
India,Haryana,Ballabgarh,"Nathu Colony, Ballabgarh - HSPCB","23-09-2026 12:00:00",28.3419248,77.319699,SO2,2,4,3
India,Haryana,Bhiwani,"H.B. Colony, Bhiwani - HSPCB","23-09-2026 12:00:00",28.806223,76.141105,NH3,11,12,11
India,Haryana,Bhiwani,"H.B. Colony, Bhiwani - HSPCB","23-09-2026 12:00:00",28.806223,76.141105,OZONE,18,24,20
India,Haryana,Dharuhera,"Municipal Corporation Office, Dharuhera -  HSPCB","23-09-2026 12:00:00",28.2068,76.7997,PM2.5,73,228,130
India,Haryana,Dharuhera,"Municipal Corporation Office, Dharuhera -  HSPCB","23-09-2026 12:00:00",28.2068,76.7997,PM10,70,138,103
India,Haryana,Dharuhera,"Municipal Corporation Office, Dharuhera -  HSPCB","23-09-2026 12:00:00",28.2068,76.7997,NO2,8,27,20
India,Haryana,Faridabad,"Sector 30, Faridabad - HSPCB","23-09-2026 12:00:00",28.4417,77.3217,NO2,36,39,37
India,Haryana,Faridabad,"Sector 30, Faridabad - HSPCB","23-09-2026 12:00:00",28.4417,77.3217,NH3,6,7,7
India,Haryana,Faridabad,"Sector 11, Faridabad - HSPCB","23-09-2026 12:00:00",28.376058,77.315741,NO2,30,32,31
India,Haryana,Faridabad,"Sector 11, Faridabad - HSPCB","23-09-2026 12:00:00",28.376058,77.315741,SO2,3,11,6
India,Haryana,Faridabad,"Sector 11, Faridabad - HSPCB","23-09-2026 12:00:00",28.376058,77.315741,CO,56,74,64
India,Haryana,Faridabad,"New Industrial Town, Faridabad - HSPCB","23-09-2026 12:00:00",28.39072,77.30059,PM10,NA,NA,NA
India,Haryana,Fatehabad,"Huda Sector, Fatehabad - HSPCB","23-09-2026 12:00:00",29.503664,75.467934,NH3,13,15,14
India,Haryana,Fatehabad,"Huda Sector, Fatehabad - HSPCB","23-09-2026 12:00:00",29.503664,75.467934,OZONE,33,33,33
India,Haryana,Gurugram,"Sector-51, Gurugram - HSPCB","23-09-2026 12:00:00",28.4227,77.0667,NO2,15,44,24
India,Haryana,Gurugram,"Sector-51, Gurugram - HSPCB","23-09-2026 12:00:00",28.4227,77.0667,NH3,5,14,8
India,Haryana,Gurugram,"Sector-51, Gurugram - HSPCB","23-09-2026 12:00:00",28.4227,77.0667,SO2,7,11,9
India,Haryana,Gurugram,"Sector-51, Gurugram - HSPCB","23-09-2026 12:00:00",28.4227,77.0667,CO,18,32,25
India,Haryana,Gurugram,"Vikas Sadan, Gurugram - HSPCB","23-09-2026 12:00:00",28.4501238,77.0263051,PM10,10,437,265
India,Haryana,Gurugram,"Vikas Sadan, Gurugram - HSPCB","23-09-2026 12:00:00",28.4501238,77.0263051,SO2,9,27,18
India,Haryana,Gurugram,"Teri Gram, Gurugram - HSPCB","23-09-2026 12:00:00",28.4275,77.1465,PM2.5,97,289,195
India,Karnataka,Bengaluru,"Jayanagar 5th Block, Bengaluru - KSPCB","23-09-2026 12:00:00",12.920984,77.584908,PM10,36,73,51
India,Karnataka,Bengaluru,"Jayanagar 5th Block, Bengaluru - KSPCB","23-09-2026 12:00:00",12.920984,77.584908,NO2,9,17,12
India,Karnataka,Bengaluru,"Jayanagar 5th Block, Bengaluru - KSPCB","23-09-2026 12:00:00",12.920984,77.584908,NH3,0,0,0
India,Karnataka,Bengaluru,"Bapuji Nagar, Bengaluru - KSPCB","23-09-2026 12:00:00",12.951913,77.539784,PM2.5,25,70,38
India,Karnataka,Bengaluru,"Bapuji Nagar, Bengaluru - KSPCB","23-09-2026 12:00:00",12.951913,77.539784,NH3,2,3,3
India,Karnataka,Bengaluru,"Bapuji Nagar, Bengaluru - KSPCB","23-09-2026 12:00:00",12.951913,77.539784,SO2,14,30,22
India,Karnataka,Bengaluru,"Bapuji Nagar, Bengaluru - KSPCB","23-09-2026 12:00:00",12.951913,77.539784,CO,18,28,23
India,Karnataka,Bengaluru,"BTM Layout, Bengaluru - CPCB","23-09-2026 12:00:00",12.9135218,77.5950804,PM2.5,25,35,29
India,Karnataka,Bengaluru,"BTM Layout, Bengaluru - CPCB","23-09-2026 12:00:00",12.9135218,77.5950804,NO2,23,25,24
India,Karnataka,Bengaluru,"Silk Board, Bengaluru - KSPCB","23-09-2026 12:00:00",12.917348,77.622813,PM10,79,169,118
India,Karnataka,Chamarajanagar,"Urban, Chamarajanagar - KSPCB","23-09-2026 12:00:00",11.55358,76.55521,PM10,36,46,44
India,Karnataka,Chamarajanagar,"Urban, Chamarajanagar - KSPCB","23-09-2026 12:00:00",11.55358,76.55521,CO,13,23,18
India,Karnataka,Chamarajanagar,"Urban, Chamarajanagar - KSPCB","23-09-2026 12:00:00",11.55358,76.55521,OZONE,26,27,26
India,Karnataka,Chikkaballapur,"Chikkaballapur Rural, Chikkaballapur - KSPCB","23-09-2026 12:00:00",13.428828,77.731418,PM2.5,15,37,26
India,Karnataka,Chikkamagaluru,"Kalyana Nagara, Chikkamagaluru - KSPCB","23-09-2026 12:00:00",13.328028,75.797056,PM10,NA,NA,NA
India,Karnataka,Chikkamagaluru,"Kalyana Nagara, Chikkamagaluru - KSPCB","23-09-2026 12:00:00",13.328028,75.797056,CO,114,114,114
India,Karnataka,Chikkamagaluru,"Kalyana Nagara, Chikkamagaluru - KSPCB","23-09-2026 12:00:00",13.328028,75.797056,OZONE,32,32,32
India,Karnataka,Dharwad,"Kalabhavan, Dharwad - KSPCB","23-09-2026 12:00:00",15.459706,75.008381,NH3,4,6,6
India,Karnataka,Hubballi,"Lingaraj Nagar, Hubballi - KSPCB","23-09-2026 12:00:00",15.3714823,75.1160168,NH3,1,3,2
India,Karnataka,Hubballi,"Lingaraj Nagar, Hubballi - KSPCB","23-09-2026 12:00:00",15.3714823,75.1160168,CO,11,17,14
India,Karnataka,Kalaburagi,"Mahatma Basaveswar Colony, Kalaburgi - KSPCB","23-09-2026 12:00:00",17.336318,76.847397,PM10,15,59,28
India,Karnataka,Kalaburagi,"Mahatma Basaveswar Colony, Kalaburgi - KSPCB","23-09-2026 12:00:00",17.336318,76.847397,NH3,2,2,2
India,Karnataka,Kalaburagi,"Lal Bahadur Shastri Nagar, Kalaburagi - KSPCB","23-09-2026 12:00:00",17.321993,76.822628,PM10,NA,NA,NA
India,Karnataka,Kalaburagi,"Lal Bahadur Shastri Nagar, Kalaburagi - KSPCB","23-09-2026 12:00:00",17.321993,76.822628,NO2,NA,NA,NA
India,Karnataka,Kalaburagi,"Lal Bahadur Shastri Nagar, Kalaburagi - KSPCB","23-09-2026 12:00:00",17.321993,76.822628,SO2,NA,NA,NA
India,Karnataka,Mangalore,"Kadri, Mangalore - KSPCB","23-09-2026 12:00:00",12.88925,74.853,NH3,1,5,2
India,Karnataka,Mysuru,"Hebbal 1st Stage, Mysuru - KSPCB","23-09-2026 12:00:00",12.21041,76.37376,PM2.5,12,112,38
India,Karnataka,Ramanagara,"Vijay Nagar, Ramanagara - KSPCB","23-09-2026 12:00:00",12.733409,77.298051,PM2.5,21,44,32
India,Karnataka,Shivamogga,"Vinoba Nagara, Shivamogga - KSPCB","23-09-2026 12:00:00",13.94,75.555917,PM10,32,34,33
India,Karnataka,Shivamogga,"Vinoba Nagara, Shivamogga - KSPCB","23-09-2026 12:00:00",13.94,75.555917,OZONE,47,59,51
India,Karnataka,Udupi,"Brahmagiri, Udupi - KSPCB","23-09-2026 12:00:00",13.34194444,74.74694444,PM10,23,95,37
India,Karnataka,Udupi,"Brahmagiri, Udupi - KSPCB","23-09-2026 12:00:00",13.34194444,74.74694444,SO2,4,12,8
India,Kerala,Eloor,"Udyogamandal, Eloor - Kerala PCB","23-09-2026 12:00:00",10.073232,76.302765,PM10,63,70,67
India,Kerala,Kannur,"Thavakkara, Kannur - Kerala PCB","23-09-2026 12:00:00",11.875,75.3732,PM2.5,NA,NA,NA
India,Kerala,Kannur,"Thavakkara, Kannur - Kerala PCB","23-09-2026 12:00:00",11.875,75.3732,PM10,NA,NA,NA
India,Kerala,Kannur,"Thavakkara, Kannur - Kerala PCB","23-09-2026 12:00:00",11.875,75.3732,NH3,NA,NA,NA
India,Delhi,Delhi,"NSIT Dwarka, Delhi - CPCB","23-09-2026 12:00:00",28.60909,77.0325413,SO2,11,16,14
India,Delhi,Delhi,"NSIT Dwarka, Delhi - CPCB","23-09-2026 12:00:00",28.60909,77.0325413,OZONE,16,185,67
India,Delhi,Delhi,"Aya Nagar, Delhi - IITM","23-09-2026 12:00:00",28.4706914,77.1099364,PM2.5,76,249,118
India,Delhi,Delhi,"Aya Nagar, Delhi - IITM","23-09-2026 12:00:00",28.4706914,77.1099364,SO2,NA,NA,NA
India,Delhi,Delhi,"Aya Nagar, Delhi - IITM","23-09-2026 12:00:00",28.4706914,77.1099364,OZONE,1,125,34
India,Delhi,Delhi,"CRRI Mathura Road, Delhi - IITM","23-09-2026 12:00:00",28.5512005,77.2735737,PM2.5,87,247,152
India,Delhi,Delhi,"CRRI Mathura Road, Delhi - IITM","23-09-2026 12:00:00",28.5512005,77.2735737,SO2,NA,NA,NA
India,Delhi,Delhi,"CRRI Mathura Road, Delhi - IITM","23-09-2026 12:00:00",28.5512005,77.2735737,CO,57,116,88
India,Delhi,Delhi,"Burari Crossing, Delhi - IITM","23-09-2026 12:00:00",28.7256504,77.2011573,PM2.5,76,242,122
India,Delhi,Delhi,"Burari Crossing, Delhi - IITM","23-09-2026 12:00:00",28.7256504,77.2011573,OZONE,17,163,51
India,Delhi,Delhi,"IMD Lodhi Road, Delhi - IITM","23-09-2026 12:00:00",28.5918245,77.2273074,OZONE,10,163,54
India,Delhi,Delhi,"JNU, Delhi - DPCC","23-09-2026 12:00:00",28.540721,77.168544,SO2,5,10,6
India,Delhi,Delhi,"ITO, Delhi - CPCB","23-09-2026 12:00:00",28.628624,77.24106,PM10,84,155,117
India,Delhi,Delhi,"R K Puram, Delhi - DPCC","23-09-2026 12:00:00",28.563262,77.186937,OZONE,1,52,14
India,Delhi,Delhi,"North Campus, DU, Delhi - IITM","23-09-2026 12:00:00",28.6573814,77.1585447,NO2,85,275,141
India,Delhi,Delhi,"North Campus, DU, Delhi - IITM","23-09-2026 12:00:00",28.6573814,77.1585447,SO2,NA,NA,NA
India,Delhi,Delhi,"Alipur, Delhi - DPCC","23-09-2026 12:00:00",28.815329,77.15301,PM2.5,77,260,131
India,Delhi,Delhi,"Alipur, Delhi - DPCC","23-09-2026 12:00:00",28.815329,77.15301,NH3,5,7,6
India,Delhi,Delhi,"Alipur, Delhi - DPCC","23-09-2026 12:00:00",28.815329,77.15301,OZONE,4,21,10
India,Haryana,Panchgaon,"Amity University, Panchgaon - IITM","23-09-2026 12:00:00",28.3153,76.9143,CO,NA,NA,NA
India,Haryana,Panchgaon,"Amity University, Panchgaon - IITM","23-09-2026 12:00:00",28.3153,76.9143,OZONE,4,20,11
India,Haryana,Rohtak,"MD University, Rohtak - HSPCB","23-09-2026 12:00:00",28.52123,76.37138,PM10,91,105,98
India,Haryana,Rohtak,"MD University, Rohtak - HSPCB","23-09-2026 12:00:00",28.52123,76.37138,SO2,9,11,10
India,Haryana,Rohtak,"MD University, Rohtak - HSPCB","23-09-2026 12:00:00",28.52123,76.37138,CO,31,43,36
India,Haryana,Sirsa,"F-Block, Sirsa - HSPCB","23-09-2026 12:00:00",29.5364,75.0158,PM10,82,135,116
India,Haryana,Sirsa,"F-Block, Sirsa - HSPCB","23-09-2026 12:00:00",29.5364,75.0158,NO2,19,21,20
India,Haryana,Sirsa,"F-Block, Sirsa - HSPCB","23-09-2026 12:00:00",29.5364,75.0158,NH3,13,14,14
India,Haryana,Sonipat,"Murthal, Sonipat - HSPCB","23-09-2026 12:00:00",29.0272,77.0621,PM2.5,59,99,74
India,Haryana,Sonipat,"Murthal, Sonipat - HSPCB","23-09-2026 12:00:00",29.0272,77.0621,CO,14,25,21
India,Haryana,"Yamuna Nagar","Gobind Pura, Yamuna Nagar - HSPCB","23-09-2026 12:00:00",30.1480566,77.2893471,NO2,11,20,16
India,Haryana,"Yamuna Nagar","Gobind Pura, Yamuna Nagar - HSPCB","23-09-2026 12:00:00",30.1480566,77.2893471,OZONE,8,64,42
India,"Himachal Pradesh",Baddi,"HIMUDA Complex Phase-1, Baddi - HPPCB","23-09-2026 12:00:00",30.943887,76.801991,OZONE,50,97,66
India,"Jammu and Kashmir",Srinagar,"Rajbagh, Srinagar - JKPCC","23-09-2026 12:00:00",34.066206,74.81982,PM10,32,75,51
India,"Jammu and Kashmir",Srinagar,"Rajbagh, Srinagar - JKPCC","23-09-2026 12:00:00",34.066206,74.81982,CO,8,16,12
India,Jharkhand,Dhanbad,"Sardar Patel Nagar, Dhanbad - JSPCB","23-09-2026 12:00:00",23.80569,86.44268,PM10,NA,NA,NA
India,Jharkhand,Dhanbad,"Sardar Patel Nagar, Dhanbad - JSPCB","23-09-2026 12:00:00",23.80569,86.44268,SO2,NA,NA,NA
India,Gujarat,Ahmedabad,"Rakhial, Ahmedabad - IITM","23-09-2026 12:00:00",23.016834,72.625775,PM10,90,184,127
India,Gujarat,Ahmedabad,"Rakhial, Ahmedabad - IITM","23-09-2026 12:00:00",23.016834,72.625775,NH3,11,107,26
India,Gujarat,Ahmedabad,"SAC ISRO Satellite, Ahmedabad - IITM","23-09-2026 12:00:00",23.023389,72.515201,PM2.5,35,84,56
India,Gujarat,Ahmedabad,"SAC ISRO Satellite, Ahmedabad - IITM","23-09-2026 12:00:00",23.023389,72.515201,NO2,11,36,25
India,Gujarat,Ahmedabad,"Gyaspur, Ahmedabad - IITM","23-09-2026 12:00:00",22.977134,72.553024,NO2,13,32,21
India,Gujarat,Ahmedabad,"Gyaspur, Ahmedabad - IITM","23-09-2026 12:00:00",22.977134,72.553024,NH3,1,6,2
India,Gujarat,Ahmedabad,"Gyaspur, Ahmedabad - IITM","23-09-2026 12:00:00",22.977134,72.553024,SO2,0,32,13
India,Gujarat,Ahmedabad,"Raikhad, Ahmedabad - IITM","23-09-2026 12:00:00",23.020509,72.579261,PM2.5,49,133,74
India,Gujarat,Ahmedabad,"Raikhad, Ahmedabad - IITM","23-09-2026 12:00:00",23.020509,72.579261,SO2,3,8,5
India,Gujarat,Ahmedabad,"Maninagar, Ahmedabad - GPCB","23-09-2026 12:00:00",23.002657,72.591912,PM10,28,194,88
India,Gujarat,Ahmedabad,"Maninagar, Ahmedabad - GPCB","23-09-2026 12:00:00",23.002657,72.591912,SO2,13,39,26
India,Gujarat,Ahmedabad,"SAC ISRO Bopal, Ahmedabad - IITM","23-09-2026 12:00:00",23.041137,72.456691,NO2,9,23,18
India,Gujarat,Ahmedabad,"SAC ISRO Bopal, Ahmedabad - IITM","23-09-2026 12:00:00",23.041137,72.456691,SO2,2,3,2
India,Gujarat,Bhavnagar,"Vidhyanagar, Bhavnagar - Nexteng Enviro","23-09-2026 12:00:00",21.755417,72.139056,NO2,31,40,37
India,Gujarat,Bhavnagar,"Vidhyanagar, Bhavnagar - Nexteng Enviro","23-09-2026 12:00:00",21.755417,72.139056,SO2,7,8,8
India,Gujarat,Gandhinagar,"Sector-10, Gandhinagar - GPCB","23-09-2026 12:00:00",23.221714,72.654328,PM10,34,379,103
India,Gujarat,Gandhinagar,"GIFT City, Gandhinagar - IITM","23-09-2026 12:00:00",23.163798,72.677768,PM10,97,338,144
India,Delhi,Delhi,"Dr. Karni Singh Shooting Range, Delhi - DPCC","23-09-2026 12:00:00",28.498571,77.26484,NO2,4,59,25
India,Delhi,Delhi,"Shadipur, Delhi - CPCB","23-09-2026 12:00:00",28.6514781,77.1473105,NO2,61,86,70
India,Delhi,Delhi,"Mandir Marg, Delhi - DPCC","23-09-2026 12:00:00",28.636429,77.201067,NH3,10,12,11
India,Delhi,Delhi,"Mandir Marg, Delhi - DPCC","23-09-2026 12:00:00",28.636429,77.201067,OZONE,7,62,22
India,Delhi,Delhi,"Pusa, Delhi - DPCC","23-09-2026 12:00:00",28.639652,77.146275,NO2,23,82,48
India,Delhi,Delhi,"Pusa, Delhi - DPCC","23-09-2026 12:00:00",28.639652,77.146275,SO2,5,17,10
India,Delhi,Delhi,"Pusa, Delhi - DPCC","23-09-2026 12:00:00",28.639652,77.146275,CO,57,104,81
India,Delhi,Delhi,"Sirifort, Delhi - CPCB","23-09-2026 12:00:00",28.5504249,77.2159377,NH3,4,8,6
India,Delhi,Delhi,"Pusa, Delhi - IITM","23-09-2026 12:00:00",28.63611,77.173332,NH3,NA,NA,NA
India,Delhi,Delhi,"IIT Delhi, Delhi - IITM","23-09-2026 12:00:00",28.54246,77.191651,PM10,NA,NA,NA
India,Delhi,Delhi,"IGNOU_Maidan Garhi, Delhi - DPCC","23-09-2026 12:00:00",28.493624,77.201159,PM10,107,144,124
India,Delhi,Delhi,"IGNOU_Maidan Garhi, Delhi - DPCC","23-09-2026 12:00:00",28.493624,77.201159,CO,76,86,83
India,Delhi,Delhi,"Commonwealth Sports Complex, Delhi - DPCC","23-09-2026 12:00:00",28.615828,77.271992,NO2,12,64,31
India,Delhi,Delhi,"Commonwealth Sports Complex, Delhi - DPCC","23-09-2026 12:00:00",28.615828,77.271992,OZONE,5,164,44
India,Haryana,Gurugram,"Teri Gram, Gurugram - HSPCB","23-09-2026 12:00:00",28.4275,77.1465,CO,27,41,36
India,Haryana,Jind,"Police Lines, Jind - HSPCB","23-09-2026 12:00:00",29.307814,76.337619,NO2,12,13,13
India,Haryana,Kaithal,"Rishi Nagar, Kaithal - HSPCB","23-09-2026 12:00:00",29.8006,76.4155,NH3,4,6,5
India,Haryana,Kurukshetra,"Sector-7, Kurukshetra - HSPCB","23-09-2026 12:00:00",29.966942,76.875879,NO2,6,7,7
India,Haryana,Mandikhera,"General Hospital, Mandikhera(Nuh) - HSPCB","23-09-2026 12:00:00",27.9002,76.9938,NO2,32,35,34
India,Haryana,Manesar,"Sector-2 IMT, Manesar - HSPCB","23-09-2026 12:00:00",28.360699,76.93609,PM2.5,65,300,178
India,Haryana,Manesar,"Sector-2 IMT, Manesar - HSPCB","23-09-2026 12:00:00",28.360699,76.93609,NH3,6,15,11
India,Haryana,Narnaul,"Shastri Nagar, Narnaul - HSPCB","23-09-2026 12:00:00",28.060249,76.113115,OZONE,11,46,27
India,Haryana,Palwal,"Shyam Nagar, Palwal - HSPCB","23-09-2026 12:00:00",28.1485564,77.3320667,SO2,2,25,15
India,"Madhya Pradesh",Gwalior,"Deen Dayal Nagar, Gwalior - MPPCB","23-09-2026 12:00:00",26.259242,78.216432,NO2,34,60,52
India,"Madhya Pradesh",Indore,"Regional Park, Indore - IMC","23-09-2026 12:00:00",22.678,75.8559,NO2,NA,NA,NA
India,"Madhya Pradesh",Indore,"Regional Park, Indore - IMC","23-09-2026 12:00:00",22.678,75.8559,NH3,NA,NA,NA
India,"Madhya Pradesh",Indore,"Regional Park, Indore - IMC","23-09-2026 12:00:00",22.678,75.8559,CO,1,7,4
India,"Madhya Pradesh",Indore,"Chhoti Gwaltoli, Indore - MPPCB","23-09-2026 12:00:00",22.431,75.5213,OZONE,29,92,57
India,"Madhya Pradesh",Indore,"Airport Area, Indore - IMC","23-09-2026 12:00:00",22.7289,75.8076,NH3,0,0,0
India,"Madhya Pradesh",Indore,"Residency Area, Indore - IMC","23-09-2026 12:00:00",22.7084,75.8815,CO,11,17,14
India,"Madhya Pradesh",Indore,"Residency Area, Indore - IMC","23-09-2026 12:00:00",22.7084,75.8815,OZONE,6,8,7
India,"Madhya Pradesh",Indore,"Maguda Nagar, Indore - IMC","23-09-2026 12:00:00",22.7524,75.8872,PM10,NA,NA,NA
India,"Madhya Pradesh",Indore,"Maguda Nagar, Indore - IMC","23-09-2026 12:00:00",22.7524,75.8872,NO2,1,3,2
India,"Madhya Pradesh",Indore,"Maguda Nagar, Indore - IMC","23-09-2026 12:00:00",22.7524,75.8872,SO2,17,20,18
India,"Madhya Pradesh",Jabalpur,"Marhatal, Jabalpur - MPPCB","23-09-2026 12:00:00",23.168606,79.932247,PM2.5,12,33,24
India,"Madhya Pradesh",Jabalpur,"Marhatal, Jabalpur - MPPCB","23-09-2026 12:00:00",23.168606,79.932247,NH3,3,4,4
India,"Madhya Pradesh",Jabalpur,"Marhatal, Jabalpur - MPPCB","23-09-2026 12:00:00",23.168606,79.932247,CO,102,121,109
India,"Madhya Pradesh",Jabalpur,"Govindh Bhavan Colony, Jabalpur - JMC","23-09-2026 12:00:00",23.163174,79.973061,PM10,25,44,33
India,"Madhya Pradesh",Jabalpur,"Govindh Bhavan Colony, Jabalpur - JMC","23-09-2026 12:00:00",23.163174,79.973061,NO2,9,15,12
India,"Madhya Pradesh",Jabalpur,"Suhagi, Jabalpur - JMC","23-09-2026 12:00:00",23.218135,79.95777,PM2.5,28,71,45
India,"Madhya Pradesh",Jabalpur,"Suhagi, Jabalpur - JMC","23-09-2026 12:00:00",23.218135,79.95777,PM10,39,130,77
India,"Madhya Pradesh",Jabalpur,"Suhagi, Jabalpur - JMC","23-09-2026 12:00:00",23.218135,79.95777,NO2,41,79,55
India,"Madhya Pradesh",Jabalpur,"Suhagi, Jabalpur - JMC","23-09-2026 12:00:00",23.218135,79.95777,SO2,6,8,7
India,"Madhya Pradesh",Katni,"Gole Bazar, Katni - MPPCB","23-09-2026 12:00:00",23.50016,80.23284,SO2,12,35,22
India,"Madhya Pradesh",Maihar,"Sahilara, Maihar - KJS Cements","23-09-2026 12:00:00",24.2613009,80.7231783,SO2,NA,NA,NA
India,"Madhya Pradesh",Mandideep,"Sector-D Industrial Area, Mandideep - MPPCB","23-09-2026 12:00:00",23.10844,77.511428,NO2,59,107,84
India,"Madhya Pradesh",Mandideep,"Sector-D Industrial Area, Mandideep - MPPCB","23-09-2026 12:00:00",23.10844,77.511428,NH3,1,3,2
India,Maharashtra,Mumbai,"Worli, Mumbai - MPCB","23-09-2026 12:00:00",18.9936162,72.8128113,PM10,29,87,45
India,Maharashtra,Mumbai,"Mazgaon, Mumbai - IITM","23-09-2026 12:00:00",18.96702,72.84214,CO,31,47,40
India,Maharashtra,Mumbai,"Ghatkopar, Mumbai - BMC","23-09-2026 12:00:00",19.083694,72.920967,PM10,43,89,63
India,Maharashtra,Mumbai,"Ghatkopar, Mumbai - BMC","23-09-2026 12:00:00",19.083694,72.920967,NH3,6,13,7
India,Maharashtra,Mumbai,"Mindspace-Malad West, Mumbai - MPCB","23-09-2026 12:00:00",19.1878657,72.8304069,PM10,21,61,43
India,Maharashtra,Mumbai,"Mindspace-Malad West, Mumbai - MPCB","23-09-2026 12:00:00",19.1878657,72.8304069,NH3,7,8,8
India,Maharashtra,Mumbai,"Chembur, Mumbai - MPCB","23-09-2026 12:00:00",19.0364585,72.8954371,NH3,4,8,6
India,Maharashtra,Mumbai,"Borivali East, Mumbai - MPCB","23-09-2026 12:00:00",19.2243333,72.8658113,PM10,49,82,60
India,Maharashtra,Mumbai,"Borivali East, Mumbai - MPCB","23-09-2026 12:00:00",19.2243333,72.8658113,SO2,17,21,19
India,Maharashtra,Mumbai,"Deonar, Mumbai - IITM","23-09-2026 12:00:00",19.04946,72.923,PM2.5,19,68,36
India,Maharashtra,Mumbai,"Deonar, Mumbai - IITM","23-09-2026 12:00:00",19.04946,72.923,PM10,49,83,62
India,Maharashtra,Mumbai,"Malad West, Mumbai - IITM","23-09-2026 12:00:00",19.19709,72.82204,PM10,25,75,44
India,Maharashtra,Mumbai,"Malad West, Mumbai - IITM","23-09-2026 12:00:00",19.19709,72.82204,NO2,7,24,13
India,Maharashtra,Mumbai,"Malad West, Mumbai - IITM","23-09-2026 12:00:00",19.19709,72.82204,OZONE,4,17,9
India,Maharashtra,Nagpur,"Ram Nagar, Nagpur - MPCB","23-09-2026 12:00:00",21.143383,79.048912,PM10,NA,NA,NA
India,Maharashtra,Nagpur,"Opp GPO Civil Lines, Nagpur - MPCB","23-09-2026 12:00:00",21.152875,79.0517531,CO,10,31,21
India,Maharashtra,Nagpur,"Ambazari, Nagpur - MPCB","23-09-2026 12:00:00",21.121801,79.04952,PM2.5,29,71,45
India,Maharashtra,Nagpur,"Ambazari, Nagpur - MPCB","23-09-2026 12:00:00",21.121801,79.04952,PM10,28,70,44
India,Maharashtra,Nagpur,"Ambazari, Nagpur - MPCB","23-09-2026 12:00:00",21.121801,79.04952,CO,14,26,22
India,Maharashtra,Nanded,"Sneh Nagar, Nanded - MPCB","23-09-2026 12:00:00",19.173852,77.296291,PM2.5,50,81,66
India,Maharashtra,Nanded,"Sneh Nagar, Nanded - MPCB","23-09-2026 12:00:00",19.173852,77.296291,PM10,56,90,73
India,Maharashtra,Mumbai,"Sewri, Mumbai - BMC","23-09-2026 12:00:00",19.000084,72.85673,PM2.5,21,55,35
India,Maharashtra,Mumbai,"Sewri, Mumbai - BMC","23-09-2026 12:00:00",19.000084,72.85673,NH3,3,10,5
India,Maharashtra,Mumbai,"Sewri, Mumbai - BMC","23-09-2026 12:00:00",19.000084,72.85673,OZONE,4,27,14
India,Maharashtra,Mumbai,"Khindipada-Bhandup West, Mumbai - IITM","23-09-2026 12:00:00",19.1653323,72.922099,PM10,22,89,52
India,Maharashtra,Mumbai,"Kandivali West, Mumbai - BMC","23-09-2026 12:00:00",19.215859,72.831718,PM10,23,52,34
India,Maharashtra,Mumbai,"Kandivali West, Mumbai - BMC","23-09-2026 12:00:00",19.215859,72.831718,NH3,1,3,2
India,Maharashtra,Mumbai,"Kandivali West, Mumbai - BMC","23-09-2026 12:00:00",19.215859,72.831718,CO,11,21,14
India,Maharashtra,Mumbai,"Chakala-Andheri East, Mumbai - IITM","23-09-2026 12:00:00",19.11074,72.86084,NO2,9,15,12
India,Maharashtra,Mumbai,"Chakala-Andheri East, Mumbai - IITM","23-09-2026 12:00:00",19.11074,72.86084,NH3,5,8,6
India,Maharashtra,Mumbai,"Chakala-Andheri East, Mumbai - IITM","23-09-2026 12:00:00",19.11074,72.86084,CO,28,41,36
India,Maharashtra,Mumbai,"Chakala-Andheri East, Mumbai - IITM","23-09-2026 12:00:00",19.11074,72.86084,OZONE,4,14,8
India,Maharashtra,Mumbai,"Kurla, Mumbai - MPCB","23-09-2026 12:00:00",19.0863,72.8888,NO2,9,9,9
India,Maharashtra,Mumbai,"Kurla, Mumbai - MPCB","23-09-2026 12:00:00",19.0863,72.8888,SO2,29,29,29
India,Maharashtra,Mumbai,"Bandra Kurla Complex, Mumbai - IITM","23-09-2026 12:00:00",19.053536,72.84643,NH3,NA,NA,NA
India,Maharashtra,Mumbai,"Bandra Kurla Complex, Mumbai - IITM","23-09-2026 12:00:00",19.053536,72.84643,OZONE,8,21,14
India,Maharashtra,Mumbai,"Byculla, Mumbai - BMC","23-09-2026 12:00:00",18.9767,72.838,PM10,39,79,52
India,Maharashtra,Mumbai,"Byculla, Mumbai - BMC","23-09-2026 12:00:00",18.9767,72.838,SO2,1,3,2
India,Maharashtra,Mumbai,"Byculla, Mumbai - BMC","23-09-2026 12:00:00",18.9767,72.838,CO,20,34,27
India,Maharashtra,Mumbai,"Kherwadi_Bandra East, Mumbai - MPCB","23-09-2026 12:00:00",19.0632143,72.8456324,PM10,27,81,43
India,Maharashtra,Mumbai,"Kherwadi_Bandra East, Mumbai - MPCB","23-09-2026 12:00:00",19.0632143,72.8456324,CO,12,30,22
India,Maharashtra,Mumbai,"Borivali East, Mumbai - IITM","23-09-2026 12:00:00",19.23241,72.86895,NO2,3,12,7
India,Maharashtra,Mumbai,"Worli, Mumbai - MPCB","23-09-2026 12:00:00",18.9936162,72.8128113,PM2.5,15,56,31
India,Maharashtra,Pimpri-Chinchwad,"Gavalinagar, Pimpri Chinchwad - MPCB","23-09-2026 12:00:00",18.63673,73.82487,PM2.5,21,55,38
India,Maharashtra,Pimpri-Chinchwad,"Gavalinagar, Pimpri Chinchwad - MPCB","23-09-2026 12:00:00",18.63673,73.82487,SO2,1,2,1
India,Maharashtra,Pimpri-Chinchwad,"Savta Mali Nagar, Pimpri-Chinchwad - IITM","23-09-2026 12:00:00",18.614767,73.799516,PM10,43,76,57
India,Maharashtra,Pimpri-Chinchwad,"Savta Mali Nagar, Pimpri-Chinchwad - IITM","23-09-2026 12:00:00",18.614767,73.799516,NH3,NA,NA,NA
India,Maharashtra,Pimpri-Chinchwad,"Savta Mali Nagar, Pimpri-Chinchwad - IITM","23-09-2026 12:00:00",18.614767,73.799516,OZONE,2,30,13
India,Maharashtra,Pimpri-Chinchwad,"Transport Nagar-Nigdi, Pune - IITM","23-09-2026 12:00:00",18.664282,73.763966,SO2,NA,NA,NA
India,Maharashtra,Pimpri-Chinchwad,"Transport Nagar-Nigdi, Pune - IITM","23-09-2026 12:00:00",18.664282,73.763966,CO,34,43,38
India,Maharashtra,Pune,"Panchawati_Pashan, Pune - IITM","23-09-2026 12:00:00",18.536457,73.805454,PM10,41,83,62
India,Maharashtra,Pune,"Panchawati_Pashan, Pune - IITM","23-09-2026 12:00:00",18.536457,73.805454,SO2,NA,NA,NA
India,Maharashtra,Pune,"Savitribai Phule Pune University, Pune - MPCB","23-09-2026 12:00:00",18.547056,73.826908,PM2.5,25,43,32
India,Maharashtra,Pune,"Savitribai Phule Pune University, Pune - MPCB","23-09-2026 12:00:00",18.547056,73.826908,NO2,11,19,14
India,Maharashtra,Pune,"Savitribai Phule Pune University, Pune - MPCB","23-09-2026 12:00:00",18.547056,73.826908,CO,33,39,35
India,Maharashtra,Pune,"Hadapsar, Pune - IITM","23-09-2026 12:00:00",18.501793,73.927532,PM2.5,33,117,61
India,Maharashtra,Pune,"Hadapsar, Pune - IITM","23-09-2026 12:00:00",18.501793,73.927532,NO2,9,52,24
India,Maharashtra,Pune,"Hadapsar, Pune - IITM","23-09-2026 12:00:00",18.501793,73.927532,CO,31,105,62
India,Maharashtra,Pune,"Katraj Dairy, Pune - MPCB","23-09-2026 12:00:00",18.45445,73.854155,SO2,2,3,3
India,Maharashtra,Pune,"Revenue Colony-Shivajinagar, Pune - IITM","23-09-2026 12:00:00",18.530085,73.849598,PM2.5,30,116,59
India,Maharashtra,Pune,"Revenue Colony-Shivajinagar, Pune - IITM","23-09-2026 12:00:00",18.530085,73.849598,PM10,41,119,80
India,Maharashtra,Pune,"Revenue Colony-Shivajinagar, Pune - IITM","23-09-2026 12:00:00",18.530085,73.849598,CO,77,102,91
India,Kerala,Thiruvananthapuram,"Plammoodu, Thiruvananthapuram - Kerala PCB","23-09-2026 12:00:00",8.5149093,76.9435879,CO,7,47,14
India,Kerala,Thiruvananthapuram,"Plammoodu, Thiruvananthapuram - Kerala PCB","23-09-2026 12:00:00",8.5149093,76.9435879,OZONE,15,18,17
India,Kerala,Thiruvananthapuram,"Kariavattom, Thiruvananthapuram - Kerala PCB","23-09-2026 12:00:00",8.5637,76.8865,OZONE,30,31,30
India,Kerala,Thrissur,"Corporation Ground, Thrissur - Kerala PCB","23-09-2026 12:00:00",10.5324,76.2159,PM2.5,48,60,52
India,Ladakh,Leh,"Skara Yokma, Leh - LPCC","23-09-2026 12:00:00",34.147096,77.55709,PM2.5,0,55,18
India,Ladakh,Leh,"Skara Yokma, Leh - LPCC","23-09-2026 12:00:00",34.147096,77.55709,NO2,NA,NA,NA
India,"Madhya Pradesh",Bhopal,"Idgah Hills, Bhopal - MPPCB","23-09-2026 12:00:00",23.264759,77.381568,SO2,4,6,5
India,"Madhya Pradesh",Bhopal,"T T Nagar, Bhopal - MPPCB","23-09-2026 12:00:00",23.233584,77.400574,NO2,15,37,23
India,"Madhya Pradesh",Bhopal,"Paryavaran Parisar, Bhopal - MPPCB","23-09-2026 12:00:00",23.210494,77.425409,PM10,57,103,80
India,"Madhya Pradesh",Dewas,"Bhopal Chauraha, Dewas - MPPCB","23-09-2026 12:00:00",22.9682591,76.064118,PM2.5,43,96,67
India,"Madhya Pradesh",Dewas,"Bhopal Chauraha, Dewas - MPPCB","23-09-2026 12:00:00",22.9682591,76.064118,NH3,2,3,2
India,"Madhya Pradesh",Dewas,"Bhopal Chauraha, Dewas - MPPCB","23-09-2026 12:00:00",22.9682591,76.064118,OZONE,31,98,44
India,"Madhya Pradesh",Gwalior,"Maharaj Bada, Gwalior - MPPCB","23-09-2026 12:00:00",26.200388,78.147714,PM2.5,68,315,136
India,"Madhya Pradesh",Gwalior,"Maharaj Bada, Gwalior - MPPCB","23-09-2026 12:00:00",26.200388,78.147714,PM10,69,175,103
India,"Madhya Pradesh",Gwalior,"Maharaj Bada, Gwalior - MPPCB","23-09-2026 12:00:00",26.200388,78.147714,NO2,15,64,39
India,"Madhya Pradesh",Gwalior,"City Center, Gwalior - MPPCB","23-09-2026 12:00:00",26.203442,78.193251,PM2.5,48,100,74
India,Maharashtra,Badlapur,"Katrap, Badlapur - MPCB","23-09-2026 12:00:00",19.16485,73.23409,NO2,9,13,10
India,Maharashtra,Badlapur,"Katrap, Badlapur - MPCB","23-09-2026 12:00:00",19.16485,73.23409,OZONE,7,9,8
India,Maharashtra,Belapur,"CBD Belapur, Belapur - MPCB","23-09-2026 12:00:00",19.0243902,73.0406721,NH3,1,3,2
India,Maharashtra,Belapur,"CBD Belapur, Belapur - MPCB","23-09-2026 12:00:00",19.0243902,73.0406721,SO2,3,7,5
India,Maharashtra,Bhiwandi,"Gokul Nagar, Bhiwandi - MPCB","23-09-2026 12:00:00",19.309073,73.057223,PM2.5,27,104,44
India,Maharashtra,Bhiwandi,"Gokul Nagar, Bhiwandi - MPCB","23-09-2026 12:00:00",19.309073,73.057223,CO,19,31,26
India,Maharashtra,Boisar,"Khaira, Boisar - MPCB","23-09-2026 12:00:00",19.786089,72.757971,NH3,5,5,5
India,Maharashtra,Boisar,"Khaira, Boisar - MPCB","23-09-2026 12:00:00",19.786089,72.757971,OZONE,26,33,30
India,Maharashtra,Hingoli,"Ashta Vinayak Nagar, Hingoli - MPCB","23-09-2026 12:00:00",19.710842,77.151824,PM2.5,40,70,55
India,Maharashtra,Hingoli,"Ashta Vinayak Nagar, Hingoli - MPCB","23-09-2026 12:00:00",19.710842,77.151824,PM10,52,104,79
India,Maharashtra,Hingoli,"Ashta Vinayak Nagar, Hingoli - MPCB","23-09-2026 12:00:00",19.710842,77.151824,NH3,2,4,3
India,Maharashtra,Jalgaon,"Prabhat Colony, Jalgaon - MPCB","23-09-2026 12:00:00",21.001264,75.565602,CO,12,38,20
India,Maharashtra,Jalna,"Old MIDC, Jalna - MPCB","23-09-2026 12:00:00",19.854616,75.905894,SO2,0,1,0
India,Maharashtra,Jalna,"Old MIDC, Jalna - MPCB","23-09-2026 12:00:00",19.854616,75.905894,CO,12,22,17
India,Maharashtra,Kalyan,"Pimpleshwar Mandir, Kalyan - MPCB","23-09-2026 12:00:00",19.192056,72.9585188,CO,40,40,40
India,Maharashtra,Kalyan,"Khadakpada, Kalyan - MPCB","23-09-2026 12:00:00",19.25292,73.142019,NO2,37,37,37
India,Maharashtra,Kolhapur,"Shivaji University, Kolhapur - MPCB","23-09-2026 12:00:00",16.6870449,74.2505872,SO2,0,0,0
India,Maharashtra,Latur,"Sawe Wadi, Latur - MPCB","23-09-2026 12:00:00",18.39963,76.57452,SO2,2,6,4
India,Maharashtra,Latur,"Sawe Wadi, Latur - MPCB","23-09-2026 12:00:00",18.39963,76.57452,CO,12,18,15
India,Maharashtra,Latur,"Sawe Wadi, Latur - MPCB","23-09-2026 12:00:00",18.39963,76.57452,OZONE,14,21,17
India,Maharashtra,Mahad,"Kamble Tarf Birwadi, Mahad - MPCB","23-09-2026 12:00:00",18.1023399,73.4783687,PM2.5,25,53,38
India,Maharashtra,Mahad,"Kamble Tarf Birwadi, Mahad - MPCB","23-09-2026 12:00:00",18.1023399,73.4783687,PM10,39,63,48
India,Maharashtra,Malegaon,"Mahesh Nagar, Malegaon - MPCB","23-09-2026 12:00:00",20.555712,74.529236,NO2,16,19,17
India,Maharashtra,Malegaon,"Mahesh Nagar, Malegaon - MPCB","23-09-2026 12:00:00",20.555712,74.529236,OZONE,14,16,15
India,Maharashtra,Mira-Bhayandar,"Bhayandar West, Mira-Bhayandar - MPCB","23-09-2026 12:00:00",19.296481,72.840923,NO2,4,23,13
India,Maharashtra,Mira-Bhayandar,"Bhayandar West, Mira-Bhayandar - MPCB","23-09-2026 12:00:00",19.296481,72.840923,NH3,0,7,3
India,Maharashtra,Mira-Bhayandar,"Bhayandar West, Mira-Bhayandar - MPCB","23-09-2026 12:00:00",19.296481,72.840923,CO,18,27,22
India,Maharashtra,Mira-Bhayandar,"Bhayandar West, Mira-Bhayandar - MPCB","23-09-2026 12:00:00",19.296481,72.840923,OZONE,2,22,7
India,Maharashtra,Mumbai,"Chhatrapati Shivaji Intl. Airport (T2), Mumbai - MPCB","23-09-2026 12:00:00",19.10078,72.87462,NO2,13,13,13
India,Maharashtra,Mumbai,"Navy Nagar-Colaba, Mumbai - IITM","23-09-2026 12:00:00",18.897756,72.81332,NO2,31,70,41
India,Maharashtra,Mumbai,"Navy Nagar-Colaba, Mumbai - IITM","23-09-2026 12:00:00",18.897756,72.81332,SO2,2,13,9
India,Maharashtra,Mumbai,"Mulund West, Mumbai - MPCB","23-09-2026 12:00:00",19.175,72.9419,PM2.5,30,78,46
India,"Madhya Pradesh",Pithampur,"Sector-2 Industrial Area, Pithampur - MPPCB","23-09-2026 12:00:00",22.624758,75.675238,SO2,37,116,86
India,"Madhya Pradesh",Ratlam,"Shasthri Nagar, Ratlam - IPCA Lab","23-09-2026 12:00:00",23.331731,75.045981,PM2.5,25,98,55
India,"Madhya Pradesh",Ujjain,"Mahashweta Nagar, Ujjain - MPPCB","23-09-2026 12:00:00",23.1633321,75.800225,PM2.5,33,137,85
India,"Madhya Pradesh",Ujjain,"Mahashweta Nagar, Ujjain - MPPCB","23-09-2026 12:00:00",23.1633321,75.800225,NH3,2,12,8
India,"Madhya Pradesh",Ujjain,"Mahashweta Nagar, Ujjain - MPPCB","23-09-2026 12:00:00",23.1633321,75.800225,SO2,3,12,5
India,"Madhya Pradesh",Ujjain,"Mahashweta Nagar, Ujjain - MPPCB","23-09-2026 12:00:00",23.1633321,75.800225,CO,32,39,34
India,Maharashtra,Ahmednagar,"Tarakpur, Ahmednagar - MPCB","23-09-2026 12:00:00",19.10122,74.73339,PM2.5,24,101,63
India,Maharashtra,Ahmednagar,"Tarakpur, Ahmednagar - MPCB","23-09-2026 12:00:00",19.10122,74.73339,CO,22,30,26
India,Maharashtra,Ambernath,"Chinchpada, Ambernath - MPCB","23-09-2026 12:00:00",19.215784,73.199781,NH3,2,3,2
India,Maharashtra,Ambernath,"Chinchpada, Ambernath - MPCB","23-09-2026 12:00:00",19.215784,73.199781,CO,7,12,10
India,Maharashtra,Amravati,"Shri Shivaji Science College, Amravati - MPCB","23-09-2026 12:00:00",20.939198,77.765701,NH3,1,2,1
India,Maharashtra,Aurangabad,"More Chowk Waluj, Aurangabad - MPCB","23-09-2026 12:00:00",19.8389439,75.244448,SO2,1,8,3
India,Maharashtra,Nashik,"Gangapur Road, Nashik - MPCB","23-09-2026 12:00:00",20.0073285,73.7762427,NH3,3,3,3
India,Maharashtra,Nashik,"Gangapur Road, Nashik - MPCB","23-09-2026 12:00:00",20.0073285,73.7762427,SO2,3,4,4
India,Maharashtra,Nashik,"Hirawadi, Nashik - MPCB","23-09-2026 12:00:00",20.021503,73.813844,CO,14,18,16
India,Maharashtra,"Navi Mumbai","Kopripada-Vashi, Navi Mumbai - MPCB","23-09-2026 12:00:00",19.090337,73.014232,NO2,12,28,20
India,Maharashtra,"Navi Mumbai","Kopripada-Vashi, Navi Mumbai - MPCB","23-09-2026 12:00:00",19.090337,73.014232,SO2,2,7,3
India,Maharashtra,"Navi Mumbai","Nerul, Navi Mumbai - MPCB","23-09-2026 12:00:00",19.008751,73.01662,PM2.5,22,71,38
India,Maharashtra,"Navi Mumbai","Nerul, Navi Mumbai - MPCB","23-09-2026 12:00:00",19.008751,73.01662,PM10,NA,NA,NA
India,Maharashtra,"Navi Mumbai","Sector-2E Kalamboli, Navi Mumbai - MPCB","23-09-2026 12:00:00",19.02579,73.10297,PM10,33,62,48
India,Maharashtra,"Navi Mumbai","Sector-2E Kalamboli, Navi Mumbai - MPCB","23-09-2026 12:00:00",19.02579,73.10297,CO,12,16,15
India,Maharashtra,"Navi Mumbai","Sanpada, Navi Mumbai - MPCB","23-09-2026 12:00:00",19.0575752,73.0151367,PM10,35,92,66
India,Maharashtra,"Navi Mumbai","Mahape, Navi Mumbai - MPCB","23-09-2026 12:00:00",19.1135051,73.008978,PM10,36,116,71
India,Maharashtra,Parbhani,"Masoom Colony, Parbhani - MPCB","23-09-2026 12:00:00",19.265594,76.761463,SO2,0,6,2
India,Rajasthan,Rajsamand,"Dhoinda, Rajsamand - RSPCB","23-09-2026 12:00:00",25.03636,73.883502,CO,23,42,34
India,Rajasthan,"Sawai Madhopur","Sahu Nagar, Sawai Madhopur - RSPCB","23-09-2026 12:00:00",26.031443,76.359327,PM2.5,35,189,74
India,Rajasthan,"Sawai Madhopur","Sahu Nagar, Sawai Madhopur - RSPCB","23-09-2026 12:00:00",26.031443,76.359327,PM10,71,204,118
India,Rajasthan,"Sawai Madhopur","Sahu Nagar, Sawai Madhopur - RSPCB","23-09-2026 12:00:00",26.031443,76.359327,NO2,9,33,18
India,Rajasthan,"Sawai Madhopur","Sahu Nagar, Sawai Madhopur - RSPCB","23-09-2026 12:00:00",26.031443,76.359327,CO,25,46,35
India,Rajasthan,Sikar,"Radhakishan Pura, Sikar - RSPCB","23-09-2026 12:00:00",27.608912,75.153302,NO2,6,63,20
India,Rajasthan,Sirohi,"Vedhaynath Colony, Sirohi - RSPCB","23-09-2026 12:00:00",24.885261,72.857549,SO2,4,8,5
India,Rajasthan,"Sri Ganganagar","Old City, Sri Ganganagar - RSPCB","23-09-2026 12:00:00",29.931624,73.864511,CO,44,59,53
India,Rajasthan,Tonk,"Shastri Nagar, Tonk - RSPCB","23-09-2026 12:00:00",26.159933,75.780517,PM10,94,203,126
India,Rajasthan,Tonk,"Shastri Nagar, Tonk - RSPCB","23-09-2026 12:00:00",26.159933,75.780517,NO2,4,40,16
India,Rajasthan,Udaipur,"Ashok Nagar, Udaipur - RSPCB","23-09-2026 12:00:00",24.5886166,73.6321397,NH3,1,11,4
India,Sikkim,Gangtok,"Zero Point GICI, Gangtok - SSPCB","23-09-2026 12:00:00",27.33853,88.614099,PM2.5,NA,NA,NA
India,Sikkim,Gangtok,"Zero Point GICI, Gangtok - SSPCB","23-09-2026 12:00:00",27.33853,88.614099,PM10,NA,NA,NA
India,Sikkim,Gangtok,"Zero Point GICI, Gangtok - SSPCB","23-09-2026 12:00:00",27.33853,88.614099,OZONE,1,1,1
India,"Tamil Nadu",Chennai,"Manali, Chennai - CPCB","23-09-2026 12:00:00",13.164544,80.26285,NO2,10,10,10
India,"Tamil Nadu",Chennai,"Manali, Chennai - CPCB","23-09-2026 12:00:00",13.164544,80.26285,CO,14,41,25
India,"Tamil Nadu",Chennai,"Velachery Res. Area, Chennai - CPCB","23-09-2026 12:00:00",13.0052189,80.2398125,PM10,88,124,101
India,"Tamil Nadu",Madurai,"Uchapatti, Madurai - TNPCB","23-09-2026 12:00:00",9.865935,78.022669,SO2,NA,NA,NA
India,Telangana,Hyderabad,"Kompally Municipal Office, Hyderabad - TSPCB","23-09-2026 12:00:00",17.544899,78.486949,NO2,13,15,15
India,Meghalaya,Byrnihat,"15th Mile-Nongthymmai, Byrnihat -Meghalaya PCB","23-09-2026 12:00:00",26.079047,91.875185,NO2,1,2,2
India,Meghalaya,Shillong,"Lumpyngngad, Shillong - Meghalaya PCB","23-09-2026 12:00:00",25.5586,91.8985,PM2.5,NA,NA,NA
India,Meghalaya,Shillong,"Lumpyngngad, Shillong - Meghalaya PCB","23-09-2026 12:00:00",25.5586,91.8985,NO2,0,1,0
India,Odisha,Angul,"Hakimapada, Angul - OSPCB","23-09-2026 12:00:00",20.832874,85.104082,NO2,8,187,31
India,Odisha,Angul,"Hakimapada, Angul - OSPCB","23-09-2026 12:00:00",20.832874,85.104082,NH3,2,25,5
India,Odisha,Angul,"Hakimapada, Angul - OSPCB","23-09-2026 12:00:00",20.832874,85.104082,OZONE,9,24,16
India,Odisha,Balasore,"Kalidaspur, Balasore - OSPCB","23-09-2026 12:00:00",21.51161,86.89088,PM2.5,2,20,9
India,Odisha,Balasore,"Kalidaspur, Balasore - OSPCB","23-09-2026 12:00:00",21.51161,86.89088,NO2,3,12,8
India,Odisha,Balasore,"Kalidaspur, Balasore - OSPCB","23-09-2026 12:00:00",21.51161,86.89088,SO2,9,9,9
India,Odisha,Barbil,"Forest Office, Barbil - OSPCB","23-09-2026 12:00:00",22.1166054,85.3945546,PM2.5,2,20,7
India,Odisha,Barbil,"Forest Office, Barbil - OSPCB","23-09-2026 12:00:00",22.1166054,85.3945546,PM10,1,51,22
India,Odisha,Bhubaneswar,"Lingraj Mandir, Bhubaneswar - OSPCB","23-09-2026 12:00:00",20.24079,85.836784,SO2,1,17,12
India,Odisha,Bhubaneswar,"Lingraj Mandir, Bhubaneswar - OSPCB","23-09-2026 12:00:00",20.24079,85.836784,CO,8,24,19
India,Odisha,Bhubaneswar,"Lingraj Mandir, Bhubaneswar - OSPCB","23-09-2026 12:00:00",20.24079,85.836784,OZONE,39,50,44
India,Odisha,Bhubaneswar,"Patia, Bhubaneswar - OSPCB","23-09-2026 12:00:00",20.34652,85.8163,OZONE,38,47,43
India,Odisha,Bileipada,"Tata Township, Bileipada - OSPCB","23-09-2026 12:00:00",22.06156703,85.47409613,NO2,13,14,13
India,Odisha,Brajrajnagar,"GM Office, Brajrajnagar - OSPCB","23-09-2026 12:00:00",21.8004996,83.8396977,NO2,27,32,30
India,Odisha,Byasanagar,"Ferro Chrome Colony, Byasanagar - OSPCB","23-09-2026 12:00:00",20.94185,86.1151,PM2.5,3,30,14
India,Odisha,Byasanagar,"Ferro Chrome Colony, Byasanagar - OSPCB","23-09-2026 12:00:00",20.94185,86.1151,CO,37,42,40
India,Odisha,Byasanagar,"Ferro Chrome Colony, Byasanagar - OSPCB","23-09-2026 12:00:00",20.94185,86.1151,OZONE,34,54,43
India,Odisha,Keonjhar,"Jagamohanpur, Keonjhar - OSPCB","23-09-2026 12:00:00",21.6439,85.599355,PM10,28,39,33
India,Odisha,Keonjhar,"Jagamohanpur, Keonjhar - OSPCB","23-09-2026 12:00:00",21.6439,85.599355,SO2,21,23,21
India,Odisha,Nayagarh,"Dabuna, Nayagarh - OSPCB","23-09-2026 12:00:00",21.847279,85.416905,NH3,5,7,6
India,Odisha,Paradeep,"Nua Sandhakuda, Paradeep - OSPCB","23-09-2026 12:00:00",20.258828,86.665185,PM2.5,12,28,19
India,Odisha,Paradeep,"Nua Sandhakuda, Paradeep - OSPCB","23-09-2026 12:00:00",20.258828,86.665185,NO2,23,32,30
India,Odisha,Paradeep,"Nua Sandhakuda, Paradeep - OSPCB","23-09-2026 12:00:00",20.258828,86.665185,SO2,12,18,15
India,Odisha,Paradeep,"Nua Sandhakuda, Paradeep - OSPCB","23-09-2026 12:00:00",20.258828,86.665185,CO,79,80,80
India,Odisha,Rairangpur,"Divisional Forest Office, Rairangpur - OSPCB","23-09-2026 12:00:00",22.265816,86.174829,PM2.5,21,21,21
India,Odisha,Rourkela,"Raghunathpali, Rourkela - OSPCB","23-09-2026 12:00:00",22.220833,84.809444,PM2.5,NA,NA,NA
India,Odisha,Rourkela,"Raghunathpali, Rourkela - OSPCB","23-09-2026 12:00:00",22.220833,84.809444,CO,12,12,12
India,Odisha,Rourkela,"Raghunathpali, Rourkela - OSPCB","23-09-2026 12:00:00",22.220833,84.809444,OZONE,10,10,10
India,Puducherry,Puducherry,"Jawahar Nagar, Puducherry - PPCC","23-09-2026 12:00:00",11.9309,79.8027,NH3,1,4,2
India,Puducherry,Puducherry,"Jawahar Nagar, Puducherry - PPCC","23-09-2026 12:00:00",11.9309,79.8027,SO2,5,13,10
India,Puducherry,Puducherry,"Jawahar Nagar, Puducherry - PPCC","23-09-2026 12:00:00",11.9309,79.8027,CO,17,27,23
India,Puducherry,Puducherry,"Jawahar Nagar, Puducherry - PPCC","23-09-2026 12:00:00",11.9309,79.8027,OZONE,10,46,21
India,Punjab,Amritsar,"Golden Temple, Amritsar - PPCB","23-09-2026 12:00:00",31.62,74.876512,NH3,7,7,7
India,Punjab,Amritsar,"Golden Temple, Amritsar - PPCB","23-09-2026 12:00:00",31.62,74.876512,SO2,10,14,12
India,Punjab,Bathinda,"Hardev Nagar, Bathinda - PPCB","23-09-2026 12:00:00",30.233011,74.907758,PM10,39,162,89
India,Punjab,Bathinda,"Hardev Nagar, Bathinda - PPCB","23-09-2026 12:00:00",30.233011,74.907758,NO2,26,35,31
India,Punjab,Bathinda,"Hardev Nagar, Bathinda - PPCB","23-09-2026 12:00:00",30.233011,74.907758,SO2,9,24,15
India,Punjab,Jalandhar,"Civil Line, Jalandhar - PPCB","23-09-2026 12:00:00",31.321907,75.578914,PM2.5,66,195,103
India,Rajasthan,Hanumangarh,"Housing Board, Hanumangarh - RSPCB","23-09-2026 12:00:00",29.61075,74.283608,PM10,64,119,98
India,Rajasthan,Hanumangarh,"Housing Board, Hanumangarh - RSPCB","23-09-2026 12:00:00",29.61075,74.283608,NO2,7,26,13
India,Rajasthan,Hanumangarh,"Housing Board, Hanumangarh - RSPCB","23-09-2026 12:00:00",29.61075,74.283608,SO2,1,8,5
India,Rajasthan,Jaipur,"Shastri Nagar, Jaipur - RSPCB","23-09-2026 12:00:00",26.9502929,75.730943,PM2.5,53,162,93
India,Rajasthan,Jaipur,"Shastri Nagar, Jaipur - RSPCB","23-09-2026 12:00:00",26.9502929,75.730943,PM10,80,132,101
India,Rajasthan,Jaipur,"Shastri Nagar, Jaipur - RSPCB","23-09-2026 12:00:00",26.9502929,75.730943,OZONE,24,84,52
India,Rajasthan,Jaipur,"Mansarovar Sector-12, Jaipur - RSPCB","23-09-2026 12:00:00",26.843698,75.766894,NH3,1,7,4
India,Rajasthan,Jaipur,"Police Commissionerate, Jaipur - RSPCB","23-09-2026 12:00:00",26.9164092,75.7994901,CO,36,96,58
India,Rajasthan,Jaipur,"Sector-2 Murlipura, Jaipur - RSPCB","23-09-2026 12:00:00",26.960669,75.771817,NO2,15,106,39
India,Rajasthan,Jaipur,"Sector-2 Murlipura, Jaipur - RSPCB","23-09-2026 12:00:00",26.960669,75.771817,SO2,NA,NA,NA
India,Rajasthan,Jaipur,"Sector-2 Murlipura, Jaipur - RSPCB","23-09-2026 12:00:00",26.960669,75.771817,CO,49,102,77
India,Rajasthan,Jaipur,"RIICO Sitapura, Jaipur - RSPCB","23-09-2026 12:00:00",26.786682,75.827928,NO2,32,152,71
India,Rajasthan,Jaisalmer,"Sadar Bazar, Jaisalmer - RSPCB","23-09-2026 12:00:00",26.912329,70.909168,PM10,34,153,79
India,Rajasthan,Jaisalmer,"Sadar Bazar, Jaisalmer - RSPCB","23-09-2026 12:00:00",26.912329,70.909168,NH3,11,16,13
India,Rajasthan,Jaisalmer,"Sadar Bazar, Jaisalmer - RSPCB","23-09-2026 12:00:00",26.912329,70.909168,CO,8,22,14
India,Rajasthan,Jalore,"Mudtra Sili, Jalore - RSPCB","23-09-2026 12:00:00",25.344694,72.626208,SO2,NA,NA,NA
India,Rajasthan,Jhunjhunu,"Indra Nagar, Jhunjhunu - RSPCB","23-09-2026 12:00:00",28.108988,75.386577,NO2,6,65,24
India,Rajasthan,Jodhpur,"Collectorate, Jodhpur - RSPCB","23-09-2026 12:00:00",26.268249,73.0193853,OZONE,14,26,19
India,Rajasthan,Jodhpur,"Jhalamand, Jodhpur - RSPCB","23-09-2026 12:00:00",26.215415,73.070156,PM10,49,355,159
India,Telangana,Hyderabad,"Kompally Municipal Office, Hyderabad - TSPCB","23-09-2026 12:00:00",17.544899,78.486949,SO2,6,11,8
India,Telangana,Hyderabad,"Kompally Municipal Office, Hyderabad - TSPCB","23-09-2026 12:00:00",17.544899,78.486949,CO,13,19,16
India,Telangana,Hyderabad,"Ramachandrapuram, Hyderabad - TSPCB","23-09-2026 12:00:00",17.528544,78.286195,NH3,2,4,3
India,Telangana,Hyderabad,"Zoo Park, Hyderabad - TSPCB","23-09-2026 12:00:00",17.349694,78.451437,PM2.5,7,60,30
India,Telangana,Hyderabad,"Zoo Park, Hyderabad - TSPCB","23-09-2026 12:00:00",17.349694,78.451437,NO2,3,3,3
India,Telangana,Hyderabad,"Zoo Park, Hyderabad - TSPCB","23-09-2026 12:00:00",17.349694,78.451437,CO,27,81,46
India,Telangana,Hyderabad,"ECIL Kapra, Hyderabad - TSPCB","23-09-2026 12:00:00",17.470431,78.566959,NO2,2,16,10
India,Telangana,Hyderabad,"ECIL Kapra, Hyderabad - TSPCB","23-09-2026 12:00:00",17.470431,78.566959,NH3,2,96,6
India,Telangana,Hyderabad,"Kokapet, Hyderabad - TSPCB","23-09-2026 12:00:00",17.393559,78.339194,CO,21,31,26
India,Telangana,Hyderabad,"New Malakpet, Hyderabad - TSPCB","23-09-2026 12:00:00",17.37206,78.50864,PM2.5,35,75,50
India,Telangana,Hyderabad,"Central University, Hyderabad - TSPCB","23-09-2026 12:00:00",17.460103,78.334361,NO2,20,28,24
India,Telangana,Hyderabad,"Central University, Hyderabad - TSPCB","23-09-2026 12:00:00",17.460103,78.334361,NH3,0,1,1
India,Telangana,Hyderabad,"Central University, Hyderabad - TSPCB","23-09-2026 12:00:00",17.460103,78.334361,OZONE,16,27,23
India,Telangana,Hyderabad,"IITH Kandi, Hyderabad - TSPCB","23-09-2026 12:00:00",17.585705,78.126199,PM10,NA,NA,NA
India,Telangana,Hyderabad,"IITH Kandi, Hyderabad - TSPCB","23-09-2026 12:00:00",17.585705,78.126199,SO2,NA,NA,NA
India,Telangana,Hyderabad,"ICRISAT Patancheru, Hyderabad - TSPCB","23-09-2026 12:00:00",17.5184,78.278777,PM10,14,69,39
India,Telangana,Hyderabad,"ICRISAT Patancheru, Hyderabad - TSPCB","23-09-2026 12:00:00",17.5184,78.278777,NH3,1,2,2
India,Telangana,Hyderabad,"ICRISAT Patancheru, Hyderabad - TSPCB","23-09-2026 12:00:00",17.5184,78.278777,SO2,5,11,9
India,Telangana,Hyderabad,"IDA Pashamylaram, Hyderabad - TSPCB","23-09-2026 12:00:00",17.5316895,78.218939,PM10,13,105,49
India,Telangana,Hyderabad,"Sanathnagar, Hyderabad - TSPCB","23-09-2026 12:00:00",17.4559458,78.4332152,NH3,NA,NA,NA
India,Rajasthan,Baran,"Bamboliya, Baran - RSPCB","23-09-2026 12:00:00",25.106006,76.469948,NO2,14,19,16
India,Rajasthan,Barmer,"Railway Colony, Barmer - RSPCB","23-09-2026 12:00:00",25.747299,71.393989,NO2,6,29,12
India,Rajasthan,Barmer,"Railway Colony, Barmer - RSPCB","23-09-2026 12:00:00",25.747299,71.393989,SO2,4,34,7
India,Rajasthan,Bhilwara,"Pratap Nagar, Bhilwara - RSPCB","23-09-2026 12:00:00",25.339605,74.618883,PM2.5,28,287,90
India,Rajasthan,Bhilwara,"Pratap Nagar, Bhilwara - RSPCB","23-09-2026 12:00:00",25.339605,74.618883,SO2,2,11,7
India,Rajasthan,Bhiwadi,"Vasundhara Nagar_UIT, Bhiwadi - RSPCB","23-09-2026 12:00:00",28.207266,76.829265,SO2,5,18,9
India,Rajasthan,Bhiwadi,"Vasundhara Nagar_UIT, Bhiwadi - RSPCB","23-09-2026 12:00:00",28.207266,76.829265,OZONE,17,41,33
India,Rajasthan,Bhiwadi,"RIICO Ind. Area III, Bhiwadi - RSPCB","23-09-2026 12:00:00",28.194909,76.862296,CO,30,66,57
India,Rajasthan,Bundi,"New Colony, Bundi - RSPCB","23-09-2026 12:00:00",25.435774,75.644272,SO2,1,10,4
India,Rajasthan,Bundi,"New Colony, Bundi - RSPCB","23-09-2026 12:00:00",25.435774,75.644272,OZONE,28,73,52
India,Rajasthan,Chittorgarh,"Shastri Nagar, Chittorgarh - RSPCB","23-09-2026 12:00:00",24.892047,74.623527,SO2,5,53,14
India,Rajasthan,Chittorgarh,"Shastri Nagar, Chittorgarh - RSPCB","23-09-2026 12:00:00",24.892047,74.623527,OZONE,4,95,43
India,Rajasthan,Churu,"Subash Chowk, Churu - RSPCB","23-09-2026 12:00:00",28.296139,74.961696,NH3,6,10,8
India,Rajasthan,Dausa,"Khatikan Mohalla, Dausa - RSPCB","23-09-2026 12:00:00",26.895552,76.334753,PM2.5,62,217,119
India,Rajasthan,Dausa,"Khatikan Mohalla, Dausa - RSPCB","23-09-2026 12:00:00",26.895552,76.334753,PM10,107,334,149
India,Rajasthan,Dausa,"Khatikan Mohalla, Dausa - RSPCB","23-09-2026 12:00:00",26.895552,76.334753,NO2,10,108,35
India,Rajasthan,Dausa,"Khatikan Mohalla, Dausa - RSPCB","23-09-2026 12:00:00",26.895552,76.334753,SO2,0,4,1
India,Rajasthan,Dholpur,"Raja Ganj, Dholpur - RSPCB","23-09-2026 12:00:00",26.699557,77.898881,NO2,4,18,9
India,Rajasthan,Dholpur,"Raja Ganj, Dholpur - RSPCB","23-09-2026 12:00:00",26.699557,77.898881,NH3,7,20,12
India,Punjab,Jalandhar,"Civil Line, Jalandhar - PPCB","23-09-2026 12:00:00",31.321907,75.578914,NH3,4,6,4
India,Punjab,Jalandhar,"Civil Line, Jalandhar - PPCB","23-09-2026 12:00:00",31.321907,75.578914,CO,38,67,50
India,Punjab,Khanna,"Kalal Majra, Khanna - PPCB","23-09-2026 12:00:00",30.736056,76.209694,CO,46,103,78
India,Punjab,Ludhiana,"Punjab Agricultural University, Ludhiana - PPCB","23-09-2026 12:00:00",30.9028,75.8086,PM2.5,42,237,119
India,Punjab,Ludhiana,"Punjab Agricultural University, Ludhiana - PPCB","23-09-2026 12:00:00",30.9028,75.8086,SO2,16,20,18
India,Punjab,Ludhiana,"Punjab Agricultural University, Ludhiana - PPCB","23-09-2026 12:00:00",30.9028,75.8086,CO,12,20,15
India,Punjab,Patiala,"Model Town, Patiala - PPCB","23-09-2026 12:00:00",30.349388,76.366642,NO2,9,23,15
India,Punjab,Rupnagar,"Ratanpura, Rupnagar - Ambuja Cements","23-09-2026 12:00:00",31.0325454,76.5623046,NO2,9,45,26
India,Rajasthan,Ajmer,"Civil Lines,  Ajmer - RSPCB","23-09-2026 12:00:00",26.470859,74.646594,PM2.5,43,84,59
India,Rajasthan,Ajmer,"Civil Lines,  Ajmer - RSPCB","23-09-2026 12:00:00",26.470859,74.646594,PM10,68,120,91
India,Rajasthan,Ajmer,"Civil Lines,  Ajmer - RSPCB","23-09-2026 12:00:00",26.470859,74.646594,NO2,33,39,36
India,Rajasthan,Alwar,"Vigyan Nagar, Alwar - RSPCB","23-09-2026 12:00:00",27.598796,76.63861,PM2.5,62,174,93
India,Rajasthan,Alwar,"Vigyan Nagar, Alwar - RSPCB","23-09-2026 12:00:00",27.598796,76.63861,SO2,6,7,7
India,Rajasthan,Alwar,"Vigyan Nagar, Alwar - RSPCB","23-09-2026 12:00:00",27.598796,76.63861,OZONE,13,132,54
India,Rajasthan,Alwar,"Moti Doongri, Alwar - RSPCB","23-09-2026 12:00:00",27.554793,76.611536,NO2,16,68,46
India,Rajasthan,Banswara,"Rati Talai, Banswara - RSPCB","23-09-2026 12:00:00",23.55519,74.44001,PM10,47,107,75
India,Rajasthan,Banswara,"Rati Talai, Banswara - RSPCB","23-09-2026 12:00:00",23.55519,74.44001,OZONE,16,47,29
India,Maharashtra,Pune,"Dhankawadi, Pune - IITM","23-09-2026 12:00:00",18.459883,73.852193,NH3,NA,NA,NA
India,Maharashtra,Pune,"Dhankawadi, Pune - IITM","23-09-2026 12:00:00",18.459883,73.852193,CO,NA,NA,NA
India,Maharashtra,Satara,"Koyana Nagar, Satara - MPCB","23-09-2026 12:00:00",17.696651,74.003387,NO2,1,16,7
India,Maharashtra,Satara,"Koyana Nagar, Satara - MPCB","23-09-2026 12:00:00",17.696651,74.003387,NH3,1,3,1
India,Maharashtra,Satara,"Koyana Nagar, Satara - MPCB","23-09-2026 12:00:00",17.696651,74.003387,OZONE,28,46,38
India,Maharashtra,Solapur,"Ratandeep Housing Society, Solapur - MPCB","23-09-2026 12:00:00",17.65439,75.90649,PM10,24,77,57
India,Maharashtra,Solapur,"Ratandeep Housing Society, Solapur - MPCB","23-09-2026 12:00:00",17.65439,75.90649,NO2,8,46,26
India,Maharashtra,Solapur,"Dnyaneshwar Nagar, Solapur - MPCB","23-09-2026 12:00:00",17.6336264,75.9132495,NH3,6,17,9
India,Maharashtra,Solapur,"Dnyaneshwar Nagar, Solapur - MPCB","23-09-2026 12:00:00",17.6336264,75.9132495,CO,9,21,15
India,Maharashtra,Thane,"Kasarvadavali, Thane - MPCB","23-09-2026 12:00:00",19.26777,72.97182,NH3,0,2,0
India,Maharashtra,Thane,"Upvan Fort, Thane - MPCB","23-09-2026 12:00:00",19.222279,72.957979,SO2,0,5,2
India,Maharashtra,Thane,"Upvan Fort, Thane - MPCB","23-09-2026 12:00:00",19.222279,72.957979,OZONE,4,40,14
India,Maharashtra,Ulhasnagar,"Sidhi Vinayak Nagar, Ulhasnagar - MPCB","23-09-2026 12:00:00",19.235581,73.159121,NO2,10,11,10
India,Maharashtra,Ulhasnagar,"Sidhi Vinayak Nagar, Ulhasnagar - MPCB","23-09-2026 12:00:00",19.235581,73.159121,CO,5,7,6
India,Maharashtra,Virar,"Bolinj, Virar - MPCB","23-09-2026 12:00:00",19.445821,72.7988231,PM2.5,12,57,30
India,Maharashtra,Virar,"Bolinj, Virar - MPCB","23-09-2026 12:00:00",19.445821,72.7988231,NH3,7,10,8
India,Rajasthan,Jodhpur,"Digari Kalan, Jodhpur - RSPCB","23-09-2026 12:00:00",26.29581,73.082283,CO,20,28,24
India,Rajasthan,Karauli,"Satyawati Vihar, Karauli - RSPCB","23-09-2026 12:00:00",26.506177,77.025989,NO2,16,36,25
India,Rajasthan,Khairthal,"New Anaj Mandi, Khairthal - RSPCB","23-09-2026 12:00:00",27.8015617,76.6365217,PM10,NA,NA,NA
India,Rajasthan,Khairthal,"New Anaj Mandi, Khairthal - RSPCB","23-09-2026 12:00:00",27.8015617,76.6365217,NO2,NA,NA,NA
India,Rajasthan,Kota,"Shrinath Puram, Kota - RSPCB","23-09-2026 12:00:00",25.14389,75.821256,OZONE,4,10,7
India,Rajasthan,Nagaur,"Karni Colony, Nagaur - RSPCB","23-09-2026 12:00:00",27.213494,73.734444,PM2.5,18,130,57
India,Rajasthan,Nagaur,"Karni Colony, Nagaur - RSPCB","23-09-2026 12:00:00",27.213494,73.734444,NH3,5,18,9
India,Rajasthan,Nagaur,"Karni Colony, Nagaur - RSPCB","23-09-2026 12:00:00",27.213494,73.734444,CO,19,54,35
India,Rajasthan,Pratapgarh,"Pragati Nagar, Pratapgarh - RSPCB","23-09-2026 12:00:00",24.041198,74.780702,PM10,53,151,83
India,Rajasthan,Pratapgarh,"Pragati Nagar, Pratapgarh - RSPCB","23-09-2026 12:00:00",24.041198,74.780702,SO2,3,3,3
India,"Uttar Pradesh",Prayagraj,"Jhunsi, Prayagraj - UPPCB","23-09-2026 12:00:00",25.425602,81.917152,NO2,6,6,6
India,"Uttar Pradesh",Raebareli," Indira Nagar, Raebareli - NTPC Unchahar","23-09-2026 12:00:00",26.207781,81.245571,PM2.5,NA,NA,NA
India,"Uttar Pradesh",Raebareli,"Anand Nagar, Raebareli - UPPCB","23-09-2026 12:00:00",26.219512,81.237648,PM2.5,25,42,35
India,"Uttar Pradesh",Varanasi,"Maldahiya, Varanasi - UPPCB","23-09-2026 12:00:00",25.32393,82.99687,SO2,NA,NA,NA
India,"Uttar Pradesh",Varanasi,"Ardhali Bazar, Varanasi - UPPCB","23-09-2026 12:00:00",25.3505986,82.9083074,PM2.5,21,71,43
India,"Uttar Pradesh",Varanasi,"Ardhali Bazar, Varanasi - UPPCB","23-09-2026 12:00:00",25.3505986,82.9083074,PM10,29,96,59
India,"Uttar Pradesh",Varanasi,"Ardhali Bazar, Varanasi - UPPCB","23-09-2026 12:00:00",25.3505986,82.9083074,NO2,20,23,22
India,"Uttar Pradesh",Varanasi,"Bhelupur, Varanasi - UPPCB","23-09-2026 12:00:00",25.301778,82.996789,OZONE,8,10,9
India,"Uttar Pradesh",Varanasi,"IESD Banaras Hindu University, Varanasi - UPPCB","23-09-2026 12:00:00",25.262326,82.995408,PM10,19,101,52
India,"Uttar Pradesh",Varanasi,"IESD Banaras Hindu University, Varanasi - UPPCB","23-09-2026 12:00:00",25.262326,82.995408,SO2,25,51,35
India,"Uttar Pradesh",Vrindavan,"Omex Eternity, Vrindavan - UPPCB","23-09-2026 12:00:00",27.571409,77.655757,PM2.5,64,261,118
India,"Uttar Pradesh",Vrindavan,"Omex Eternity, Vrindavan - UPPCB","23-09-2026 12:00:00",27.571409,77.655757,SO2,11,24,13
India,"Uttar Pradesh",Vrindavan," Chhatikara, Vrindavan - UPPCB","23-09-2026 12:00:00",27.57194,77.62346,PM2.5,85,184,121
India,Uttarakhand,Dehradun,"Doon University, Dehradun - UKPCB","23-09-2026 12:00:00",30.269444,78.044167,PM2.5,10,230,69
India,Uttarakhand,Dehradun,"Doon University, Dehradun - UKPCB","23-09-2026 12:00:00",30.269444,78.044167,NO2,1,5,2
India,Uttarakhand,Kashipur,"Govt. Girls Inter College, Kashipur - UKPCB","23-09-2026 12:00:00",29.2124114,78.9611753,NO2,NA,NA,NA
India,Uttarakhand,Kashipur,"Govt. Girls Inter College, Kashipur - UKPCB","23-09-2026 12:00:00",29.2124114,78.9611753,CO,11,17,14
India,Telangana,Hyderabad,"Somajiguda, Hyderabad - TSPCB","23-09-2026 12:00:00",17.417094,78.457437,NH3,2,4,3
India,Tripura,Agartala,"Bardowali, Agartala - Tripura SPCB","23-09-2026 12:00:00",23.8175497,91.2726974,PM10,19,105,46
India,"Uttar Pradesh",Agra,"Manoharpur, Agra - UPPCB","23-09-2026 12:00:00",27.23711,78.01936,SO2,13,15,13
India,"Uttar Pradesh",Agra,"Manoharpur, Agra - UPPCB","23-09-2026 12:00:00",27.23711,78.01936,CO,20,20,20
India,"Uttar Pradesh",Agra,"Sanjay Palace, Agra - UPPCB","23-09-2026 12:00:00",27.19865833,78.00598056,OZONE,9,10,10
India,"Uttar Pradesh",Agra,"Shastripuram, Agra - UPPCB","23-09-2026 12:00:00",27.19862,77.92066,SO2,NA,NA,NA
India,"Uttar Pradesh",Agra,"Shastripuram, Agra - UPPCB","23-09-2026 12:00:00",27.19862,77.92066,CO,48,51,49
India,"Uttar Pradesh",Agra,"Rohta, Agra - UPPCB","23-09-2026 12:00:00",27.106972,78.000111,SO2,14,24,18
India,"Uttar Pradesh",Agra,"Rohta, Agra - UPPCB","23-09-2026 12:00:00",27.106972,78.000111,CO,28,40,33
India,"Uttar Pradesh",Agra,"Shahjahan Garden, Agra - UPPCB","23-09-2026 12:00:00",27.169338,78.03582,OZONE,2,2,2
India,"Uttar Pradesh",Baghpat,"Sardar Patel Inter College, Baghpat - UPPCB","23-09-2026 12:00:00",28.964949,77.278761,PM10,131,451,182
India,"Uttar Pradesh",Baghpat,"Sardar Patel Inter College, Baghpat - UPPCB","23-09-2026 12:00:00",28.964949,77.278761,NO2,18,56,34
India,"Uttar Pradesh",Baraut,"Nagar Palika Parishad, Baraut - UPPCB","23-09-2026 12:00:00",29.09956,77.26235,SO2,0,18,4
India,"Uttar Pradesh",Baraut,"Nagar Palika Parishad, Baraut - UPPCB","23-09-2026 12:00:00",29.09956,77.26235,CO,35,58,44
India,"Uttar Pradesh",Bareilly,"Rajendra Nagar, Bareilly - UPPCB","23-09-2026 12:00:00",28.38910936,79.42963708,PM2.5,59,174,115
India,"Uttar Pradesh",Bareilly,"Civil Lines, Bareilly - UPPCB","23-09-2026 12:00:00",28.359581,79.414455,NO2,8,9,8
India,"Uttar Pradesh",Bareilly,"Civil Lines, Bareilly - UPPCB","23-09-2026 12:00:00",28.359581,79.414455,NH3,0,0,0
India,"Uttar Pradesh",Moradabad,"Employment Office, Moradabad - UPPCB","23-09-2026 12:00:00",28.88528,78.7388,NO2,23,24,23
India,"Uttar Pradesh",Moradabad,"Buddhi Vihar, Moradabad - UPPCB","23-09-2026 12:00:00",28.83526,78.7446,CO,13,19,16
India,"Uttar Pradesh",Moradabad,"Jigar Colony, Moradabad - UPPCB","23-09-2026 12:00:00",28.856664,78.772638,PM10,72,127,97
India,"Uttar Pradesh",Moradabad,"Jigar Colony, Moradabad - UPPCB","23-09-2026 12:00:00",28.856664,78.772638,OZONE,21,82,31
India,"Uttar Pradesh",Muzaffarnagar,"New Mandi, Muzaffarnagar - UPPCB","23-09-2026 12:00:00",29.4723508,77.7194031,PM2.5,50,269,132
India,"Uttar Pradesh",Muzaffarnagar,"New Mandi, Muzaffarnagar - UPPCB","23-09-2026 12:00:00",29.4723508,77.7194031,NH3,2,4,2
India,"Uttar Pradesh",Muzaffarnagar,"New Mandi, Muzaffarnagar - UPPCB","23-09-2026 12:00:00",29.4723508,77.7194031,SO2,3,77,17
India,"Uttar Pradesh",Muzaffarnagar,"New Mandi, Muzaffarnagar - UPPCB","23-09-2026 12:00:00",29.4723508,77.7194031,CO,43,67,54
India,"Uttar Pradesh",Muzaffarnagar,"New Mandi, Muzaffarnagar - UPPCB","23-09-2026 12:00:00",29.4723508,77.7194031,OZONE,4,28,15
India,"Uttar Pradesh",Noida,"Sector - 62, Noida - IITM","23-09-2026 12:00:00",28.6245479,77.3577104,PM10,102,158,133
India,"Uttar Pradesh",Noida,"Sector - 125, Noida - UPPCB","23-09-2026 12:00:00",28.5447608,77.3231257,NO2,NA,NA,NA
India,"Uttar Pradesh",Noida,"Sector - 125, Noida - UPPCB","23-09-2026 12:00:00",28.5447608,77.3231257,NH3,NA,NA,NA
India,"Uttar Pradesh",Noida,"Sector - 125, Noida - UPPCB","23-09-2026 12:00:00",28.5447608,77.3231257,SO2,7,11,9
India,"Uttar Pradesh",Noida,"Sector-1, Noida - UPPCB","23-09-2026 12:00:00",28.5898,77.3101,PM2.5,64,255,118
India,"Uttar Pradesh",Noida,"Sector-1, Noida - UPPCB","23-09-2026 12:00:00",28.5898,77.3101,NH3,12,14,14
India,"Uttar Pradesh",Prayagraj,"Nagar Nigam, Prayagraj - UPPCB","23-09-2026 12:00:00",25.44919916,81.82735986,NH3,6,11,8
India,"Uttar Pradesh",Prayagraj,"Nagar Nigam, Prayagraj - UPPCB","23-09-2026 12:00:00",25.44919916,81.82735986,SO2,39,102,61
India,"Uttar Pradesh",Prayagraj,"Motilal Nehru NIT, Prayagraj - UPPCB","23-09-2026 12:00:00",25.494,81.863,NH3,8,8,8
India,"Uttar Pradesh",Prayagraj,"Motilal Nehru NIT, Prayagraj - UPPCB","23-09-2026 12:00:00",25.494,81.863,SO2,22,26,24
India,"Uttar Pradesh","Greater Noida","Knowledge Park - III, Greater Noida - UPPCB","23-09-2026 12:00:00",28.47272,77.482,CO,14,121,49
India,"Uttar Pradesh",Hapur,"Anand Vihar, Hapur - UPPCB","23-09-2026 12:00:00",28.725645,77.749675,NO2,NA,NA,NA
India,"Uttar Pradesh",Jhansi,"Shivaji Nagar, Jhansi - UPPCB","23-09-2026 12:00:00",25.4547,78.6039,CO,10,20,14
India,"Uttar Pradesh",Kanpur,"FTI Kidwai Nagar, Kanpur - UPPCB","23-09-2026 12:00:00",26.428282,80.327067,PM2.5,10,192,46
India,"Uttar Pradesh",Kanpur,"FTI Kidwai Nagar, Kanpur - UPPCB","23-09-2026 12:00:00",26.428282,80.327067,NO2,26,27,27
India,"Uttar Pradesh",Kanpur,"NSI Kalyanpur, Kanpur - UPPCB","23-09-2026 12:00:00",26.509954,80.249612,NH3,2,2,2
India,"Uttar Pradesh",Kanpur,"NSI Kalyanpur, Kanpur - UPPCB","23-09-2026 12:00:00",26.509954,80.249612,SO2,25,27,26
India,"Uttar Pradesh",Kanpur,"NSI Kalyanpur, Kanpur - UPPCB","23-09-2026 12:00:00",26.509954,80.249612,CO,33,38,35
India,"Uttar Pradesh",Khora,"Prashant Garden, Khora - UPPCB","23-09-2026 12:00:00",28.61119,77.34206,PM2.5,199,300,248
India,"Uttar Pradesh",Khora,"Prashant Garden, Khora - UPPCB","23-09-2026 12:00:00",28.61119,77.34206,CO,34,49,41
India,"Uttar Pradesh",Khurja,"Kalindi Kunj, Khurja - UPPCB","23-09-2026 12:00:00",28.2348927,77.8683002,OZONE,13,13,13
India,"Uttar Pradesh",Lucknow,"B R Ambedkar University, Lucknow - UPPCB","23-09-2026 12:00:00",26.766433,80.927299,NH3,3,4,3
India,"Uttar Pradesh",Lucknow,"Lalbagh, Lucknow - CPCB","23-09-2026 12:00:00",26.8458805,80.9365541,PM2.5,31,161,96
India,"Uttar Pradesh",Lucknow,"Lalbagh, Lucknow - CPCB","23-09-2026 12:00:00",26.8458805,80.9365541,OZONE,16,55,28
India,"Uttar Pradesh",Lucknow,"Gomti Nagar, Lucknow - UPPCB","23-09-2026 12:00:00",26.86812,81.005119,PM10,25,134,50
India,"Uttar Pradesh",Lucknow,"Gomti Nagar, Lucknow - UPPCB","23-09-2026 12:00:00",26.86812,81.005119,NH3,NA,NA,NA
India,"Uttar Pradesh",Lucknow,"Gomti Nagar, Lucknow - UPPCB","23-09-2026 12:00:00",26.86812,81.005119,CO,38,41,39
India,"Uttar Pradesh",Bulandshahr,"Yamunapuram, Bulandshahr - UPPCB","23-09-2026 12:00:00",28.406963,77.849831,CO,29,63,51
India,"Uttar Pradesh",Bulandshahr,"Yamunapuram, Bulandshahr - UPPCB","23-09-2026 12:00:00",28.406963,77.849831,OZONE,14,104,49
India,"Uttar Pradesh","Fatehpur Sikri","Dadupura, Fatehpur Sikri - UPPCB","23-09-2026 12:00:00",27.097694,77.671335,CO,30,53,41
India,"Uttar Pradesh",Firozabad,"Nagla Bhau, Firozabad - UPPCB","23-09-2026 12:00:00",27.168897,78.37696,PM10,NA,NA,NA
India,"Uttar Pradesh",Firozabad,"Nagla Bhau, Firozabad - UPPCB","23-09-2026 12:00:00",27.168897,78.37696,NH3,2,2,2
India,"Uttar Pradesh",Firozabad,"Nagla Bhau, Firozabad - UPPCB","23-09-2026 12:00:00",27.168897,78.37696,SO2,8,63,32
India,"Uttar Pradesh",Firozabad,"Nagla Bhau, Firozabad - UPPCB","23-09-2026 12:00:00",27.168897,78.37696,CO,19,56,34
India,"Uttar Pradesh",Firozabad,"Vibhab Nagar, Firozabad - UPPCB","23-09-2026 12:00:00",27.1594,78.3953,SO2,7,9,9
India,"Uttar Pradesh",Ghaziabad,"Indirapuram, Ghaziabad - UPPCB","23-09-2026 12:00:00",28.646233,77.358075,SO2,3,15,7
India,"Uttar Pradesh",Ghaziabad,"Indirapuram, Ghaziabad - UPPCB","23-09-2026 12:00:00",28.646233,77.358075,OZONE,13,52,27
India,"Uttar Pradesh",Ghaziabad,"Ved Vihar-Loni, Ghaziabad - UPPCB","23-09-2026 12:00:00",28.739153,77.273668,SO2,8,30,15
India,"Uttar Pradesh",Ghaziabad,"Wave City, Ghaziabad - UPPCB","23-09-2026 12:00:00",28.646675,77.489049,CO,104,108,105
India,"Uttar Pradesh",Ghaziabad,"Loni, Ghaziabad - UPPCB","23-09-2026 12:00:00",28.757294,77.278792,PM10,144,273,189
India,"Uttar Pradesh",Ghaziabad,"Sanjay Nagar, Ghaziabad - UPPCB","23-09-2026 12:00:00",28.685382,77.453839,CO,16,59,44
India,"Uttar Pradesh",Ghaziabad,"Sanjay Nagar, Ghaziabad - UPPCB","23-09-2026 12:00:00",28.685382,77.453839,OZONE,11,75,30
India,"Uttar Pradesh","Greater Noida","Knowledge Park - V, Greater Noida - UPPCB","23-09-2026 12:00:00",28.557054,77.453663,OZONE,6,89,30
India,Uttarakhand,Rishikesh,"Shivaji Nagar, Rishikesh - UKPCB","23-09-2026 12:00:00",30.075911,78.2859547,NH3,2,2,2
India,"West Bengal",Asansol,"Asansol Court Area, Asansol - WBPCB","23-09-2026 12:00:00",23.685297,86.945968,NH3,2,3,3
India,"West Bengal",Asansol,"Asansol Court Area, Asansol - WBPCB","23-09-2026 12:00:00",23.685297,86.945968,CO,20,42,29
India,"West Bengal",Asansol,"Evelyn Lodge, Asansol - WBPCB","23-09-2026 12:00:00",23.697936,86.944395,NH3,4,5,5
India,"West Bengal",Asansol,"Evelyn Lodge, Asansol - WBPCB","23-09-2026 12:00:00",23.697936,86.944395,CO,12,31,18
India,"West Bengal",Barrackpore,"SVSPA Campus, Barrackpore - WBPCB","23-09-2026 12:00:00",22.7605581,88.3617589,PM2.5,17,31,23
India,"West Bengal",Durgapur,"PCBL Residential Complex, Durgapur - WBPCB","23-09-2026 12:00:00",23.508764,87.35444,PM2.5,11,162,56
India,"West Bengal",Durgapur,"PCBL Residential Complex, Durgapur - WBPCB","23-09-2026 12:00:00",23.508764,87.35444,PM10,12,129,75
India,"West Bengal",Durgapur,"PCBL Residential Complex, Durgapur - WBPCB","23-09-2026 12:00:00",23.508764,87.35444,NO2,NA,NA,NA
India,"West Bengal",Durgapur,"Womens College_City Center, Durgapur - WBPCB","23-09-2026 12:00:00",23.549395,87.300496,NO2,22,28,25
India,"West Bengal",Durgapur,"Womens College_City Center, Durgapur - WBPCB","23-09-2026 12:00:00",23.549395,87.300496,SO2,12,12,12
India,"West Bengal",Haldia,"Priyambada Housing Estate, Haldia - WBPCB","23-09-2026 12:00:00",22.06047,88.109737,NH3,7,9,8
India,"West Bengal",Howrah,"Dasnagar, Howrah - WBPCB","23-09-2026 12:00:00",22.6025571,88.3105664,PM10,15,61,37
India,"West Bengal",Howrah,"Dasnagar, Howrah - WBPCB","23-09-2026 12:00:00",22.6025571,88.3105664,NH3,1,3,1
India,"West Bengal",Howrah,"Dasnagar, Howrah - WBPCB","23-09-2026 12:00:00",22.6025571,88.3105664,SO2,9,10,9
India,"West Bengal",Howrah,"Padmapukur, Howrah - WBPCB","23-09-2026 12:00:00",22.5687319,88.2797276,PM2.5,15,95,37
India,"West Bengal",Howrah,"Padmapukur, Howrah - WBPCB","23-09-2026 12:00:00",22.5687319,88.2797276,SO2,4,7,5
India,"West Bengal",Howrah,"Botanical Garden, Howrah - WBPCB","23-09-2026 12:00:00",22.554954,88.292568,PM2.5,29,70,44
India,"West Bengal",Howrah,"Botanical Garden, Howrah - WBPCB","23-09-2026 12:00:00",22.554954,88.292568,NO2,8,18,13
India,"West Bengal",Kolkata,"Fort William, Kolkata - WBPCB","23-09-2026 12:00:00",22.55664,88.342674,NO2,12,22,15
India,"West Bengal",Kolkata,"Victoria, Kolkata - WBPCB","23-09-2026 12:00:00",22.5448082,88.3403691,PM2.5,8,68,31
India,"West Bengal",Kolkata,"Rabindra Sarobar, Kolkata - WBPCB","23-09-2026 12:00:00",22.51106,88.35142,PM2.5,18,19,18
India,"West Bengal",Kolkata,"Rabindra Sarobar, Kolkata - WBPCB","23-09-2026 12:00:00",22.51106,88.35142,NH3,6,7,6
India,"Uttar Pradesh",Lucknow,"Kukrail Picnic Spot-1, Lucknow - UPPCB","23-09-2026 12:00:00",26.90723,80.98579,SO2,23,31,26
India,"Uttar Pradesh",Lucknow,"Kukrail Picnic Spot-1, Lucknow - UPPCB","23-09-2026 12:00:00",26.90723,80.98579,CO,12,16,14
India,"Uttar Pradesh",Lucknow,"Kukrail Picnic Spot-1, Lucknow - UPPCB","23-09-2026 12:00:00",26.90723,80.98579,OZONE,10,11,11
India,"Uttar Pradesh",Meerut,"Pallavpuram Phase 2, Meerut - UPPCB","23-09-2026 12:00:00",29.06351,77.709723,SO2,5,63,24
India,"Uttar Pradesh",Meerut,"Ganga Nagar, Meerut - UPPCB","23-09-2026 12:00:00",28.999264,77.7590354,PM2.5,45,163,98
India,"Uttar Pradesh",Meerut,"Ganga Nagar, Meerut - UPPCB","23-09-2026 12:00:00",28.999264,77.7590354,NO2,20,38,30
India,"Uttar Pradesh",Meerut,"Ganga Nagar, Meerut - UPPCB","23-09-2026 12:00:00",28.999264,77.7590354,NH3,7,12,9
India,"Uttar Pradesh",Meerut,"MIET College, Meerut - UPPCB","23-09-2026 12:00:00",28.972677,77.641018,PM10,14,159,107
India,"Uttar Pradesh",Meerut,"MIET College, Meerut - UPPCB","23-09-2026 12:00:00",28.972677,77.641018,NO2,7,66,27
India,"Uttar Pradesh",Meerut,"Jai Bhim Nagar, Meerut - UPPCB","23-09-2026 12:00:00",28.9535882,77.7622941,OZONE,14,111,44
India,"West Bengal",Kolkata,"Bidhannagar, Kolkata - WBPCB","23-09-2026 12:00:00",22.58157048,88.41002457,PM10,24,36,30
India,"West Bengal",Kolkata,"Bidhannagar, Kolkata - WBPCB","23-09-2026 12:00:00",22.58157048,88.41002457,CO,24,28,26
India,"West Bengal",Siliguri,"Ward-32 Bapupara, Siliguri - WBPCB","23-09-2026 12:00:00",26.6879226,88.4152495,PM2.5,11,31,17
India,"West Bengal",Siliguri,"Ward-32 Bapupara, Siliguri - WBPCB","23-09-2026 12:00:00",26.6879226,88.4152495,NO2,15,18,17
India,"West Bengal",Siliguri,"Ward-32 Bapupara, Siliguri - WBPCB","23-09-2026 12:00:00",26.6879226,88.4152495,NH3,8,8,8
India,"West Bengal",Siliguri,"Ward-32 Bapupara, Siliguri - WBPCB","23-09-2026 12:00:00",26.6879226,88.4152495,OZONE,17,19,18
India,Chandigarh,Chandigarh,"Sector 22, Chandigarh - CPCC","23-09-2026 12:00:00",30.735567,76.775714,NH3,13,31,23
India,Chandigarh,Chandigarh,"Sector 22, Chandigarh - CPCC","23-09-2026 12:00:00",30.735567,76.775714,SO2,4,7,5
India,Chandigarh,Chandigarh,"Sector 22, Chandigarh - CPCC","23-09-2026 12:00:00",30.735567,76.775714,OZONE,18,52,31
India,Chhattisgarh,Bhilai,"Hathkhoj, Bhilai - CECB","23-09-2026 12:00:00",21.224231,81.40835,PM10,23,46,31
India,Chhattisgarh,Bhilai,"Civic Center, Bhilai - Bhilai Steel Plant","23-09-2026 12:00:00",21.185571,81.343175,PM2.5,1,24,10
India,Chhattisgarh,Bhilai,"32Bungalows, Bhilai - CECB","23-09-2026 12:00:00",21.194815,81.31477,NO2,6,36,15
India,Chhattisgarh,Bhilai,"32Bungalows, Bhilai - CECB","23-09-2026 12:00:00",21.194815,81.31477,NH3,3,4,4
India,Chhattisgarh,Bilaspur,"Mangala, Bilaspur - NTPC","23-09-2026 12:00:00",22.08815,82.13737,NO2,18,23,21
India,Chhattisgarh,Chhal,"Nawapara SECL Colony, Chhal - CECB","23-09-2026 12:00:00",22.118125,83.140608,PM10,12,215,45
India,Chhattisgarh,Chhal,"Nawapara SECL Colony, Chhal - CECB","23-09-2026 12:00:00",22.118125,83.140608,NO2,3,6,5
India,Chhattisgarh,Chhal,"Nawapara SECL Colony, Chhal - CECB","23-09-2026 12:00:00",22.118125,83.140608,NH3,2,2,2
India,Chhattisgarh,Korba,"Rampur, Korba - CECB","23-09-2026 12:00:00",22.368195,82.746431,CO,8,15,11
India,Chhattisgarh,Milupara,"Govt. Higher Secondary School, Milupara - CECB","23-09-2026 12:00:00",22.1910172,83.5197009,NH3,1,2,1
India,Chhattisgarh,Milupara,"Govt. Higher Secondary School, Milupara - CECB","23-09-2026 12:00:00",22.1910172,83.5197009,SO2,12,14,13
India,Chhattisgarh,Milupara,"Govt. Higher Secondary School, Milupara - CECB","23-09-2026 12:00:00",22.1910172,83.5197009,CO,13,17,15
India,Chhattisgarh,Raipur,"Krishak Nagar, Raipur - CECB","23-09-2026 12:00:00",21.237755,81.705301,NO2,7,28,14
India,Delhi,Delhi,"Bawana, Delhi - DPCC","23-09-2026 12:00:00",28.7762,77.051074,PM10,102,272,146
India,Delhi,Delhi,"Okhla Phase-2, Delhi - DPCC","23-09-2026 12:00:00",28.530785,77.271255,PM10,125,218,158
India,Delhi,Delhi,"Okhla Phase-2, Delhi - DPCC","23-09-2026 12:00:00",28.530785,77.271255,OZONE,5,32,12
India,Delhi,Delhi,"Rohini, Delhi - DPCC","23-09-2026 12:00:00",28.732528,77.11992,NO2,1,15,6
India,Delhi,Delhi,"Vivek Vihar, Delhi - DPCC","23-09-2026 12:00:00",28.672342,77.31526,NO2,32,69,50
India,Delhi,Delhi,"Jahangirpuri, Delhi - DPCC","23-09-2026 12:00:00",28.73282,77.170633,PM2.5,40,267,163
India,Delhi,Delhi,"Jahangirpuri, Delhi - DPCC","23-09-2026 12:00:00",28.73282,77.170633,NH3,10,12,11
India,Delhi,Delhi,"Jahangirpuri, Delhi - DPCC","23-09-2026 12:00:00",28.73282,77.170633,SO2,10,18,14
India,Delhi,Delhi,"Jahangirpuri, Delhi - DPCC","23-09-2026 12:00:00",28.73282,77.170633,CO,101,103,102
India,Delhi,Delhi,"IHBAS, Dilshad Garden, Delhi - CPCB","23-09-2026 12:00:00",28.6811736,77.3025234,PM2.5,123,212,156
India,Delhi,Delhi,"IHBAS, Dilshad Garden, Delhi - CPCB","23-09-2026 12:00:00",28.6811736,77.3025234,PM10,95,124,107
India,Delhi,Delhi,"IHBAS, Dilshad Garden, Delhi - CPCB","23-09-2026 12:00:00",28.6811736,77.3025234,NH3,0,6,3
India,Delhi,Delhi,"IHBAS, Dilshad Garden, Delhi - CPCB","23-09-2026 12:00:00",28.6811736,77.3025234,CO,17,24,20
India,Delhi,Delhi,"Sri Aurobindo Marg, Delhi - DPCC","23-09-2026 12:00:00",28.531346,77.190156,SO2,2,17,9
India,Delhi,Delhi,"Sri Aurobindo Marg, Delhi - DPCC","23-09-2026 12:00:00",28.531346,77.190156,CO,41,51,45
India,Delhi,Delhi,"Sri Aurobindo Marg, Delhi - DPCC","23-09-2026 12:00:00",28.531346,77.190156,OZONE,3,60,20
India,Delhi,Delhi,"Nehru Nagar, Delhi - DPCC","23-09-2026 12:00:00",28.56789,77.250515,SO2,3,107,14
India,Delhi,Delhi,"Nehru Nagar, Delhi - DPCC","23-09-2026 12:00:00",28.56789,77.250515,CO,48,55,51
India,"Andhra Pradesh",Visakhapatnam,"GVM Corporation, Visakhapatnam - APPCB","23-09-2026 12:00:00",17.72,83.3,PM2.5,3,30,14
India,"Andhra Pradesh",Visakhapatnam,"GVM Corporation, Visakhapatnam - APPCB","23-09-2026 12:00:00",17.72,83.3,PM10,8,41,20
India,"Andhra Pradesh",Visakhapatnam,"GVM Corporation, Visakhapatnam - APPCB","23-09-2026 12:00:00",17.72,83.3,SO2,1,7,4
India,"Arunachal Pradesh",Naharlagun,"Naharlagun, Naharlagun - APSPCB","23-09-2026 12:00:00",27.103358,93.679645,PM10,1,98,39
India,"Arunachal Pradesh",Naharlagun,"Naharlagun, Naharlagun - APSPCB","23-09-2026 12:00:00",27.103358,93.679645,SO2,11,12,12
India,Assam,Guwahati,"Pan Bazaar, Guwahati - PCBA","23-09-2026 12:00:00",26.1875,91.744194,PM2.5,NA,NA,NA
India,Assam,Guwahati,"Pan Bazaar, Guwahati - PCBA","23-09-2026 12:00:00",26.1875,91.744194,OZONE,12,15,13
India,Assam,Guwahati,"Railway Colony, Guwahati - PCBA","23-09-2026 12:00:00",26.181742,91.78063,SO2,4,10,6
India,Assam,Guwahati,"Railway Colony, Guwahati - PCBA","23-09-2026 12:00:00",26.181742,91.78063,CO,6,9,7
India,Assam,Guwahati,"Railway Colony, Guwahati - PCBA","23-09-2026 12:00:00",26.181742,91.78063,OZONE,10,18,11
India,Assam,Guwahati,"IITG, Guwahati - PCBA","23-09-2026 12:00:00",26.2028636,91.70046436,SO2,32,35,34
India,Assam,Nagaon,"Christianpatty, Nagaon - PCBA","23-09-2026 12:00:00",26.349082,92.68449,OZONE,6,12,7
India,Assam,Nalbari,"Bata Chowk, Nalbari - PCBA","23-09-2026 12:00:00",26.446912,91.439057,PM10,18,81,52
India,Assam,Nalbari,"Bata Chowk, Nalbari - PCBA","23-09-2026 12:00:00",26.446912,91.439057,NH3,5,6,6
India,Assam,Silchar,"Tarapur, Silchar - PCBA","23-09-2026 12:00:00",24.82827,92.79525,PM2.5,27,33,28
India,Assam,Silchar,"Tarapur, Silchar - PCBA","23-09-2026 12:00:00",24.82827,92.79525,NO2,15,20,18
India,Bihar,Kishanganj,"SDM Office_Khagra, Kishanganj - BSPCB","23-09-2026 12:00:00",26.0881305,87.93840336,SO2,6,9,8
India,Bihar,Manguraha,"Forest Rest House, Manguraha - BSPCB","23-09-2026 12:00:00",27.308328,84.531742,PM10,34,171,83
India,Bihar,Manguraha,"Forest Rest House, Manguraha - BSPCB","23-09-2026 12:00:00",27.308328,84.531742,CO,17,35,29
India,Bihar,Manguraha,"Forest Rest House, Manguraha - BSPCB","23-09-2026 12:00:00",27.308328,84.531742,OZONE,27,69,41
India,Bihar,Motihari,"Gandak Colony, Motihari - BSPCB","23-09-2026 12:00:00",26.63086,84.90051,NH3,1,1,1
India,Bihar,Motihari,"Gandak Colony, Motihari - BSPCB","23-09-2026 12:00:00",26.63086,84.90051,CO,11,14,12
India,Bihar,Munger,"Town Hall, Munger - BSPCB","23-09-2026 12:00:00",25.376776,86.471523,PM10,5,171,59
India,Bihar,Munger,"Town Hall, Munger - BSPCB","23-09-2026 12:00:00",25.376776,86.471523,NH3,3,3,3
India,Bihar,Munger,"Town Hall, Munger - BSPCB","23-09-2026 12:00:00",25.376776,86.471523,CO,34,48,38
India,Bihar,Muzaffarpur,"MIT-Daudpur Kothi, Muzaffarpur - BSPCB","23-09-2026 12:00:00",26.1403345,85.3650192,PM10,18,49,33
India,Bihar,Muzaffarpur,"MIT-Daudpur Kothi, Muzaffarpur - BSPCB","23-09-2026 12:00:00",26.1403345,85.3650192,CO,5,29,18
India,Bihar,Patna,"Muradpur, Patna - BSPCB","23-09-2026 12:00:00",25.619651,85.147382,PM2.5,13,90,35
India,Bihar,Patna,"Muradpur, Patna - BSPCB","23-09-2026 12:00:00",25.619651,85.147382,CO,44,52,47
India,Bihar,Patna,"DRM Office Danapur, Patna - BSPCB","23-09-2026 12:00:00",25.586562,85.043586,SO2,6,9,8
India,Bihar,Patna,"Rajbansi Nagar, Patna - BSPCB","23-09-2026 12:00:00",25.599486,85.113666,NH3,2,3,3
India,Bihar,Patna,"Rajbansi Nagar, Patna - BSPCB","23-09-2026 12:00:00",25.599486,85.113666,OZONE,27,28,28
India,Bihar,Purnia,"Mariam Nagar, Purnia - BSPCB","23-09-2026 12:00:00",25.366336,87.117468,PM2.5,NA,NA,NA
India,Bihar,Rajgir,"Dangi Tola, Rajgir - BSPCB","23-09-2026 12:00:00",25.0328,85.41948,CO,41,47,43
India,Bihar,Saharsa,"Police Line, Saharsa - BSPCB","23-09-2026 12:00:00",25.892357,86.590325,CO,37,39,38
India,Bihar,Sasaram,"Dada Peer, Sasaram - BSPCB","23-09-2026 12:00:00",24.952822,84.002396,PM10,6,27,15
India,Bihar,Siwan,"Chitragupta Nagar, Siwan - BSPCB","23-09-2026 12:00:00",26.2271665,84.3570427,PM10,32,129,53
India,Bihar,Siwan,"Chitragupta Nagar, Siwan - BSPCB","23-09-2026 12:00:00",26.2271665,84.3570427,NO2,2,2,2
India,Bihar,Siwan,"Chitragupta Nagar, Siwan - BSPCB","23-09-2026 12:00:00",26.2271665,84.3570427,SO2,4,7,6
India,Bihar,Siwan,"Chitragupta Nagar, Siwan - BSPCB","23-09-2026 12:00:00",26.2271665,84.3570427,CO,65,65,65
India,Chandigarh,Chandigarh,"Sector-25, Chandigarh - CPCC","23-09-2026 12:00:00",30.751462,76.762879,CO,13,23,20
India,Chandigarh,Chandigarh,"Sector-53, Chandigarh - CPCC","23-09-2026 12:00:00",30.719859,76.738637,SO2,NA,NA,NA
India,Chandigarh,Chandigarh,"Sector-53, Chandigarh - CPCC","23-09-2026 12:00:00",30.719859,76.738637,CO,28,28,28
India,Chhattisgarh,Raipur,"Siltara Phase-II, Raipur - CECB","23-09-2026 12:00:00",21.371751,81.664929,PM10,13,166,75
India,Chhattisgarh,Raipur,"Siltara Phase-II, Raipur - CECB","23-09-2026 12:00:00",21.371751,81.664929,OZONE,10,15,12
India,Chhattisgarh,Tumidih,"OP Jindal Industrial Park, Tumidih - CECB","23-09-2026 12:00:00",22.06631475,83.33820077,NH3,1,2,2
India,Delhi,Delhi,"Wazirpur, Delhi - DPCC","23-09-2026 12:00:00",28.699793,77.165453,NO2,39,69,54
India,Delhi,Delhi,"Wazirpur, Delhi - DPCC","23-09-2026 12:00:00",28.699793,77.165453,OZONE,8,10,9
India,Delhi,Delhi,"Narela, Delhi - DPCC","23-09-2026 12:00:00",28.822836,77.101981,PM10,127,235,156
India,Delhi,Delhi,"Cantonment Area, Delhi - DPCC","23-09-2026 12:00:00",28.594169,77.1251,NH3,2,3,2
India,Delhi,Delhi,"Major Dhyan Chand National Stadium, Delhi - DPCC","23-09-2026 12:00:00",28.611281,77.237738,PM2.5,55,150,83
India,Delhi,Delhi,"Sonia Vihar, Delhi - DPCC","23-09-2026 12:00:00",28.710508,77.249485,OZONE,7,29,20
India,Delhi,Delhi,"Bawana, Delhi - DPCC","23-09-2026 12:00:00",28.7762,77.051074,PM2.5,85,374,188
India,Bihar,Bhagalpur,"Mayaganj, Bhagalpur - BSPCB","23-09-2026 12:00:00",25.265194,87.012947,NH3,4,4,4
India,Bihar,Chhapra,"Darshan Nagar, Chhapra - BSPCB","23-09-2026 12:00:00",25.7808257,84.7446768,PM2.5,NA,NA,NA
India,Bihar,Chhapra,"Darshan Nagar, Chhapra - BSPCB","23-09-2026 12:00:00",25.7808257,84.7446768,NH3,NA,NA,NA
India,Bihar,Chhapra,"Darshan Nagar, Chhapra - BSPCB","23-09-2026 12:00:00",25.7808257,84.7446768,CO,86,91,89
India,Bihar,Chhapra,"Darshan Nagar, Chhapra - BSPCB","23-09-2026 12:00:00",25.7808257,84.7446768,OZONE,2,2,2
India,Bihar,Gaya,"Kareemganj, Gaya - BSPCB","23-09-2026 12:00:00",24.792403,84.992416,NH3,0,2,1
India,Bihar,Gaya,"Kareemganj, Gaya - BSPCB","23-09-2026 12:00:00",24.792403,84.992416,OZONE,25,119,40
India,Bihar,Hajipur,"Industrial Area, Hajipur - BSPCB","23-09-2026 12:00:00",25.697189,85.2459,PM2.5,21,88,50
India,Bihar,Kishanganj,"SDM Office_Khagra, Kishanganj - BSPCB","23-09-2026 12:00:00",26.0881305,87.93840336,PM2.5,30,45,35
India,Bihar,Kishanganj,"SDM Office_Khagra, Kishanganj - BSPCB","23-09-2026 12:00:00",26.0881305,87.93840336,PM10,31,42,35
India,Bihar,Kishanganj,"SDM Office_Khagra, Kishanganj - BSPCB","23-09-2026 12:00:00",26.0881305,87.93840336,NH3,3,3,3
India,"Andhra Pradesh",Kurnool,"Sita Rama Nagar, Kurnool - APPCB","23-09-2026 12:00:00",15.83411,78.028546,NH3,5,5,5
India,"Andhra Pradesh",Machilipatnam,"Srinivas Nagar Colony, Machilipatnam - APPCB","23-09-2026 12:00:00",16.186555,81.13219,CO,11,32,20
India,"Andhra Pradesh",Nellore,"Ambedkar Nagar, Nellore - APPCB ","23-09-2026 12:00:00",14.438164,79.966814,PM10,54,65,60
India,"Andhra Pradesh",Tirumala,"Toll Gate, Tirumala - APPCB","23-09-2026 12:00:00",13.67,79.35,PM10,18,35,27
India,"Andhra Pradesh",Tirumala,"Toll Gate, Tirumala - APPCB","23-09-2026 12:00:00",13.67,79.35,NO2,36,78,54
India,"Andhra Pradesh",Tirupati,"Vaikuntapuram, Tirupati - APPCB","23-09-2026 12:00:00",13.615387,79.40923,SO2,NA,NA,NA
India,"Andhra Pradesh",Vijayawada,"HB Colony, Vijayawada - APPCB","23-09-2026 12:00:00",16.536107,80.594233,SO2,9,18,12
India,"Andhra Pradesh",Vijayawada,"Rajiv Nagar, Vijayawada - APPCB","23-09-2026 12:00:00",16.554731,80.64911,NO2,17,30,19
India,Bihar,Araria,"Kharahiya Basti, Araria - BSPCB","23-09-2026 12:00:00",26.146529,87.454184,OZONE,37,48,41
India,Bihar,Arrah,"New DM Office, Arrah - BSPCB","23-09-2026 12:00:00",25.5626095,84.663264,PM10,40,49,42
India,Bihar,Arrah,"New DM Office, Arrah - BSPCB","23-09-2026 12:00:00",25.5626095,84.663264,NH3,1,2,2
India,Bihar,Arrah,"New DM Office, Arrah - BSPCB","23-09-2026 12:00:00",25.5626095,84.663264,CO,46,61,54
India,Bihar,Bettiah,"Kamalnath Nagar, Bettiah - BSPCB","23-09-2026 12:00:00",26.80365,84.51954,PM2.5,22,25,23
India,Bihar,Bettiah,"Kamalnath Nagar, Bettiah - BSPCB","23-09-2026 12:00:00",26.80365,84.51954,NO2,15,53,27
India,Bihar,Bhagalpur,"DM Office_Kachari Chowk, Bhagalpur - BSPCB","23-09-2026 12:00:00",25.251013,86.989001,NO2,20,24,21
India,Bihar,Bhagalpur,"DM Office_Kachari Chowk, Bhagalpur - BSPCB","23-09-2026 12:00:00",25.251013,86.989001,SO2,14,27,22
India,Bihar,Bhagalpur,"Mayaganj, Bhagalpur - BSPCB","23-09-2026 12:00:00",25.265194,87.012947,PM2.5,13,290,46
India,"Andhra Pradesh",Anantapur,"Gulzarpet, Anantapur - APPCB","23-09-2026 12:00:00",14.675886,77.593027,NH3,NA,NA,NA
India,"Andhra Pradesh",Eluru,"District Court, Eluru - APPCB","23-09-2026 12:00:00",16.711754,81.092095,PM10,44,72,57
India,"Andhra Pradesh",Eluru,"District Court, Eluru - APPCB","23-09-2026 12:00:00",16.711754,81.092095,CO,13,24,16
India,"Andhra Pradesh",Guntur,"Rajendra Nagar North, Guntur - APPCB","23-09-2026 12:00:00",16.316553,80.413302,NH3,4,17,8
India,"Andhra Pradesh",Kadapa,"Yerramukkapalli, Kadapa - APPCB","23-09-2026 12:00:00",14.465052,78.824187,CO,20,32,24
India,"Andhra Pradesh",Kadapa,"Yerramukkapalli, Kadapa - APPCB","23-09-2026 12:00:00",14.465052,78.824187,OZONE,36,38,37
India,Haryana,Gurugram,"Sector-51, Gurugram - HSPCB","23-09-2026 12:00:00",28.4227,77.0667,PM10,52,498,144
India,Haryana,Gurugram,"Vikas Sadan, Gurugram - HSPCB","23-09-2026 12:00:00",28.4501238,77.0263051,PM2.5,12,475,365
India,Haryana,Gurugram,"Vikas Sadan, Gurugram - HSPCB","23-09-2026 12:00:00",28.4501238,77.0263051,NO2,1,17,7
India,Haryana,Gurugram,"Vikas Sadan, Gurugram - HSPCB","23-09-2026 12:00:00",28.4501238,77.0263051,CO,35,101,59
India,Haryana,Gurugram,"Vikas Sadan, Gurugram - HSPCB","23-09-2026 12:00:00",28.4501238,77.0263051,OZONE,4,30,11
India,Haryana,Gurugram,"Teri Gram, Gurugram - HSPCB","23-09-2026 12:00:00",28.4275,77.1465,PM10,101,169,136
India,Haryana,Gurugram,"Teri Gram, Gurugram - HSPCB","23-09-2026 12:00:00",28.4275,77.1465,SO2,4,22,13
India,Haryana,Hisar,"Urban Estate-II, Hisar - HSPCB","23-09-2026 12:00:00",29.14056,75.744941,PM2.5,72,142,90
India,Haryana,Hisar,"Urban Estate-II, Hisar - HSPCB","23-09-2026 12:00:00",29.14056,75.744941,PM10,81,139,102
India,Haryana,Hisar,"Urban Estate-II, Hisar - HSPCB","23-09-2026 12:00:00",29.14056,75.744941,NO2,21,26,24
India,Haryana,Hisar,"Urban Estate-II, Hisar - HSPCB","23-09-2026 12:00:00",29.14056,75.744941,NH3,8,11,10
India,Haryana,Hisar,"Urban Estate-II, Hisar - HSPCB","23-09-2026 12:00:00",29.14056,75.744941,OZONE,55,57,56
India,Haryana,Kaithal,"Rishi Nagar, Kaithal - HSPCB","23-09-2026 12:00:00",29.8006,76.4155,SO2,30,32,31
India,Haryana,Kaithal,"Rishi Nagar, Kaithal - HSPCB","23-09-2026 12:00:00",29.8006,76.4155,OZONE,44,139,76
India,Haryana,Karnal,"Sector-12, Karnal - HSPCB","23-09-2026 12:00:00",29.6953,77.0027,NH3,6,12,8
India,Haryana,Mandikhera,"General Hospital, Mandikhera(Nuh) - HSPCB","23-09-2026 12:00:00",27.9002,76.9938,PM2.5,23,24,24
India,Haryana,Mandikhera,"General Hospital, Mandikhera(Nuh) - HSPCB","23-09-2026 12:00:00",27.9002,76.9938,SO2,21,22,22
India,Haryana,Mandikhera,"General Hospital, Mandikhera(Nuh) - HSPCB","23-09-2026 12:00:00",27.9002,76.9938,CO,62,63,62
India,Delhi,Delhi,"Najafgarh, Delhi - DPCC","23-09-2026 12:00:00",28.570173,76.933762,PM10,66,196,122
India,Delhi,Delhi,"Mundka, Delhi - DPCC","23-09-2026 12:00:00",28.684678,77.076574,PM2.5,67,302,150
India,Delhi,Delhi,"Ashok Vihar, Delhi - DPCC","23-09-2026 12:00:00",28.695381,77.181665,NH3,4,9,7
India,Delhi,Delhi,"Anand Vihar, Delhi - DPCC","23-09-2026 12:00:00",28.647622,77.315809,PM2.5,40,321,153
India,Delhi,Delhi,"Anand Vihar, Delhi - DPCC","23-09-2026 12:00:00",28.647622,77.315809,PM10,NA,NA,NA
India,Delhi,Delhi,"DTU, Delhi - CPCB","23-09-2026 12:00:00",28.7500499,77.1112615,OZONE,12,39,26
India,Delhi,Delhi,"Dwarka-Sector 8, Delhi - DPCC ","23-09-2026 12:00:00",28.5710274,77.0719006,PM2.5,60,331,117
India,Delhi,Delhi,"Dwarka-Sector 8, Delhi - DPCC ","23-09-2026 12:00:00",28.5710274,77.0719006,PM10,118,438,171
India,Delhi,Delhi,"Dr. Karni Singh Shooting Range, Delhi - DPCC","23-09-2026 12:00:00",28.498571,77.26484,NH3,6,8,7
India,Delhi,Delhi,"Dr. Karni Singh Shooting Range, Delhi - DPCC","23-09-2026 12:00:00",28.498571,77.26484,SO2,4,15,8
India,Delhi,Delhi,"Dr. Karni Singh Shooting Range, Delhi - DPCC","23-09-2026 12:00:00",28.498571,77.26484,CO,102,113,108
India,Delhi,Delhi,"Dr. Karni Singh Shooting Range, Delhi - DPCC","23-09-2026 12:00:00",28.498571,77.26484,OZONE,5,45,18
India,Delhi,Delhi,"Shadipur, Delhi - CPCB","23-09-2026 12:00:00",28.6514781,77.1473105,SO2,2,11,7
India,Delhi,Delhi,"Shadipur, Delhi - CPCB","23-09-2026 12:00:00",28.6514781,77.1473105,OZONE,8,13,11
India,Delhi,Delhi,"Mandir Marg, Delhi - DPCC","23-09-2026 12:00:00",28.636429,77.201067,SO2,14,84,20
India,Delhi,Delhi,"Mandir Marg, Delhi - DPCC","23-09-2026 12:00:00",28.636429,77.201067,CO,34,52,40
India,Delhi,Delhi,"Pusa, Delhi - IITM","23-09-2026 12:00:00",28.63611,77.173332,PM10,88,184,125
India,Delhi,Delhi,"Pusa, Delhi - IITM","23-09-2026 12:00:00",28.63611,77.173332,NO2,14,53,25
India,Delhi,Delhi,"IIT Delhi, Delhi - IITM","23-09-2026 12:00:00",28.54246,77.191651,NO2,NA,NA,NA
India,Delhi,Delhi,"IIT Delhi, Delhi - IITM","23-09-2026 12:00:00",28.54246,77.191651,CO,25,40,32
India,Delhi,Delhi,"IGI Airport (T3), Delhi - IITM","23-09-2026 12:00:00",28.5627763,77.1180053,PM2.5,41,153,75
India,Delhi,Delhi,"IGI Airport (T3), Delhi - IITM","23-09-2026 12:00:00",28.5627763,77.1180053,PM10,107,216,139
India,Delhi,Delhi,"IGI Airport (T3), Delhi - IITM","23-09-2026 12:00:00",28.5627763,77.1180053,NO2,26,132,78
India,Delhi,Delhi,"IGI Airport (T3), Delhi - IITM","23-09-2026 12:00:00",28.5627763,77.1180053,SO2,NA,NA,NA
India,Delhi,Delhi,"IGI Airport (T3), Delhi - IITM","23-09-2026 12:00:00",28.5627763,77.1180053,CO,41,92,64
India,Delhi,Delhi,"IGI Airport (T3), Delhi - IITM","23-09-2026 12:00:00",28.5627763,77.1180053,OZONE,20,284,87
India,Delhi,Delhi,"Talkatora Garden, Delhi - DPCC","23-09-2026 12:00:00",28.62181,77.1944633,PM2.5,70,193,109
India,Delhi,Delhi,"Talkatora Garden, Delhi - DPCC","23-09-2026 12:00:00",28.62181,77.1944633,CO,71,80,75
India,Delhi,Delhi,"NSIT Dwarka, Delhi - CPCB","23-09-2026 12:00:00",28.60909,77.0325413,PM2.5,14,71,32
India,Delhi,Delhi,"NSIT Dwarka, Delhi - CPCB","23-09-2026 12:00:00",28.60909,77.0325413,PM10,78,128,102
India,Delhi,Delhi,"NSIT Dwarka, Delhi - CPCB","23-09-2026 12:00:00",28.60909,77.0325413,NO2,7,57,35
India,Delhi,Delhi,"NSIT Dwarka, Delhi - CPCB","23-09-2026 12:00:00",28.60909,77.0325413,NH3,3,31,9
India,Delhi,Delhi,"Aya Nagar, Delhi - IITM","23-09-2026 12:00:00",28.4706914,77.1099364,PM10,76,184,113
India,"Jammu and Kashmir",Srinagar,"Khunmoh, Srinagar - JKPCC","23-09-2026 12:00:00",34.06313,74.96017,NO2,8,42,20
India,"Jammu and Kashmir",Srinagar,"Khunmoh, Srinagar - JKPCC","23-09-2026 12:00:00",34.06313,74.96017,CO,NA,NA,NA
India,Jharkhand,Dhanbad,"Sardar Patel Nagar, Dhanbad - JSPCB","23-09-2026 12:00:00",23.80569,86.44268,OZONE,21,35,26
India,Karnataka,Bengaluru,"Hebbal, Bengaluru - KSPCB","23-09-2026 12:00:00",13.029152,77.585901,CO,29,30,30
India,Karnataka,Bengaluru,"Hombegowda Nagar, Bengaluru - KSPCB","23-09-2026 12:00:00",12.938539,77.5901,PM2.5,19,45,29
India,Karnataka,Bengaluru,"Peenya, Bengaluru - CPCB","23-09-2026 12:00:00",13.0270199,77.494094,PM2.5,1,41,22
India,Karnataka,Bengaluru,"Jayanagar 5th Block, Bengaluru - KSPCB","23-09-2026 12:00:00",12.920984,77.584908,SO2,6,19,11
India,Karnataka,Bengaluru,"Jayanagar 5th Block, Bengaluru - KSPCB","23-09-2026 12:00:00",12.920984,77.584908,OZONE,20,34,25
India,Karnataka,Bengaluru,"Jigani, Bengaluru - KSPCB","23-09-2026 12:00:00",12.7816279,77.6299145,OZONE,23,23,23
India,Karnataka,Bengaluru,"Bapuji Nagar, Bengaluru - KSPCB","23-09-2026 12:00:00",12.951913,77.539784,PM10,47,110,66
India,Karnataka,Bengaluru,"Bapuji Nagar, Bengaluru - KSPCB","23-09-2026 12:00:00",12.951913,77.539784,OZONE,21,24,23
India,Karnataka,Bengaluru,"BTM Layout, Bengaluru - CPCB","23-09-2026 12:00:00",12.9135218,77.5950804,NH3,5,5,5
India,Gujarat,Gandhinagar,"GIFT City, Gandhinagar - IITM","23-09-2026 12:00:00",23.163798,72.677768,CO,11,27,19
India,Gujarat,Mehsana,"Sadanand Nagar, Mehsana - Nexteng Enviro","23-09-2026 12:00:00",23.59315,72.372792,CO,44,44,44
India,Gujarat,Rajkot,"Mavdi, Rajkot - Nexteng Enviro ","23-09-2026 12:00:00",22.248853,70.776774,OZONE,5,15,10
India,Gujarat,Surat,"Science Center, Surat - SMC","23-09-2026 12:00:00",21.170046,72.795405,SO2,16,18,17
India,Gujarat,Surat,"Katargam, Surat - Nexteng Enviro","23-09-2026 12:00:00",21.217779,72.834787,NO2,0,12,6
India,Gujarat,Surat,"Katargam, Surat - Nexteng Enviro","23-09-2026 12:00:00",21.217779,72.834787,NH3,1,1,1
India,Gujarat,Surat,"Katargam, Surat - Nexteng Enviro","23-09-2026 12:00:00",21.217779,72.834787,SO2,11,12,11
India,Gujarat,Vapi,"Phase-1 GIDC, Vapi - GPCB","23-09-2026 12:00:00",20.362421,72.918013,PM2.5,15,72,45
India,Gujarat,Vapi,"Phase-1 GIDC, Vapi - GPCB","23-09-2026 12:00:00",20.362421,72.918013,SO2,14,28,18
India,Gujarat,Vatva,"Phase-4 GIDC, Vatva - GPCB","23-09-2026 12:00:00",22.969611,72.6435,NO2,19,26,23
India,Haryana,Ambala,"Patti Mehar, Ambala - HSPCB","23-09-2026 12:00:00",30.379589,76.778328,NO2,5,8,6
India,Gujarat,Ahmedabad,"SAC ISRO Satellite, Ahmedabad - IITM","23-09-2026 12:00:00",23.023389,72.515201,NH3,1,2,2
India,Gujarat,Ahmedabad,"SAC ISRO Satellite, Ahmedabad - IITM","23-09-2026 12:00:00",23.023389,72.515201,CO,14,63,30
India,Gujarat,Ahmedabad,"Chandkheda, Ahmedabad - IITM","23-09-2026 12:00:00",23.107969,72.574648,CO,25,36,30
India,Gujarat,Ahmedabad,"SVPI Airport Hansol, Ahmedabad - IITM","23-09-2026 12:00:00",23.076793,72.627874,NO2,6,74,28
India,Gujarat,Ahmedabad,"SVPI Airport Hansol, Ahmedabad - IITM","23-09-2026 12:00:00",23.076793,72.627874,OZONE,8,29,14
India,Gujarat,Ahmedabad,"Raikhad, Ahmedabad - IITM","23-09-2026 12:00:00",23.020509,72.579261,OZONE,7,20,11
India,Gujarat,Ahmedabad,"Maninagar, Ahmedabad - GPCB","23-09-2026 12:00:00",23.002657,72.591912,NO2,17,27,23
India,Gujarat,Ahmedabad,"Maninagar, Ahmedabad - GPCB","23-09-2026 12:00:00",23.002657,72.591912,CO,1,2,1
India,Gujarat,Ahmedabad,"SAC ISRO Bopal, Ahmedabad - IITM","23-09-2026 12:00:00",23.041137,72.456691,NH3,2,4,3
India,Gujarat,Gandhinagar,"Sector-10, Gandhinagar - GPCB","23-09-2026 12:00:00",23.221714,72.654328,NO2,7,11,9
India,Gujarat,Gandhinagar,"Sector-10, Gandhinagar - GPCB","23-09-2026 12:00:00",23.221714,72.654328,CO,14,19,17
India,Gujarat,Gandhinagar,"GIFT City, Gandhinagar - IITM","23-09-2026 12:00:00",23.163798,72.677768,NH3,5,8,6
India,Haryana,Bahadurgarh,"Arya Nagar, Bahadurgarh - HSPCB","23-09-2026 12:00:00",28.6701,76.9254,NO2,18,24,21
India,Haryana,Bahadurgarh,"Arya Nagar, Bahadurgarh - HSPCB","23-09-2026 12:00:00",28.6701,76.9254,NH3,6,9,8
India,Haryana,Ballabgarh,"Nathu Colony, Ballabgarh - HSPCB","23-09-2026 12:00:00",28.3419248,77.319699,PM2.5,35,105,70
India,Haryana,Bhiwani,"H.B. Colony, Bhiwani - HSPCB","23-09-2026 12:00:00",28.806223,76.141105,PM2.5,66,163,110
India,Haryana,Bhiwani,"H.B. Colony, Bhiwani - HSPCB","23-09-2026 12:00:00",28.806223,76.141105,SO2,12,13,13
India,Haryana,Faridabad,"Sector 30, Faridabad - HSPCB","23-09-2026 12:00:00",28.4417,77.3217,PM2.5,54,71,59
India,Haryana,Faridabad,"Sector 30, Faridabad - HSPCB","23-09-2026 12:00:00",28.4417,77.3217,OZONE,16,20,18
India,Haryana,Faridabad,"Sector 11, Faridabad - HSPCB","23-09-2026 12:00:00",28.376058,77.315741,NH3,6,6,6
India,Haryana,Faridabad,"New Industrial Town, Faridabad - HSPCB","23-09-2026 12:00:00",28.39072,77.30059,NO2,NA,NA,NA
India,Haryana,Fatehabad,"Huda Sector, Fatehabad - HSPCB","23-09-2026 12:00:00",29.503664,75.467934,PM10,69,107,89
India,Delhi,Delhi,"Aya Nagar, Delhi - IITM","23-09-2026 12:00:00",28.4706914,77.1099364,CO,64,73,70
India,Delhi,Delhi,"CRRI Mathura Road, Delhi - IITM","23-09-2026 12:00:00",28.5512005,77.2735737,NO2,5,43,28
India,Delhi,Delhi,"Burari Crossing, Delhi - IITM","23-09-2026 12:00:00",28.7256504,77.2011573,NO2,8,107,43
India,Delhi,Delhi,"IMD Lodhi Road, Delhi - IITM","23-09-2026 12:00:00",28.5918245,77.2273074,PM2.5,28,238,86
India,Delhi,Delhi,"IMD Lodhi Road, Delhi - IITM","23-09-2026 12:00:00",28.5918245,77.2273074,CO,18,28,24
India,Delhi,Delhi,"JNU, Delhi - DPCC","23-09-2026 12:00:00",28.540721,77.168544,PM2.5,85,167,115
India,Delhi,Delhi,"JNU, Delhi - DPCC","23-09-2026 12:00:00",28.540721,77.168544,PM10,83,135,108
India,Delhi,Delhi,"JNU, Delhi - DPCC","23-09-2026 12:00:00",28.540721,77.168544,NO2,13,68,38
India,Delhi,Delhi,"ITO, Delhi - CPCB","23-09-2026 12:00:00",28.628624,77.24106,PM2.5,43,168,86
India,Delhi,Delhi,"ITO, Delhi - CPCB","23-09-2026 12:00:00",28.628624,77.24106,OZONE,9,58,21
India,Delhi,Delhi,"North Campus, DU, Delhi - IITM","23-09-2026 12:00:00",28.6573814,77.1585447,NH3,NA,NA,NA
India,Haryana,Palwal,"Shyam Nagar, Palwal - HSPCB","23-09-2026 12:00:00",28.1485564,77.3320667,NO2,23,24,24
India,Haryana,Palwal,"Shyam Nagar, Palwal - HSPCB","23-09-2026 12:00:00",28.1485564,77.3320667,NH3,6,6,6
India,Haryana,Panipat,"Sector-18, Panipat - HSPCB","23-09-2026 12:00:00",29.432304,76.972765,NO2,5,9,7
India,Haryana,Panipat,"Sector-18, Panipat - HSPCB","23-09-2026 12:00:00",29.432304,76.972765,NH3,7,12,10
India,Haryana,Rohtak,"MD University, Rohtak - HSPCB","23-09-2026 12:00:00",28.52123,76.37138,PM2.5,81,98,88
India,Haryana,Sirsa,"F-Block, Sirsa - HSPCB","23-09-2026 12:00:00",29.5364,75.0158,OZONE,32,53,43
India,Haryana,"Yamuna Nagar","Gobind Pura, Yamuna Nagar - HSPCB","23-09-2026 12:00:00",30.1480566,77.2893471,PM2.5,116,273,163
India,Haryana,"Yamuna Nagar","Gobind Pura, Yamuna Nagar - HSPCB","23-09-2026 12:00:00",30.1480566,77.2893471,CO,30,52,46
India,"Himachal Pradesh",Baddi,"HIMUDA Complex Phase-1, Baddi - HPPCB","23-09-2026 12:00:00",30.943887,76.801991,PM10,19,222,97
India,Karnataka,Mysuru,"Hebbal 1st Stage, Mysuru - KSPCB","23-09-2026 12:00:00",12.21041,76.37376,PM10,37,107,73
India,Karnataka,Mysuru,"Hebbal 1st Stage, Mysuru - KSPCB","23-09-2026 12:00:00",12.21041,76.37376,NO2,5,26,18
India,Karnataka,Mysuru,"Hebbal 1st Stage, Mysuru - KSPCB","23-09-2026 12:00:00",12.21041,76.37376,CO,3,7,5
India,Karnataka,Mysuru,"Hebbal 1st Stage, Mysuru - KSPCB","23-09-2026 12:00:00",12.21041,76.37376,OZONE,8,10,9
India,Karnataka,Ramanagara,"Vijay Nagar, Ramanagara - KSPCB","23-09-2026 12:00:00",12.733409,77.298051,PM10,39,71,54
India,Karnataka,Ramanagara,"Vijay Nagar, Ramanagara - KSPCB","23-09-2026 12:00:00",12.733409,77.298051,NO2,NA,NA,NA
India,Karnataka,Ramanagara,"Vijay Nagar, Ramanagara - KSPCB","23-09-2026 12:00:00",12.733409,77.298051,CO,24,33,29
India,Karnataka,Shivamogga,"Vinoba Nagara, Shivamogga - KSPCB","23-09-2026 12:00:00",13.94,75.555917,PM2.5,20,21,20
India,Karnataka,Shivamogga,"Vinoba Nagara, Shivamogga - KSPCB","23-09-2026 12:00:00",13.94,75.555917,NH3,2,2,2
India,Karnataka,Udupi,"Brahmagiri, Udupi - KSPCB","23-09-2026 12:00:00",13.34194444,74.74694444,NO2,7,19,11
India,Karnataka,Yadgir,"Collector Office, Yadgir - KSPCB","23-09-2026 12:00:00",16.7602,77.1428,PM2.5,2,49,24
India,Karnataka,Yadgir,"Collector Office, Yadgir - KSPCB","23-09-2026 12:00:00",16.7602,77.1428,CO,20,30,27
India,Kerala,Eloor,"Udyogamandal, Eloor - Kerala PCB","23-09-2026 12:00:00",10.073232,76.302765,NO2,6,7,6
India,Kerala,Kannur,"Thavakkara, Kannur - Kerala PCB","23-09-2026 12:00:00",11.875,75.3732,OZONE,27,29,28
India,Kerala,Thiruvananthapuram,"Plammoodu, Thiruvananthapuram - Kerala PCB","23-09-2026 12:00:00",8.5149093,76.9435879,PM10,22,39,29
India,Kerala,Thiruvananthapuram,"Plammoodu, Thiruvananthapuram - Kerala PCB","23-09-2026 12:00:00",8.5149093,76.9435879,NH3,1,1,1
India,Kerala,Thiruvananthapuram,"Kariavattom, Thiruvananthapuram - Kerala PCB","23-09-2026 12:00:00",8.5637,76.8865,PM10,39,284,83
India,Kerala,Thiruvananthapuram,"Kariavattom, Thiruvananthapuram - Kerala PCB","23-09-2026 12:00:00",8.5637,76.8865,NO2,6,7,6
India,Kerala,Thiruvananthapuram,"Kariavattom, Thiruvananthapuram - Kerala PCB","23-09-2026 12:00:00",8.5637,76.8865,NH3,0,0,0
India,Kerala,Thrissur,"Corporation Ground, Thrissur - Kerala PCB","23-09-2026 12:00:00",10.5324,76.2159,NO2,8,10,9
India,Kerala,Thrissur,"Corporation Ground, Thrissur - Kerala PCB","23-09-2026 12:00:00",10.5324,76.2159,CO,11,14,12
India,Maharashtra,Beed,"Bir, Beed - MPCB","23-09-2026 12:00:00",18.988474,75.753873,PM10,NA,NA,NA
India,Maharashtra,Beed,"Bir, Beed - MPCB","23-09-2026 12:00:00",18.988474,75.753873,NH3,2,4,3
India,Maharashtra,Beed,"Bir, Beed - MPCB","23-09-2026 12:00:00",18.988474,75.753873,SO2,4,10,7
India,Maharashtra,Belapur,"CBD Belapur, Belapur - MPCB","23-09-2026 12:00:00",19.0243902,73.0406721,CO,37,39,38
India,Maharashtra,Bhiwandi,"Gokul Nagar, Bhiwandi - MPCB","23-09-2026 12:00:00",19.309073,73.057223,NO2,6,8,7
India,Maharashtra,Bhiwandi,"Gokul Nagar, Bhiwandi - MPCB","23-09-2026 12:00:00",19.309073,73.057223,OZONE,18,44,27
India,Maharashtra,Chandrapur,"Chauhan Colony, Chandrapur - MPCB","23-09-2026 12:00:00",19.9629,79.298714,PM10,36,141,85
India,Maharashtra,Chandrapur,"Chauhan Colony, Chandrapur - MPCB","23-09-2026 12:00:00",19.9629,79.298714,NH3,0,2,2
India,Maharashtra,Chandrapur,"MIDC Khutala, Chandrapur - MPCB","23-09-2026 12:00:00",19.9775302,79.2337086,NH3,NA,NA,NA
India,Maharashtra,Chandrapur,"MIDC Khutala, Chandrapur - MPCB","23-09-2026 12:00:00",19.9775302,79.2337086,CO,38,41,40
India,Maharashtra,Dombivli,"Kalu Nagar, Dombivli - MPCB","23-09-2026 12:00:00",19.2268427,73.0788456,PM2.5,NA,NA,NA
India,Maharashtra,Dombivli,"Kalu Nagar, Dombivli - MPCB","23-09-2026 12:00:00",19.2268427,73.0788456,PM10,NA,NA,NA
India,Maharashtra,Dombivli,"Kalu Nagar, Dombivli - MPCB","23-09-2026 12:00:00",19.2268427,73.0788456,NH3,NA,NA,NA
India,Maharashtra,Dombivli,"Kalu Nagar, Dombivli - MPCB","23-09-2026 12:00:00",19.2268427,73.0788456,SO2,NA,NA,NA
India,Maharashtra,Dombivli,"Kalu Nagar, Dombivli - MPCB","23-09-2026 12:00:00",19.2268427,73.0788456,CO,NA,NA,NA
India,Maharashtra,Hingoli,"Ashta Vinayak Nagar, Hingoli - MPCB","23-09-2026 12:00:00",19.710842,77.151824,CO,12,23,18
India,Maharashtra,Jalgaon,"Prabhat Colony, Jalgaon - MPCB","23-09-2026 12:00:00",21.001264,75.565602,NO2,4,9,6
India,Maharashtra,Jalgaon,"Prabhat Colony, Jalgaon - MPCB","23-09-2026 12:00:00",21.001264,75.565602,NH3,2,3,3
India,Maharashtra,Jalna,"Old MIDC, Jalna - MPCB","23-09-2026 12:00:00",19.854616,75.905894,PM10,68,109,92
India,Maharashtra,Jalna,"Old MIDC, Jalna - MPCB","23-09-2026 12:00:00",19.854616,75.905894,NH3,3,5,4
India,Maharashtra,Kalyan,"Pimpleshwar Mandir, Kalyan - MPCB","23-09-2026 12:00:00",19.192056,72.9585188,PM2.5,NA,NA,NA
India,Maharashtra,Kalyan,"Pimpleshwar Mandir, Kalyan - MPCB","23-09-2026 12:00:00",19.192056,72.9585188,NO2,10,16,14
India,Maharashtra,Kalyan,"Pimpleshwar Mandir, Kalyan - MPCB","23-09-2026 12:00:00",19.192056,72.9585188,SO2,9,17,12
India,Karnataka,Bengaluru,"BTM Layout, Bengaluru - CPCB","23-09-2026 12:00:00",12.9135218,77.5950804,OZONE,21,22,21
India,Karnataka,Bengaluru,"Silk Board, Bengaluru - KSPCB","23-09-2026 12:00:00",12.917348,77.622813,NO2,7,11,8
India,Karnataka,Chamarajanagar,"Urban, Chamarajanagar - KSPCB","23-09-2026 12:00:00",11.55358,76.55521,NO2,23,29,28
India,Karnataka,Chikkaballapur,"Chikkaballapur Rural, Chikkaballapur - KSPCB","23-09-2026 12:00:00",13.428828,77.731418,SO2,14,21,18
India,Karnataka,Chikkamagaluru,"Kalyana Nagara, Chikkamagaluru - KSPCB","23-09-2026 12:00:00",13.328028,75.797056,PM2.5,NA,NA,NA
India,Karnataka,Dharwad,"Kalabhavan, Dharwad - KSPCB","23-09-2026 12:00:00",15.459706,75.008381,OZONE,24,24,24
India,Karnataka,Hubballi,"Lingaraj Nagar, Hubballi - KSPCB","23-09-2026 12:00:00",15.3714823,75.1160168,PM10,54,64,56
India,Karnataka,Hubballi,"Lingaraj Nagar, Hubballi - KSPCB","23-09-2026 12:00:00",15.3714823,75.1160168,OZONE,18,18,18
India,Karnataka,Kalaburagi,"Mahatma Basaveswar Colony, Kalaburgi - KSPCB","23-09-2026 12:00:00",17.336318,76.847397,PM2.5,11,43,21
India,Karnataka,Kolar,"Tamaka Ind. Area, Kolar - KSPCB","23-09-2026 12:00:00",13.1276288,78.1570122,PM10,NA,NA,NA
India,Karnataka,Kolar,"Tamaka Ind. Area, Kolar - KSPCB","23-09-2026 12:00:00",13.1276288,78.1570122,NO2,NA,NA,NA
India,Karnataka,Kolar,"Tamaka Ind. Area, Kolar - KSPCB","23-09-2026 12:00:00",13.1276288,78.1570122,SO2,NA,NA,NA
India,Karnataka,Kolar,"Tamaka Ind. Area, Kolar - KSPCB","23-09-2026 12:00:00",13.1276288,78.1570122,OZONE,29,29,29
India,Karnataka,Madikeri,"Stuart Hill, Madikeri - KSPCB","23-09-2026 12:00:00",12.415911,75.73505,NO2,NA,NA,NA
India,Karnataka,Madikeri,"Stuart Hill, Madikeri - KSPCB","23-09-2026 12:00:00",12.415911,75.73505,CO,52,80,63
India,Karnataka,Madikeri,"Stuart Hill, Madikeri - KSPCB","23-09-2026 12:00:00",12.415911,75.73505,OZONE,16,25,19
India,Karnataka,Mangalore,"Kadri, Mangalore - KSPCB","23-09-2026 12:00:00",12.88925,74.853,OZONE,35,35,35
India,Maharashtra,Mumbai,"Kherwadi_Bandra East, Mumbai - MPCB","23-09-2026 12:00:00",19.0632143,72.8456324,PM2.5,23,48,33
India,Maharashtra,Mumbai,"Kherwadi_Bandra East, Mumbai - MPCB","23-09-2026 12:00:00",19.0632143,72.8456324,NO2,3,9,6
India,Maharashtra,Mumbai,"Borivali East, Mumbai - IITM","23-09-2026 12:00:00",19.23241,72.86895,PM10,48,70,57
India,Maharashtra,Mumbai,"Borivali East, Mumbai - IITM","23-09-2026 12:00:00",19.23241,72.86895,NH3,2,2,2
India,Maharashtra,Mumbai,"Borivali East, Mumbai - IITM","23-09-2026 12:00:00",19.23241,72.86895,OZONE,14,54,25
India,Maharashtra,Mumbai,"Siddharth Nagar-Worli, Mumbai - IITM","23-09-2026 12:00:00",19.000083,72.813993,CO,21,42,29
India,Maharashtra,Mumbai,"Siddharth Nagar-Worli, Mumbai - IITM","23-09-2026 12:00:00",19.000083,72.813993,OZONE,6,45,23
India,Maharashtra,Mumbai,"Worli, Mumbai - MPCB","23-09-2026 12:00:00",18.9936162,72.8128113,NH3,NA,NA,NA
India,Maharashtra,Mumbai,"Ghatkopar, Mumbai - BMC","23-09-2026 12:00:00",19.083694,72.920967,SO2,0,5,2
India,Maharashtra,Mumbai,"Mindspace-Malad West, Mumbai - MPCB","23-09-2026 12:00:00",19.1878657,72.8304069,SO2,4,4,4
India,Maharashtra,Mumbai,"Chembur, Mumbai - MPCB","23-09-2026 12:00:00",19.0364585,72.8954371,PM2.5,24,40,32
India,Maharashtra,Mumbai,"Chembur, Mumbai - MPCB","23-09-2026 12:00:00",19.0364585,72.8954371,PM10,32,58,43
India,Maharashtra,Mumbai,"Borivali East, Mumbai - MPCB","23-09-2026 12:00:00",19.2243333,72.8658113,CO,7,8,8
India,Maharashtra,Mumbai,"Deonar, Mumbai - IITM","23-09-2026 12:00:00",19.04946,72.923,SO2,1,4,2
India,Maharashtra,Mumbai,"Deonar, Mumbai - IITM","23-09-2026 12:00:00",19.04946,72.923,CO,23,43,35
India,Maharashtra,Mumbai,"Deonar, Mumbai - IITM","23-09-2026 12:00:00",19.04946,72.923,OZONE,4,30,12
India,Maharashtra,Mumbai,"Malad West, Mumbai - IITM","23-09-2026 12:00:00",19.19709,72.82204,PM2.5,12,48,28
India,Maharashtra,Kalyan,"Pimpleshwar Mandir, Kalyan - MPCB","23-09-2026 12:00:00",19.192056,72.9585188,OZONE,30,35,32
India,Maharashtra,Kalyan,"Khadakpada, Kalyan - MPCB","23-09-2026 12:00:00",19.25292,73.142019,PM10,26,98,56
India,Maharashtra,Kalyan,"Khadakpada, Kalyan - MPCB","23-09-2026 12:00:00",19.25292,73.142019,NH3,1,1,1
India,Maharashtra,Kalyan,"Khadakpada, Kalyan - MPCB","23-09-2026 12:00:00",19.25292,73.142019,SO2,NA,NA,NA
India,Maharashtra,Kalyan,"Khadakpada, Kalyan - MPCB","23-09-2026 12:00:00",19.25292,73.142019,CO,NA,NA,NA
India,Maharashtra,Kalyan,"Khadakpada, Kalyan - MPCB","23-09-2026 12:00:00",19.25292,73.142019,OZONE,8,8,8
India,Maharashtra,Kolhapur,"Shivaji University, Kolhapur - MPCB","23-09-2026 12:00:00",16.6870449,74.2505872,PM10,26,58,41
India,Maharashtra,Kolhapur,"Shivaji University, Kolhapur - MPCB","23-09-2026 12:00:00",16.6870449,74.2505872,NO2,NA,NA,NA
India,Maharashtra,Kolhapur,"Sinchan Bhavan, Kolhapur - MPCB","23-09-2026 12:00:00",16.7143745,74.2426398,OZONE,19,37,26
India,Maharashtra,Latur,"Sawe Wadi, Latur - MPCB","23-09-2026 12:00:00",18.39963,76.57452,PM2.5,NA,NA,NA
India,Maharashtra,Latur,"Sawe Wadi, Latur - MPCB","23-09-2026 12:00:00",18.39963,76.57452,NH3,1,5,3
India,Maharashtra,Mahad,"Kamble Tarf Birwadi, Mahad - MPCB","23-09-2026 12:00:00",18.1023399,73.4783687,NH3,3,8,5
India,Maharashtra,Mahad,"Kamble Tarf Birwadi, Mahad - MPCB","23-09-2026 12:00:00",18.1023399,73.4783687,CO,7,36,16
India,Maharashtra,Mumbai,"Sion, Mumbai - MPCB","23-09-2026 12:00:00",19.047,72.8746,PM2.5,NA,NA,NA
India,Maharashtra,Mumbai,"Sion, Mumbai - MPCB","23-09-2026 12:00:00",19.047,72.8746,PM10,NA,NA,NA
India,Maharashtra,Mumbai,"Sion, Mumbai - MPCB","23-09-2026 12:00:00",19.047,72.8746,OZONE,NA,NA,NA
India,Maharashtra,Mumbai,"Chhatrapati Shivaji Intl. Airport (T2), Mumbai - MPCB","23-09-2026 12:00:00",19.10078,72.87462,PM10,16,42,31
India,Maharashtra,Mumbai,"Chhatrapati Shivaji Intl. Airport (T2), Mumbai - MPCB","23-09-2026 12:00:00",19.10078,72.87462,CO,NA,NA,NA
India,"Madhya Pradesh",Indore,"Chhoti Gwaltoli, Indore - MPPCB","23-09-2026 12:00:00",22.431,75.5213,PM2.5,32,208,94
India,"Madhya Pradesh",Indore,"Chhoti Gwaltoli, Indore - MPPCB","23-09-2026 12:00:00",22.431,75.5213,PM10,41,159,101
India,"Madhya Pradesh",Indore,"Airport Area, Indore - IMC","23-09-2026 12:00:00",22.7289,75.8076,OZONE,6,13,9
India,"Madhya Pradesh",Indore,"Residency Area, Indore - IMC","23-09-2026 12:00:00",22.7084,75.8815,PM10,8,84,53
India,"Madhya Pradesh",Jabalpur,"Govindh Bhavan Colony, Jabalpur - JMC","23-09-2026 12:00:00",23.163174,79.973061,SO2,1,3,2
India,"Madhya Pradesh",Jabalpur,"Govindh Bhavan Colony, Jabalpur - JMC","23-09-2026 12:00:00",23.163174,79.973061,CO,46,50,48
India,"Madhya Pradesh",Jabalpur,"Govindh Bhavan Colony, Jabalpur - JMC","23-09-2026 12:00:00",23.163174,79.973061,OZONE,10,50,26
India,"Madhya Pradesh",Jabalpur,"Suhagi, Jabalpur - JMC","23-09-2026 12:00:00",23.218135,79.95777,CO,36,49,45
India,"Madhya Pradesh",Katni,"Gole Bazar, Katni - MPPCB","23-09-2026 12:00:00",23.50016,80.23284,PM10,54,126,78
India,"Madhya Pradesh",Maihar,"Sahilara, Maihar - KJS Cements","23-09-2026 12:00:00",24.2613009,80.7231783,CO,27,27,27
India,"Madhya Pradesh",Mandideep,"Sector-D Industrial Area, Mandideep - MPPCB","23-09-2026 12:00:00",23.10844,77.511428,SO2,67,128,108
India,"Madhya Pradesh",Pithampur,"Sector-2 Industrial Area, Pithampur - MPPCB","23-09-2026 12:00:00",22.624758,75.675238,NO2,13,28,19
India,"Madhya Pradesh",Pithampur,"Sector-2 Industrial Area, Pithampur - MPPCB","23-09-2026 12:00:00",22.624758,75.675238,NH3,8,17,11
India,"Madhya Pradesh",Ratlam,"Shasthri Nagar, Ratlam - IPCA Lab","23-09-2026 12:00:00",23.331731,75.045981,NO2,15,96,38
India,"Madhya Pradesh",Ratlam,"Shasthri Nagar, Ratlam - IPCA Lab","23-09-2026 12:00:00",23.331731,75.045981,OZONE,NA,NA,NA
India,Maharashtra,Ambernath,"Chinchpada, Ambernath - MPCB","23-09-2026 12:00:00",19.215784,73.199781,SO2,21,28,24
India,Maharashtra,Amravati,"Shri Shivaji Science College, Amravati - MPCB","23-09-2026 12:00:00",20.939198,77.765701,PM2.5,29,49,37
India,Maharashtra,Amravati,"Shri Shivaji Science College, Amravati - MPCB","23-09-2026 12:00:00",20.939198,77.765701,PM10,40,79,54
India,Maharashtra,Amravati,"Shivneri Colony, Amravati - MPCB","23-09-2026 12:00:00",20.9402359,77.7895248,PM10,31,48,41
India,Maharashtra,Amravati,"Shivneri Colony, Amravati - MPCB","23-09-2026 12:00:00",20.9402359,77.7895248,CO,11,19,15
India,Maharashtra,Aurangabad,"MIDC Chilkalthana, Aurangabad - MPCB","23-09-2026 12:00:00",19.87562,75.38731,NH3,6,6,6
India,Maharashtra,Aurangabad,"MIDC Chilkalthana, Aurangabad - MPCB","23-09-2026 12:00:00",19.87562,75.38731,OZONE,1,10,3
India,Maharashtra,Aurangabad,"Rachnakar Colony, Aurangabad - MPCB","23-09-2026 12:00:00",19.863756,75.321188,CO,17,51,29
India,Maharashtra,Aurangabad,"More Chowk Waluj, Aurangabad - MPCB","23-09-2026 12:00:00",19.8389439,75.244448,NH3,7,8,7
India,Ladakh,Leh,"Skara Yokma, Leh - LPCC","23-09-2026 12:00:00",34.147096,77.55709,NH3,NA,NA,NA
India,"Madhya Pradesh",Bhopal,"T T Nagar, Bhopal - MPPCB","23-09-2026 12:00:00",23.233584,77.400574,NH3,6,6,6
India,"Madhya Pradesh",Bhopal,"T T Nagar, Bhopal - MPPCB","23-09-2026 12:00:00",23.233584,77.400574,CO,4,8,6
India,"Madhya Pradesh",Bhopal,"T T Nagar, Bhopal - MPPCB","23-09-2026 12:00:00",23.233584,77.400574,OZONE,25,38,32
India,"Madhya Pradesh",Bhopal,"Paryavaran Parisar, Bhopal - MPPCB","23-09-2026 12:00:00",23.210494,77.425409,CO,11,20,17
India,"Madhya Pradesh",Dewas,"Bhopal Chauraha, Dewas - MPPCB","23-09-2026 12:00:00",22.9682591,76.064118,PM10,74,113,92
India,"Madhya Pradesh",Dewas,"Bhopal Chauraha, Dewas - MPPCB","23-09-2026 12:00:00",22.9682591,76.064118,SO2,14,43,35
India,"Madhya Pradesh",Gwalior,"City Center, Gwalior - MPPCB","23-09-2026 12:00:00",26.203442,78.193251,NH3,2,2,2
India,"Madhya Pradesh",Gwalior,"Deen Dayal Nagar, Gwalior - MPPCB","23-09-2026 12:00:00",26.259242,78.216432,CO,50,60,55
India,"Madhya Pradesh",Indore,"Regional Park, Indore - IMC","23-09-2026 12:00:00",22.678,75.8559,PM2.5,4,71,40
India,"Madhya Pradesh",Indore,"Regional Park, Indore - IMC","23-09-2026 12:00:00",22.678,75.8559,SO2,47,76,54
India,Maharashtra,Mumbai,"Navy Nagar-Colaba, Mumbai - IITM","23-09-2026 12:00:00",18.897756,72.81332,CO,23,32,28
India,Maharashtra,Mumbai,"Mulund West, Mumbai - MPCB","23-09-2026 12:00:00",19.175,72.9419,NO2,13,14,13
India,Maharashtra,Mumbai,"Bandra Kurla Complex, Mumbai - MPCB","23-09-2026 12:00:00",19.065931,72.862131,PM2.5,NA,NA,NA
India,Maharashtra,Mumbai,"Bandra Kurla Complex, Mumbai - MPCB","23-09-2026 12:00:00",19.065931,72.862131,NH3,NA,NA,NA
India,Maharashtra,Mumbai,"Shivaji Nagar, Mumbai - BMC","23-09-2026 12:00:00",19.060498,72.923356,PM10,36,70,44
India,Maharashtra,Mumbai,"Shivaji Nagar, Mumbai - BMC","23-09-2026 12:00:00",19.060498,72.923356,SO2,0,17,7
India,Maharashtra,Mumbai,"Sewri, Mumbai - BMC","23-09-2026 12:00:00",19.000084,72.85673,SO2,3,7,4
India,Maharashtra,Mumbai,"Kurla, Mumbai - MPCB","23-09-2026 12:00:00",19.0863,72.8888,PM2.5,11,100,48
India,Maharashtra,Mumbai,"Kurla, Mumbai - MPCB","23-09-2026 12:00:00",19.0863,72.8888,PM10,13,111,55
India,Maharashtra,Mumbai,"Kurla, Mumbai - MPCB","23-09-2026 12:00:00",19.0863,72.8888,NH3,2,2,2
India,Maharashtra,Mumbai,"Bandra Kurla Complex, Mumbai - IITM","23-09-2026 12:00:00",19.053536,72.84643,SO2,NA,NA,NA
India,Maharashtra,Mumbai,"Byculla, Mumbai - BMC","23-09-2026 12:00:00",18.9767,72.838,PM2.5,14,52,33
India,Meghalaya,Shillong,"Lumpyngngad, Shillong - Meghalaya PCB","23-09-2026 12:00:00",25.5586,91.8985,OZONE,13,17,15
India,Mizoram,Aizawl,"Sikulpuikawn, Aizawl - Mizoram PCB","23-09-2026 12:00:00",23.7176342,92.7192841,PM2.5,NA,NA,NA
India,Mizoram,Aizawl,"Sikulpuikawn, Aizawl - Mizoram PCB","23-09-2026 12:00:00",23.7176342,92.7192841,SO2,14,16,15
India,Nagaland,Kohima,"PWD Junction, Kohima - NPCB","23-09-2026 12:00:00",25.6635413,94.0989878,OZONE,4,4,4
India,Odisha,Balasore,"Kalidaspur, Balasore - OSPCB","23-09-2026 12:00:00",21.51161,86.89088,NH3,3,3,3
India,Odisha,Barbil,"Forest Office, Barbil - OSPCB","23-09-2026 12:00:00",22.1166054,85.3945546,OZONE,13,30,24
India,Odisha,Baripada,"Meher Colony, Baripada - OSPCB","23-09-2026 12:00:00",21.941841,86.728318,PM2.5,2,37,8
India,Odisha,Baripada,"Meher Colony, Baripada - OSPCB","23-09-2026 12:00:00",21.941841,86.728318,SO2,6,7,7
India,Odisha,Baripada,"Meher Colony, Baripada - OSPCB","23-09-2026 12:00:00",21.941841,86.728318,CO,6,11,9
India,Odisha,Bhubaneswar,"Lingraj Mandir, Bhubaneswar - OSPCB","23-09-2026 12:00:00",20.24079,85.836784,NO2,4,29,10
India,Odisha,Bhubaneswar,"Patia, Bhubaneswar - OSPCB","23-09-2026 12:00:00",20.34652,85.8163,PM2.5,2,50,17
India,Odisha,Bhubaneswar,"Patia, Bhubaneswar - OSPCB","23-09-2026 12:00:00",20.34652,85.8163,NO2,5,32,14
India,Odisha,Bileipada,"Tata Township, Bileipada - OSPCB","23-09-2026 12:00:00",22.06156703,85.47409613,CO,21,23,22
India,Odisha,Brajrajnagar,"GM Office, Brajrajnagar - OSPCB","23-09-2026 12:00:00",21.8004996,83.8396977,PM2.5,3,56,12
India,Odisha,Brajrajnagar,"GM Office, Brajrajnagar - OSPCB","23-09-2026 12:00:00",21.8004996,83.8396977,PM10,4,78,17
India,Odisha,Brajrajnagar,"GM Office, Brajrajnagar - OSPCB","23-09-2026 12:00:00",21.8004996,83.8396977,OZONE,42,42,42
India,Rajasthan,Bundi,"New Colony, Bundi - RSPCB","23-09-2026 12:00:00",25.435774,75.644272,NO2,22,63,36
India,Rajasthan,Bundi,"New Colony, Bundi - RSPCB","23-09-2026 12:00:00",25.435774,75.644272,NH3,5,7,5
India,Rajasthan,Chittorgarh,"Shastri Nagar, Chittorgarh - RSPCB","23-09-2026 12:00:00",24.892047,74.623527,PM2.5,65,163,103
India,Rajasthan,Chittorgarh,"Shastri Nagar, Chittorgarh - RSPCB","23-09-2026 12:00:00",24.892047,74.623527,NO2,7,71,29
India,Rajasthan,Churu,"Subash Chowk, Churu - RSPCB","23-09-2026 12:00:00",28.296139,74.961696,PM2.5,30,86,52
India,Rajasthan,Churu,"Subash Chowk, Churu - RSPCB","23-09-2026 12:00:00",28.296139,74.961696,SO2,3,13,4
India,Rajasthan,Churu,"Subash Chowk, Churu - RSPCB","23-09-2026 12:00:00",28.296139,74.961696,CO,26,42,36
India,Rajasthan,Dholpur,"Raja Ganj, Dholpur - RSPCB","23-09-2026 12:00:00",26.699557,77.898881,PM2.5,60,170,100
India,Rajasthan,Dholpur,"Raja Ganj, Dholpur - RSPCB","23-09-2026 12:00:00",26.699557,77.898881,CO,18,54,39
India,Rajasthan,Dholpur,"Raja Ganj, Dholpur - RSPCB","23-09-2026 12:00:00",26.699557,77.898881,OZONE,7,17,12
India,Rajasthan,Dungarpur,"Bhoiwada, Dungarpur - RSPCB","23-09-2026 12:00:00",23.837789,73.714926,SO2,5,6,6
India,Rajasthan,Hanumangarh,"Housing Board, Hanumangarh - RSPCB","23-09-2026 12:00:00",29.61075,74.283608,OZONE,20,44,29
India,Rajasthan,Jaipur,"Shastri Nagar, Jaipur - RSPCB","23-09-2026 12:00:00",26.9502929,75.730943,SO2,4,57,26
India,Rajasthan,Jaipur,"Shastri Nagar, Jaipur - RSPCB","23-09-2026 12:00:00",26.9502929,75.730943,CO,27,49,39
India,Rajasthan,Jaipur,"Adarsh Nagar, Jaipur - RSPCB","23-09-2026 12:00:00",26.902909,75.836858,NH3,5,12,8
India,Rajasthan,Jaipur,"Mansarovar Sector-12, Jaipur - RSPCB","23-09-2026 12:00:00",26.843698,75.766894,NO2,15,60,33
India,Rajasthan,Jaipur,"Mansarovar Sector-12, Jaipur - RSPCB","23-09-2026 12:00:00",26.843698,75.766894,OZONE,45,159,97
India,Maharashtra,"Navi Mumbai","Tondare-Taloja, Navi Mumbai - MPCB","23-09-2026 12:00:00",19.063,73.1209,NO2,8,13,11
India,Maharashtra,"Navi Mumbai","Tondare-Taloja, Navi Mumbai - MPCB","23-09-2026 12:00:00",19.063,73.1209,NH3,2,6,4
India,Maharashtra,"Navi Mumbai","Sector-2E Kalamboli, Navi Mumbai - MPCB","23-09-2026 12:00:00",19.02579,73.10297,NH3,7,12,9
India,Maharashtra,"Navi Mumbai","Sanpada, Navi Mumbai - MPCB","23-09-2026 12:00:00",19.0575752,73.0151367,NH3,6,6,6
India,Maharashtra,"Navi Mumbai","Sanpada, Navi Mumbai - MPCB","23-09-2026 12:00:00",19.0575752,73.0151367,CO,24,34,29
India,Maharashtra,"Navi Mumbai","Sanpada, Navi Mumbai - MPCB","23-09-2026 12:00:00",19.0575752,73.0151367,OZONE,1,40,10
India,Maharashtra,"Navi Mumbai","Mahape, Navi Mumbai - MPCB","23-09-2026 12:00:00",19.1135051,73.008978,SO2,12,13,12
India,Maharashtra,"Navi Mumbai","Mahape, Navi Mumbai - MPCB","23-09-2026 12:00:00",19.1135051,73.008978,OZONE,7,13,9
India,Maharashtra,Parbhani,"Masoom Colony, Parbhani - MPCB","23-09-2026 12:00:00",19.265594,76.761463,PM2.5,60,141,78
India,Maharashtra,Parbhani,"Masoom Colony, Parbhani - MPCB","23-09-2026 12:00:00",19.265594,76.761463,NO2,3,10,6
India,Maharashtra,Parbhani,"Masoom Colony, Parbhani - MPCB","23-09-2026 12:00:00",19.265594,76.761463,NH3,2,3,3
India,Maharashtra,Pimpri-Chinchwad,"Bhosari, Pune - IITM","23-09-2026 12:00:00",18.640051,73.848956,NH3,NA,NA,NA
India,Maharashtra,Pimpri-Chinchwad,"Bhosari, Pune - IITM","23-09-2026 12:00:00",18.640051,73.848956,CO,30,41,35
India,Maharashtra,Pimpri-Chinchwad,"Gavalinagar, Pimpri Chinchwad - MPCB","23-09-2026 12:00:00",18.63673,73.82487,PM10,32,56,41
India,Maharashtra,Pimpri-Chinchwad,"Gavalinagar, Pimpri Chinchwad - MPCB","23-09-2026 12:00:00",18.63673,73.82487,CO,8,19,14
India,Maharashtra,Pimpri-Chinchwad,"Bhumkar Nagar, Pune - IITM","23-09-2026 12:00:00",18.60577,73.749976,PM2.5,23,78,44
India,Maharashtra,Pimpri-Chinchwad,"Park Street Wakad, Pimpri Chinchwad - MPCB","23-09-2026 12:00:00",18.59051,73.77946,SO2,NA,NA,NA
India,Maharashtra,Satara,"Koyana Nagar, Satara - MPCB","23-09-2026 12:00:00",17.696651,74.003387,CO,13,25,20
India,Maharashtra,Solapur,"Ratandeep Housing Society, Solapur - MPCB","23-09-2026 12:00:00",17.65439,75.90649,CO,8,24,18
India,Maharashtra,Solapur,"Dnyaneshwar Nagar, Solapur - MPCB","23-09-2026 12:00:00",17.6336264,75.9132495,PM10,14,45,32
India,Maharashtra,Solapur,"Dnyaneshwar Nagar, Solapur - MPCB","23-09-2026 12:00:00",17.6336264,75.9132495,SO2,1,6,4
India,Maharashtra,Thane,"Kasarvadavali, Thane - MPCB","23-09-2026 12:00:00",19.26777,72.97182,PM2.5,14,51,37
India,Maharashtra,Ulhasnagar,"Sidhi Vinayak Nagar, Ulhasnagar - MPCB","23-09-2026 12:00:00",19.235581,73.159121,OZONE,2,32,9
India,Maharashtra,Ulhasnagar,"Vithalwadi, Ulhasnagar - MPCB","23-09-2026 12:00:00",19.2307571,73.155192,PM2.5,8,47,26
India,Maharashtra,Ulhasnagar,"Vithalwadi, Ulhasnagar - MPCB","23-09-2026 12:00:00",19.2307571,73.155192,SO2,6,10,8
India,Maharashtra,Ulhasnagar,"Vithalwadi, Ulhasnagar - MPCB","23-09-2026 12:00:00",19.2307571,73.155192,OZONE,5,8,7
India,Maharashtra,Virar,"Bolinj, Virar - MPCB","23-09-2026 12:00:00",19.445821,72.7988231,PM10,19,85,45
India,Maharashtra,Virar,"Bolinj, Virar - MPCB","23-09-2026 12:00:00",19.445821,72.7988231,SO2,1,5,2
India,Meghalaya,Byrnihat,"15th Mile-Nongthymmai, Byrnihat -Meghalaya PCB","23-09-2026 12:00:00",26.079047,91.875185,PM2.5,2,193,74
India,Meghalaya,Byrnihat,"15th Mile-Nongthymmai, Byrnihat -Meghalaya PCB","23-09-2026 12:00:00",26.079047,91.875185,CO,NA,NA,NA
India,Meghalaya,Shillong,"Lumpyngngad, Shillong - Meghalaya PCB","23-09-2026 12:00:00",25.5586,91.8985,NH3,0,0,0
India,Odisha,Tensa,"Barsua Iron Ore Mines, Tensa - OSPCB","23-09-2026 12:00:00",21.869985,85.167016,NH3,NA,NA,NA
India,Odisha,Tensa,"Barsua Iron Ore Mines, Tensa - OSPCB","23-09-2026 12:00:00",21.869985,85.167016,CO,22,28,25
India,Odisha,Tensa,"Barsua Iron Ore Mines, Tensa - OSPCB","23-09-2026 12:00:00",21.869985,85.167016,OZONE,4,7,5
India,Puducherry,Puducherry,"Jawahar Nagar, Puducherry - PPCC","23-09-2026 12:00:00",11.9309,79.8027,NO2,3,44,19
India,Punjab,Amritsar,"Golden Temple, Amritsar - PPCB","23-09-2026 12:00:00",31.62,74.876512,OZONE,13,44,18
India,Punjab,Bathinda,"Hardev Nagar, Bathinda - PPCB","23-09-2026 12:00:00",30.233011,74.907758,OZONE,NA,NA,NA
India,Punjab,Jalandhar,"Civil Line, Jalandhar - PPCB","23-09-2026 12:00:00",31.321907,75.578914,SO2,17,19,17
India,Punjab,"Mandi Gobindgarh","RIMT University, Mandi Gobindgarh - PPCB","23-09-2026 12:00:00",30.649961,76.331442,PM10,100,164,127
India,Punjab,"Mandi Gobindgarh","RIMT University, Mandi Gobindgarh - PPCB","23-09-2026 12:00:00",30.649961,76.331442,NO2,24,25,24
India,Punjab,"Mandi Gobindgarh","RIMT University, Mandi Gobindgarh - PPCB","23-09-2026 12:00:00",30.649961,76.331442,SO2,8,16,12
India,Punjab,"Mandi Gobindgarh","RIMT University, Mandi Gobindgarh - PPCB","23-09-2026 12:00:00",30.649961,76.331442,CO,28,57,43
India,Punjab,"Mandi Gobindgarh","RIMT University, Mandi Gobindgarh - PPCB","23-09-2026 12:00:00",30.649961,76.331442,OZONE,21,49,35
India,Punjab,Patiala,"Model Town, Patiala - PPCB","23-09-2026 12:00:00",30.349388,76.366642,OZONE,11,17,13
India,Punjab,Rupnagar,"Ratanpura, Rupnagar - Ambuja Cements","23-09-2026 12:00:00",31.0325454,76.5623046,PM10,8,93,39
India,Odisha,Cuttack,"CDA Area, Cuttack - OSPCB","23-09-2026 12:00:00",20.48891,85.84768,PM10,8,41,16
India,Odisha,Cuttack,"CDA Area, Cuttack - OSPCB","23-09-2026 12:00:00",20.48891,85.84768,NO2,9,30,15
India,Odisha,Keonjhar,"Jagamohanpur, Keonjhar - OSPCB","23-09-2026 12:00:00",21.6439,85.599355,OZONE,6,12,9
India,Odisha,Nayagarh,"Dabuna, Nayagarh - OSPCB","23-09-2026 12:00:00",21.847279,85.416905,PM2.5,7,17,11
India,Odisha,Nayagarh,"Dabuna, Nayagarh - OSPCB","23-09-2026 12:00:00",21.847279,85.416905,PM10,17,17,17
India,Odisha,Paradeep,"Nua Sandhakuda, Paradeep - OSPCB","23-09-2026 12:00:00",20.258828,86.665185,OZONE,35,41,39
India,Odisha,Rairangpur,"Divisional Forest Office, Rairangpur - OSPCB","23-09-2026 12:00:00",22.265816,86.174829,SO2,7,12,9
India,Odisha,Rairangpur,"Divisional Forest Office, Rairangpur - OSPCB","23-09-2026 12:00:00",22.265816,86.174829,CO,12,20,15
India,Odisha,Rourkela,"Raghunathpali, Rourkela - OSPCB","23-09-2026 12:00:00",22.220833,84.809444,NO2,NA,NA,NA
India,Odisha,Rourkela,"Sector-2, Rourkela - OSPCB","23-09-2026 12:00:00",22.245,84.88111111,SO2,NA,NA,NA
India,Odisha,Rourkela,"Sector-2, Rourkela - OSPCB","23-09-2026 12:00:00",22.245,84.88111111,CO,10,10,10
India,Odisha,Talcher,"Talcher Coalfields,Talcher - OSPCB","23-09-2026 12:00:00",20.9360711,85.1707021,PM10,0,29,10
India,Odisha,Talcher,"Talcher Coalfields,Talcher - OSPCB","23-09-2026 12:00:00",20.9360711,85.1707021,CO,18,27,23
India,Odisha,Tensa,"Barsua Iron Ore Mines, Tensa - OSPCB","23-09-2026 12:00:00",21.869985,85.167016,PM10,15,55,27
India,Maharashtra,Pimpri-Chinchwad,"Transport Nagar-Nigdi, Pune - IITM","23-09-2026 12:00:00",18.664282,73.763966,NO2,23,51,30
India,Maharashtra,Pimpri-Chinchwad,"Transport Nagar-Nigdi, Pune - IITM","23-09-2026 12:00:00",18.664282,73.763966,OZONE,7,26,15
India,Maharashtra,Pune,"Panchawati_Pashan, Pune - IITM","23-09-2026 12:00:00",18.536457,73.805454,CO,7,46,25
India,Maharashtra,Pune,"Savitribai Phule Pune University, Pune - MPCB","23-09-2026 12:00:00",18.547056,73.826908,PM10,42,74,55
India,Maharashtra,Pune,"Hadapsar, Pune - IITM","23-09-2026 12:00:00",18.501793,73.927532,SO2,NA,NA,NA
India,Maharashtra,Pune,"Hadapsar, Pune - IITM","23-09-2026 12:00:00",18.501793,73.927532,OZONE,8,28,14
India,Maharashtra,Pune,"Katraj Dairy, Pune - MPCB","23-09-2026 12:00:00",18.45445,73.854155,CO,21,46,33
India,Maharashtra,Pune,"Revenue Colony-Shivajinagar, Pune - IITM","23-09-2026 12:00:00",18.530085,73.849598,NO2,14,63,32
India,Maharashtra,Pune,"Revenue Colony-Shivajinagar, Pune - IITM","23-09-2026 12:00:00",18.530085,73.849598,OZONE,16,42,23
India,Maharashtra,Pune,"Mhada Colony, Pune - IITM","23-09-2026 12:00:00",18.57304,73.927715,NO2,19,58,33
India,Maharashtra,Sangli,"Vijay Nagar, Sangli - MPCB","23-09-2026 12:00:00",16.5038,74.3623,PM2.5,8,50,39
India,Maharashtra,Satara,"Koyana Nagar, Satara - MPCB","23-09-2026 12:00:00",17.696651,74.003387,PM2.5,23,64,42
India,Maharashtra,Satara,"Koyana Nagar, Satara - MPCB","23-09-2026 12:00:00",17.696651,74.003387,PM10,34,144,68
India,Maharashtra,Nagpur,"Ram Nagar, Nagpur - MPCB","23-09-2026 12:00:00",21.143383,79.048912,NO2,NA,NA,NA
India,Maharashtra,Nagpur,"Ram Nagar, Nagpur - MPCB","23-09-2026 12:00:00",21.143383,79.048912,CO,23,28,26
India,Maharashtra,Nagpur,"Mahal, Nagpur - MPCB","23-09-2026 12:00:00",21.14472,79.107595,PM10,25,97,49
India,Maharashtra,Nagpur,"Mahal, Nagpur - MPCB","23-09-2026 12:00:00",21.14472,79.107595,NO2,9,30,16
India,Maharashtra,Nagpur,"Mahal, Nagpur - MPCB","23-09-2026 12:00:00",21.14472,79.107595,CO,16,28,22
India,Maharashtra,Nagpur,"Opp GPO Civil Lines, Nagpur - MPCB","23-09-2026 12:00:00",21.152875,79.0517531,NO2,12,43,21
India,Maharashtra,Nagpur,"Ambazari, Nagpur - MPCB","23-09-2026 12:00:00",21.121801,79.04952,NO2,7,40,14
India,Maharashtra,Nanded,"Sneh Nagar, Nanded - MPCB","23-09-2026 12:00:00",19.173852,77.296291,NO2,6,16,9
India,Maharashtra,Nanded,"Sneh Nagar, Nanded - MPCB","23-09-2026 12:00:00",19.173852,77.296291,SO2,2,3,2
India,Maharashtra,Nanded,"Sneh Nagar, Nanded - MPCB","23-09-2026 12:00:00",19.173852,77.296291,OZONE,15,70,44
India,Maharashtra,Nashik,"Hirawadi, Nashik - MPCB","23-09-2026 12:00:00",20.021503,73.813844,PM10,31,68,54
India,Maharashtra,Nashik,"Hirawadi, Nashik - MPCB","23-09-2026 12:00:00",20.021503,73.813844,SO2,0,3,1
India,Maharashtra,Nashik,"MIDC Ambad, Nashik - MPCB","23-09-2026 12:00:00",19.95022,73.73148,NO2,7,17,12
India,Maharashtra,Nashik,"MIDC Ambad, Nashik - MPCB","23-09-2026 12:00:00",19.95022,73.73148,NH3,2,4,3
India,Maharashtra,Nashik,"MIDC Ambad, Nashik - MPCB","23-09-2026 12:00:00",19.95022,73.73148,SO2,0,3,1
India,Rajasthan,Banswara,"Rati Talai, Banswara - RSPCB","23-09-2026 12:00:00",23.55519,74.44001,PM2.5,18,26,21
India,Rajasthan,Banswara,"Rati Talai, Banswara - RSPCB","23-09-2026 12:00:00",23.55519,74.44001,NO2,24,51,34
India,Rajasthan,Banswara,"Rati Talai, Banswara - RSPCB","23-09-2026 12:00:00",23.55519,74.44001,CO,10,21,16
India,Rajasthan,Baran,"Bamboliya, Baran - RSPCB","23-09-2026 12:00:00",25.106006,76.469948,SO2,3,10,7
India,Rajasthan,Baran,"Bamboliya, Baran - RSPCB","23-09-2026 12:00:00",25.106006,76.469948,OZONE,1,69,24
India,Rajasthan,Barmer,"Railway Colony, Barmer - RSPCB","23-09-2026 12:00:00",25.747299,71.393989,PM2.5,30,58,40
India,Rajasthan,Barmer,"Railway Colony, Barmer - RSPCB","23-09-2026 12:00:00",25.747299,71.393989,NH3,4,21,7
India,Rajasthan,Bhiwadi,"Vasundhara Nagar_UIT, Bhiwadi - RSPCB","23-09-2026 12:00:00",28.207266,76.829265,NO2,11,137,33
India,"Uttar Pradesh",Bareilly,"Rajendra Nagar, Bareilly - UPPCB","23-09-2026 12:00:00",28.38910936,79.42963708,SO2,15,17,16
India,"Uttar Pradesh",Bareilly,"Rajendra Nagar, Bareilly - UPPCB","23-09-2026 12:00:00",28.38910936,79.42963708,CO,18,21,20
India,"Uttar Pradesh",Bareilly,"Civil Lines, Bareilly - UPPCB","23-09-2026 12:00:00",28.359581,79.414455,PM2.5,32,58,44
India,"Uttar Pradesh",Bareilly,"Civil Lines, Bareilly - UPPCB","23-09-2026 12:00:00",28.359581,79.414455,PM10,29,59,43
India,"Uttar Pradesh",Bulandshahr,"Yamunapuram, Bulandshahr - UPPCB","23-09-2026 12:00:00",28.406963,77.849831,PM2.5,65,122,83
India,"Uttar Pradesh",Bulandshahr,"Yamunapuram, Bulandshahr - UPPCB","23-09-2026 12:00:00",28.406963,77.849831,SO2,7,31,14
India,"Uttar Pradesh","Fatehpur Sikri","Dadupura, Fatehpur Sikri - UPPCB","23-09-2026 12:00:00",27.097694,77.671335,PM2.5,131,325,246
India,"Uttar Pradesh","Fatehpur Sikri","Dadupura, Fatehpur Sikri - UPPCB","23-09-2026 12:00:00",27.097694,77.671335,SO2,10,11,11
India,"Uttar Pradesh",Firozabad,"Vibhab Nagar, Firozabad - UPPCB","23-09-2026 12:00:00",27.1594,78.3953,PM2.5,23,38,31
India,"Uttar Pradesh",Firozabad,"Vibhab Nagar, Firozabad - UPPCB","23-09-2026 12:00:00",27.1594,78.3953,CO,31,40,38
India,"Uttar Pradesh",Firozabad,"Vibhab Nagar, Firozabad - UPPCB","23-09-2026 12:00:00",27.1594,78.3953,OZONE,1,1,1
India,"Uttar Pradesh",Gajraula,"Rajanpur, Gajraula - UPPCB","23-09-2026 12:00:00",28.829109,78.248796,PM2.5,111,253,174
India,"Uttar Pradesh",Gajraula,"Rajanpur, Gajraula - UPPCB","23-09-2026 12:00:00",28.829109,78.248796,CO,97,101,100
India,"Uttar Pradesh",Ghaziabad,"Indirapuram, Ghaziabad - UPPCB","23-09-2026 12:00:00",28.646233,77.358075,PM2.5,89,298,180
India,"Uttar Pradesh",Ghaziabad,"Indirapuram, Ghaziabad - UPPCB","23-09-2026 12:00:00",28.646233,77.358075,PM10,96,177,134
India,"Uttar Pradesh",Ghaziabad,"Govindpuram, Ghaziabad - UPPCB","23-09-2026 12:00:00",28.694528,77.494705,NH3,NA,NA,NA
India,"Uttar Pradesh",Ghaziabad,"Govindpuram, Ghaziabad - UPPCB","23-09-2026 12:00:00",28.694528,77.494705,SO2,6,32,15
India,"Uttar Pradesh",Ghaziabad,"Ved Vihar-Loni, Ghaziabad - UPPCB","23-09-2026 12:00:00",28.739153,77.273668,PM2.5,108,215,151
India,"Uttar Pradesh",Ghaziabad,"Ved Vihar-Loni, Ghaziabad - UPPCB","23-09-2026 12:00:00",28.739153,77.273668,CO,94,102,99
India,"Uttar Pradesh",Ghaziabad,"Ved Vihar-Loni, Ghaziabad - UPPCB","23-09-2026 12:00:00",28.739153,77.273668,OZONE,4,31,12
India,"Uttar Pradesh",Ghaziabad,"Wave City, Ghaziabad - UPPCB","23-09-2026 12:00:00",28.646675,77.489049,PM10,NA,NA,NA
India,Rajasthan,Jaipur,"Police Commissionerate, Jaipur - RSPCB","23-09-2026 12:00:00",26.9164092,75.7994901,SO2,11,27,20
India,Rajasthan,Jaipur,"RIICO Sitapura, Jaipur - RSPCB","23-09-2026 12:00:00",26.786682,75.827928,PM10,82,384,146
India,Rajasthan,Jalore,"Mudtra Sili, Jalore - RSPCB","23-09-2026 12:00:00",25.344694,72.626208,OZONE,39,76,61
India,Rajasthan,Jhalawar,"Rajlaxmi Nagar, Jhalawar - RSPCB","23-09-2026 12:00:00",24.588397,76.172782,PM2.5,48,98,73
India,Rajasthan,Jhalawar,"Rajlaxmi Nagar, Jhalawar - RSPCB","23-09-2026 12:00:00",24.588397,76.172782,PM10,58,109,84
India,Rajasthan,Jhalawar,"Rajlaxmi Nagar, Jhalawar - RSPCB","23-09-2026 12:00:00",24.588397,76.172782,NH3,5,11,8
India,Rajasthan,Jhalawar,"Rajlaxmi Nagar, Jhalawar - RSPCB","23-09-2026 12:00:00",24.588397,76.172782,SO2,4,44,11
India,Rajasthan,Jhunjhunu,"Indra Nagar, Jhunjhunu - RSPCB","23-09-2026 12:00:00",28.108988,75.386577,PM2.5,38,117,62
India,Rajasthan,Jhunjhunu,"Indra Nagar, Jhunjhunu - RSPCB","23-09-2026 12:00:00",28.108988,75.386577,NH3,3,8,6
India,Rajasthan,Jhunjhunu,"Indra Nagar, Jhunjhunu - RSPCB","23-09-2026 12:00:00",28.108988,75.386577,SO2,4,7,5
India,Rajasthan,Jhunjhunu,"Indra Nagar, Jhunjhunu - RSPCB","23-09-2026 12:00:00",28.108988,75.386577,CO,19,32,26
India,Rajasthan,Jhunjhunu,"Indra Nagar, Jhunjhunu - RSPCB","23-09-2026 12:00:00",28.108988,75.386577,OZONE,46,129,76
India,Rajasthan,Jodhpur,"Collectorate, Jodhpur - RSPCB","23-09-2026 12:00:00",26.268249,73.0193853,SO2,3,13,7
India,Rajasthan,Jodhpur,"Jhalamand, Jodhpur - RSPCB","23-09-2026 12:00:00",26.215415,73.070156,CO,13,30,21
India,Rajasthan,Jodhpur,"Jhalamand, Jodhpur - RSPCB","23-09-2026 12:00:00",26.215415,73.070156,OZONE,10,71,26
India,Rajasthan,Jodhpur,"Samrat Ashok Udhyan, Jodhpur - RSPCB","23-09-2026 12:00:00",26.253384,72.976571,PM2.5,18,243,59
India,Rajasthan,Jodhpur,"Samrat Ashok Udhyan, Jodhpur - RSPCB","23-09-2026 12:00:00",26.253384,72.976571,PM10,61,350,120
India,Rajasthan,Jodhpur,"Mandor, Jodhpur - RSPCB","23-09-2026 12:00:00",26.358805,73.047444,PM10,66,179,108
India,Rajasthan,Karauli,"Satyawati Vihar, Karauli - RSPCB","23-09-2026 12:00:00",26.506177,77.025989,PM2.5,12,28,18
India,Telangana,Hyderabad,"Somajiguda, Hyderabad - TSPCB","23-09-2026 12:00:00",17.417094,78.457437,NO2,13,18,15
India,Telangana,Hyderabad,"Somajiguda, Hyderabad - TSPCB","23-09-2026 12:00:00",17.417094,78.457437,SO2,9,14,9
India,Telangana,Hyderabad,"Somajiguda, Hyderabad - TSPCB","23-09-2026 12:00:00",17.417094,78.457437,CO,11,45,27
India,Tripura,Agartala,"Bardowali, Agartala - Tripura SPCB","23-09-2026 12:00:00",23.8175497,91.2726974,SO2,16,17,17
India,"Uttar Pradesh",Agra,"Manoharpur, Agra - UPPCB","23-09-2026 12:00:00",27.23711,78.01936,OZONE,6,6,6
India,"Uttar Pradesh",Agra,"Sanjay Palace, Agra - UPPCB","23-09-2026 12:00:00",27.19865833,78.00598056,PM2.5,82,331,167
India,"Uttar Pradesh",Agra,"Sanjay Palace, Agra - UPPCB","23-09-2026 12:00:00",27.19865833,78.00598056,SO2,16,18,17
India,"Uttar Pradesh",Agra,"Sector-3B Avas Vikas Colony, Agra - UPPCB","23-09-2026 12:00:00",27.19412,77.96237,PM2.5,7,125,86
India,"Uttar Pradesh",Agra,"Sector-3B Avas Vikas Colony, Agra - UPPCB","23-09-2026 12:00:00",27.19412,77.96237,PM10,10,139,111
India,"Uttar Pradesh",Agra,"Shastripuram, Agra - UPPCB","23-09-2026 12:00:00",27.19862,77.92066,PM10,44,121,78
India,"Uttar Pradesh",Agra,"Shastripuram, Agra - UPPCB","23-09-2026 12:00:00",27.19862,77.92066,NO2,12,13,12
India,"Uttar Pradesh",Agra,"Rohta, Agra - UPPCB","23-09-2026 12:00:00",27.106972,78.000111,NH3,6,6,6
India,"Uttar Pradesh",Agra,"Shahjahan Garden, Agra - UPPCB","23-09-2026 12:00:00",27.169338,78.03582,PM10,NA,NA,NA
India,"Uttar Pradesh",Agra,"Shahjahan Garden, Agra - UPPCB","23-09-2026 12:00:00",27.169338,78.03582,NO2,24,29,26
India,"Uttar Pradesh",Agra,"Shahjahan Garden, Agra - UPPCB","23-09-2026 12:00:00",27.169338,78.03582,SO2,69,85,76
India,"Uttar Pradesh",Baghpat,"Sardar Patel Inter College, Baghpat - UPPCB","23-09-2026 12:00:00",28.964949,77.278761,PM2.5,65,326,103
India,"Uttar Pradesh",Baghpat,"Sardar Patel Inter College, Baghpat - UPPCB","23-09-2026 12:00:00",28.964949,77.278761,NH3,2,7,3
India,"Uttar Pradesh",Baraut,"Nagar Palika Parishad, Baraut - UPPCB","23-09-2026 12:00:00",29.09956,77.26235,NO2,12,43,27
India,"Uttar Pradesh",Meerut,"Pallavpuram Phase 2, Meerut - UPPCB","23-09-2026 12:00:00",29.06351,77.709723,NH3,9,12,10
India,"Uttar Pradesh",Meerut,"Ganga Nagar, Meerut - UPPCB","23-09-2026 12:00:00",28.999264,77.7590354,PM10,91,179,127
India,"Uttar Pradesh",Meerut,"MIET College, Meerut - UPPCB","23-09-2026 12:00:00",28.972677,77.641018,NH3,3,11,5
India,"Uttar Pradesh",Meerut,"MIET College, Meerut - UPPCB","23-09-2026 12:00:00",28.972677,77.641018,OZONE,29,211,103
India,"Uttar Pradesh",Meerut,"Jai Bhim Nagar, Meerut - UPPCB","23-09-2026 12:00:00",28.9535882,77.7622941,NO2,13,34,24
India,"Uttar Pradesh",Modinagar,"SRM University, Modinagar - UPPCB","23-09-2026 12:00:00",28.798171,77.540243,PM10,66,97,85
India,"Uttar Pradesh",Modinagar,"SRM University, Modinagar - UPPCB","23-09-2026 12:00:00",28.798171,77.540243,SO2,7,15,9
India,"Uttar Pradesh",Modinagar,"SRM University, Modinagar - UPPCB","23-09-2026 12:00:00",28.798171,77.540243,CO,19,42,29
India,"Uttar Pradesh",Moradabad,"Kashiram Nagar, Moradabad - UPPCB","23-09-2026 12:00:00",28.849399,78.742362,PM2.5,65,169,96
India,"Uttar Pradesh",Moradabad,"Employment Office, Moradabad - UPPCB","23-09-2026 12:00:00",28.88528,78.7388,SO2,35,48,42
India,"Uttar Pradesh",Moradabad,"Employment Office, Moradabad - UPPCB","23-09-2026 12:00:00",28.88528,78.7388,OZONE,14,30,17
India,"Uttar Pradesh",Moradabad,"Buddhi Vihar, Moradabad - UPPCB","23-09-2026 12:00:00",28.83526,78.7446,OZONE,35,60,45
India,"Uttar Pradesh",Moradabad,"Jigar Colony, Moradabad - UPPCB","23-09-2026 12:00:00",28.856664,78.772638,NH3,6,6,6
India,"Uttar Pradesh",Moradabad,"Jigar Colony, Moradabad - UPPCB","23-09-2026 12:00:00",28.856664,78.772638,SO2,30,71,56
India,Telangana,Hyderabad,"ECIL Kapra, Hyderabad - TSPCB","23-09-2026 12:00:00",17.470431,78.566959,SO2,7,20,12
India,Telangana,Hyderabad,"ECIL Kapra, Hyderabad - TSPCB","23-09-2026 12:00:00",17.470431,78.566959,CO,17,31,25
India,Telangana,Hyderabad,"New Malakpet, Hyderabad - TSPCB","23-09-2026 12:00:00",17.37206,78.50864,CO,19,29,21
India,Telangana,Hyderabad,"Central University, Hyderabad - TSPCB","23-09-2026 12:00:00",17.460103,78.334361,PM10,7,67,29
India,Telangana,Hyderabad,"IITH Kandi, Hyderabad - TSPCB","23-09-2026 12:00:00",17.585705,78.126199,CO,34,34,34
India,Telangana,Hyderabad,"Nacharam_TSIIC IALA, Hyderabad - TSPCB","23-09-2026 12:00:00",17.429398,78.569354,PM2.5,31,42,34
India,Telangana,Hyderabad,"Nacharam_TSIIC IALA, Hyderabad - TSPCB","23-09-2026 12:00:00",17.429398,78.569354,CO,32,42,34
India,Telangana,Hyderabad,"ICRISAT Patancheru, Hyderabad - TSPCB","23-09-2026 12:00:00",17.5184,78.278777,CO,11,13,12
India,Telangana,Hyderabad,"IDA Pashamylaram, Hyderabad - TSPCB","23-09-2026 12:00:00",17.5316895,78.218939,PM2.5,14,123,52
India,Telangana,Hyderabad,"Sanathnagar, Hyderabad - TSPCB","23-09-2026 12:00:00",17.4559458,78.4332152,CO,30,39,37
India,Telangana,Hyderabad,"Sanathnagar, Hyderabad - TSPCB","23-09-2026 12:00:00",17.4559458,78.4332152,OZONE,13,16,14
India,Telangana,Hyderabad,"Somajiguda, Hyderabad - TSPCB","23-09-2026 12:00:00",17.417094,78.457437,PM10,19,83,56
India,Rajasthan,"Sri Ganganagar","Old City, Sri Ganganagar - RSPCB","23-09-2026 12:00:00",29.931624,73.864511,NH3,4,68,14
India,Rajasthan,"Sri Ganganagar","Old City, Sri Ganganagar - RSPCB","23-09-2026 12:00:00",29.931624,73.864511,SO2,7,12,10
India,Rajasthan,"Sri Ganganagar","Old City, Sri Ganganagar - RSPCB","23-09-2026 12:00:00",29.931624,73.864511,OZONE,24,53,37
India,Rajasthan,Tonk,"Shastri Nagar, Tonk - RSPCB","23-09-2026 12:00:00",26.159933,75.780517,SO2,1,3,2
India,Rajasthan,Udaipur,"Ashok Nagar, Udaipur - RSPCB","23-09-2026 12:00:00",24.5886166,73.6321397,OZONE,6,54,17
India,"Tamil Nadu",Chennai,"Manali Village, Chennai - TNPCB","23-09-2026 12:00:00",13.1662,80.2584,OZONE,NA,NA,NA
India,"Tamil Nadu",Chennai,"Manali, Chennai - CPCB","23-09-2026 12:00:00",13.164544,80.26285,PM2.5,46,168,80
India,"Tamil Nadu",Chennai,"Manali, Chennai - CPCB","23-09-2026 12:00:00",13.164544,80.26285,PM10,65,118,90
India,"Tamil Nadu",Chennai,"Manali, Chennai - CPCB","23-09-2026 12:00:00",13.164544,80.26285,NH3,6,6,6
India,"Tamil Nadu",Chennai,"Velachery Res. Area, Chennai - CPCB","23-09-2026 12:00:00",13.0052189,80.2398125,OZONE,8,11,9
India,Telangana,Hyderabad,"Kompally Municipal Office, Hyderabad - TSPCB","23-09-2026 12:00:00",17.544899,78.486949,PM2.5,28,42,32
India,"Uttar Pradesh",Ghaziabad,"Loni, Ghaziabad - UPPCB","23-09-2026 12:00:00",28.757294,77.278792,NH3,1,6,4
India,"Uttar Pradesh",Ghaziabad,"Vasundhara, Ghaziabad - UPPCB","23-09-2026 12:00:00",28.6603346,77.3572563,CO,32,59,51
India,"Uttar Pradesh",Gorakhpur,"Madan Mohan Malaviya University of Technology, Gorakhpur - UPPCB","23-09-2026 12:00:00",26.730136,83.433859,OZONE,0,1,1
India,"Uttar Pradesh","Greater Noida","Knowledge Park - V, Greater Noida - UPPCB","23-09-2026 12:00:00",28.557054,77.453663,SO2,2,11,7
India,"Uttar Pradesh",Hapur,"Anand Vihar, Hapur - UPPCB","23-09-2026 12:00:00",28.725645,77.749675,CO,40,44,43
India,"Uttar Pradesh",Jhansi,"Shivaji Nagar, Jhansi - UPPCB","23-09-2026 12:00:00",25.4547,78.6039,NO2,6,6,6
India,"Uttar Pradesh",Jhansi,"Shivaji Nagar, Jhansi - UPPCB","23-09-2026 12:00:00",25.4547,78.6039,NH3,4,4,4
India,"Uttar Pradesh",Kanpur,"NSI Kalyanpur, Kanpur - UPPCB","23-09-2026 12:00:00",26.509954,80.249612,PM2.5,17,97,49
India,"Uttar Pradesh",Kanpur,"Nehru Nagar, Kanpur - UPPCB","23-09-2026 12:00:00",26.4703136,80.3229863,NO2,43,50,46
India,"Uttar Pradesh",Khurja,"Kalindi Kunj, Khurja - UPPCB","23-09-2026 12:00:00",28.2348927,77.8683002,PM2.5,58,148,93
India,"Uttar Pradesh",Khurja,"Kalindi Kunj, Khurja - UPPCB","23-09-2026 12:00:00",28.2348927,77.8683002,SO2,9,11,10
India,"Uttar Pradesh",Lucknow,"Kendriya Vidyalaya, Lucknow - CPCB","23-09-2026 12:00:00",26.906111,80.948222,NH3,11,22,17
India,"Uttar Pradesh",Lucknow,"Kendriya Vidyalaya, Lucknow - CPCB","23-09-2026 12:00:00",26.906111,80.948222,OZONE,12,194,50
India,"Uttar Pradesh",Lucknow,"Gomti Nagar, Lucknow - UPPCB","23-09-2026 12:00:00",26.86812,81.005119,SO2,11,11,11
India,"Uttar Pradesh",Lucknow,"Talkatora District Industries Center, Lucknow - CPCB","23-09-2026 12:00:00",26.83399722,80.8917361,PM2.5,32,76,55
India,"Uttar Pradesh",Lucknow,"Talkatora District Industries Center, Lucknow - CPCB","23-09-2026 12:00:00",26.83399722,80.8917361,CO,3,107,41
India,"Uttar Pradesh",Lucknow,"Kukrail Picnic Spot-1, Lucknow - UPPCB","23-09-2026 12:00:00",26.90723,80.98579,PM2.5,25,70,44
India,"Uttar Pradesh",Lucknow,"Kukrail Picnic Spot-1, Lucknow - UPPCB","23-09-2026 12:00:00",26.90723,80.98579,PM10,29,82,52
India,Rajasthan,Khairthal,"New Anaj Mandi, Khairthal - RSPCB","23-09-2026 12:00:00",27.8015617,76.6365217,PM2.5,NA,NA,NA
India,Rajasthan,Khairthal,"New Anaj Mandi, Khairthal - RSPCB","23-09-2026 12:00:00",27.8015617,76.6365217,NH3,NA,NA,NA
India,Rajasthan,Kota,"Nayapura, Kota - RSPCB","23-09-2026 12:00:00",25.196024,75.855668,NH3,4,13,6
India,Rajasthan,Kota,"Nayapura, Kota - RSPCB","23-09-2026 12:00:00",25.196024,75.855668,SO2,2,6,3
India,Rajasthan,Kota,"Dhanmandi, Kota - RSPCB","23-09-2026 12:00:00",25.16409,75.858137,NO2,18,82,39
India,Rajasthan,Kota,"Dhanmandi, Kota - RSPCB","23-09-2026 12:00:00",25.16409,75.858137,OZONE,6,50,27
India,Rajasthan,Pratapgarh,"Pragati Nagar, Pratapgarh - RSPCB","23-09-2026 12:00:00",24.041198,74.780702,OZONE,28,87,49
India,"Uttar Pradesh",Muzaffarnagar,"New Mandi, Muzaffarnagar - UPPCB","23-09-2026 12:00:00",29.4723508,77.7194031,PM10,105,187,137
India,"Uttar Pradesh",Noida,"Sector - 62, Noida - IITM","23-09-2026 12:00:00",28.6245479,77.3577104,NH3,NA,NA,NA
India,"Uttar Pradesh",Noida,"Sector - 62, Noida - IITM","23-09-2026 12:00:00",28.6245479,77.3577104,CO,27,40,35
India,"Uttar Pradesh",Noida,"Sector - 125, Noida - UPPCB","23-09-2026 12:00:00",28.5447608,77.3231257,PM10,146,453,234
India,"Uttar Pradesh",Noida,"Sector - 125, Noida - UPPCB","23-09-2026 12:00:00",28.5447608,77.3231257,CO,12,42,22
India,"Uttar Pradesh",Noida,"Sector-1, Noida - UPPCB","23-09-2026 12:00:00",28.5898,77.3101,PM10,125,211,152
India,"Uttar Pradesh",Noida,"Sector-1, Noida - UPPCB","23-09-2026 12:00:00",28.5898,77.3101,OZONE,20,114,47
India,"Uttar Pradesh",Noida,"Sector-116, Noida - UPPCB","23-09-2026 12:00:00",28.56923,77.393848,NH3,12,16,13
India,"Uttar Pradesh",Noida,"Sector-116, Noida - UPPCB","23-09-2026 12:00:00",28.56923,77.393848,CO,48,83,64
India,"Uttar Pradesh",Prayagraj,"Motilal Nehru NIT, Prayagraj - UPPCB","23-09-2026 12:00:00",25.494,81.863,PM2.5,16,36,24
India,"Uttar Pradesh",Prayagraj,"Motilal Nehru NIT, Prayagraj - UPPCB","23-09-2026 12:00:00",25.494,81.863,PM10,16,55,35
India,"Uttar Pradesh",Prayagraj,"Motilal Nehru NIT, Prayagraj - UPPCB","23-09-2026 12:00:00",25.494,81.863,NO2,12,12,12
India,"Uttar Pradesh",Prayagraj,"Jhunsi, Prayagraj - UPPCB","23-09-2026 12:00:00",25.425602,81.917152,NH3,6,6,6
India,"Uttar Pradesh",Raebareli," Indira Nagar, Raebareli - NTPC Unchahar","23-09-2026 12:00:00",26.207781,81.245571,NO2,NA,NA,NA
India,"Uttar Pradesh",Raebareli," Indira Nagar, Raebareli - NTPC Unchahar","23-09-2026 12:00:00",26.207781,81.245571,CO,NA,NA,NA
India,"Uttar Pradesh",Raebareli,"Anand Nagar, Raebareli - UPPCB","23-09-2026 12:00:00",26.219512,81.237648,SO2,13,13,13
India,"Uttar Pradesh",Varanasi,"Maldahiya, Varanasi - UPPCB","23-09-2026 12:00:00",25.32393,82.99687,NH3,NA,NA,NA
India,"Uttar Pradesh",Varanasi,"Maldahiya, Varanasi - UPPCB","23-09-2026 12:00:00",25.32393,82.99687,CO,13,15,14
India,"Uttar Pradesh",Varanasi,"Maldahiya, Varanasi - UPPCB","23-09-2026 12:00:00",25.32393,82.99687,OZONE,6,8,7
India,"Uttar Pradesh",Varanasi,"Ardhali Bazar, Varanasi - UPPCB","23-09-2026 12:00:00",25.3505986,82.9083074,NH3,NA,NA,NA
India,"Uttar Pradesh",Varanasi,"Ardhali Bazar, Varanasi - UPPCB","23-09-2026 12:00:00",25.3505986,82.9083074,CO,14,14,14
India,"Uttar Pradesh",Varanasi,"Bhelupur, Varanasi - UPPCB","23-09-2026 12:00:00",25.301778,82.996789,PM10,32,475,160
India,"Uttar Pradesh",Varanasi,"Bhelupur, Varanasi - UPPCB","23-09-2026 12:00:00",25.301778,82.996789,NH3,1,1,1
India,"Uttar Pradesh",Varanasi,"Bhelupur, Varanasi - UPPCB","23-09-2026 12:00:00",25.301778,82.996789,CO,7,9,8
India,"Uttar Pradesh",Varanasi,"IESD Banaras Hindu University, Varanasi - UPPCB","23-09-2026 12:00:00",25.262326,82.995408,PM2.5,18,91,34
India,"Uttar Pradesh",Vrindavan,"Omex Eternity, Vrindavan - UPPCB","23-09-2026 12:00:00",27.571409,77.655757,PM10,54,139,89
India,"Uttar Pradesh",Vrindavan,"Omex Eternity, Vrindavan - UPPCB","23-09-2026 12:00:00",27.571409,77.655757,OZONE,16,16,16
India,"Uttar Pradesh",Vrindavan," Chhatikara, Vrindavan - UPPCB","23-09-2026 12:00:00",27.57194,77.62346,NH3,2,5,4
India,Uttarakhand,Kashipur,"Govt. Girls Inter College, Kashipur - UKPCB","23-09-2026 12:00:00",29.2124114,78.9611753,SO2,NA,NA,NA
India,Uttarakhand,Rishikesh,"Shivaji Nagar, Rishikesh - UKPCB","23-09-2026 12:00:00",30.075911,78.2859547,PM10,21,21,21
India,Uttarakhand,Rishikesh,"Shivaji Nagar, Rishikesh - UKPCB","23-09-2026 12:00:00",30.075911,78.2859547,NO2,6,6,6
India,Uttarakhand,Rishikesh,"Shivaji Nagar, Rishikesh - UKPCB","23-09-2026 12:00:00",30.075911,78.2859547,CO,NA,NA,NA
India,"West Bengal",Asansol,"Evelyn Lodge, Asansol - WBPCB","23-09-2026 12:00:00",23.697936,86.944395,PM10,12,30,20
India,"West Bengal",Asansol,"Evelyn Lodge, Asansol - WBPCB","23-09-2026 12:00:00",23.697936,86.944395,SO2,3,5,4
India,"West Bengal",Asansol,"Mahabir Colliery, Asansol - WBPCB","23-09-2026 12:00:00",23.618183,87.105718,PM2.5,10,34,17
India,"West Bengal",Asansol,"Mahabir Colliery, Asansol - WBPCB","23-09-2026 12:00:00",23.618183,87.105718,NO2,3,7,4
India,"West Bengal",Asansol,"Mahabir Colliery, Asansol - WBPCB","23-09-2026 12:00:00",23.618183,87.105718,SO2,10,11,10
India,"West Bengal",Asansol,"Trivenidevi Bhalotia College, Asansol - WBPCB","23-09-2026 12:00:00",23.616515,87.119133,NO2,10,22,17
India,"West Bengal",Barrackpore,"SVSPA Campus, Barrackpore - WBPCB","23-09-2026 12:00:00",22.7605581,88.3617589,PM10,25,42,30
India,"West Bengal",Barrackpore,"SVSPA Campus, Barrackpore - WBPCB","23-09-2026 12:00:00",22.7605581,88.3617589,NH3,6,7,6
India,"West Bengal",Durgapur,"PCBL Residential Complex, Durgapur - WBPCB","23-09-2026 12:00:00",23.508764,87.35444,NH3,NA,NA,NA
India,"West Bengal",Durgapur,"PCBL Residential Complex, Durgapur - WBPCB","23-09-2026 12:00:00",23.508764,87.35444,SO2,2,13,11
India,"West Bengal",Durgapur,"PCBL Residential Complex, Durgapur - WBPCB","23-09-2026 12:00:00",23.508764,87.35444,OZONE,4,15,9
India,"West Bengal",Durgapur,"Mahishkapur Road_B-Zone, Durgapur - WBPCB","23-09-2026 12:00:00",23.567923,87.306843,NO2,2,7,4
India,"West Bengal",Durgapur,"Mahishkapur Road_B-Zone, Durgapur - WBPCB","23-09-2026 12:00:00",23.567923,87.306843,CO,102,113,108
India,"West Bengal",Durgapur,"Womens College_City Center, Durgapur - WBPCB","23-09-2026 12:00:00",23.549395,87.300496,NH3,1,4,2
India,"West Bengal",Durgapur,"Womens College_City Center, Durgapur - WBPCB","23-09-2026 12:00:00",23.549395,87.300496,CO,31,36,34
India,"West Bengal",Haldia,"Priyambada Housing Estate, Haldia - WBPCB","23-09-2026 12:00:00",22.06047,88.109737,PM2.5,12,17,14
India,"West Bengal",Haldia,"Priyambada Housing Estate, Haldia - WBPCB","23-09-2026 12:00:00",22.06047,88.109737,OZONE,16,18,17
India,"West Bengal",Howrah,"Ghusuri, Howrah - WBPCB","23-09-2026 12:00:00",22.611968,88.347422,PM2.5,15,32,22
India,"West Bengal",Howrah,"Ghusuri, Howrah - WBPCB","23-09-2026 12:00:00",22.611968,88.347422,CO,11,25,18
India,"West Bengal",Howrah,"Belur Math, Howrah - WBPCB","23-09-2026 12:00:00",22.629801,88.352017,NH3,7,13,10
India,"West Bengal",Howrah,"Dasnagar, Howrah - WBPCB","23-09-2026 12:00:00",22.6025571,88.3105664,NO2,2,9,4
India,"West Bengal",Howrah,"Dasnagar, Howrah - WBPCB","23-09-2026 12:00:00",22.6025571,88.3105664,CO,35,73,47
India,"West Bengal",Howrah,"Dasnagar, Howrah - WBPCB","23-09-2026 12:00:00",22.6025571,88.3105664,OZONE,18,24,22
India,"West Bengal",Howrah,"Botanical Garden, Howrah - WBPCB","23-09-2026 12:00:00",22.554954,88.292568,PM10,27,116,41
India,"West Bengal",Howrah,"Botanical Garden, Howrah - WBPCB","23-09-2026 12:00:00",22.554954,88.292568,SO2,8,9,9
India,"West Bengal",Kolkata,"Rabindra Bharati University, Kolkata - WBPCB","23-09-2026 12:00:00",22.627847,88.380669,PM10,15,45,26
India,"West Bengal",Kolkata,"Rabindra Bharati University, Kolkata - WBPCB","23-09-2026 12:00:00",22.627847,88.380669,CO,24,28,26
India,"West Bengal",Kolkata,"Fort William, Kolkata - WBPCB","23-09-2026 12:00:00",22.55664,88.342674,SO2,5,11,7
India,"West Bengal",Kolkata,"Jadavpur, Kolkata - WBPCB","23-09-2026 12:00:00",22.49929,88.36917,CO,32,37,35
India,"West Bengal",Kolkata,"Jadavpur, Kolkata - WBPCB","23-09-2026 12:00:00",22.49929,88.36917,OZONE,10,13,11
India,"West Bengal",Kolkata,"Ballygunge, Kolkata - WBPCB","23-09-2026 12:00:00",22.5367507,88.3638022,PM10,13,38,24
India,"West Bengal",Kolkata,"Ballygunge, Kolkata - WBPCB","23-09-2026 12:00:00",22.5367507,88.3638022,SO2,6,8,6
India,"West Bengal",Kolkata,"Ballygunge, Kolkata - WBPCB","23-09-2026 12:00:00",22.5367507,88.3638022,CO,9,16,12
India,"West Bengal",Kolkata,"Victoria, Kolkata - WBPCB","23-09-2026 12:00:00",22.5448082,88.3403691,PM10,15,67,57
India,"West Bengal",Kolkata,"Victoria, Kolkata - WBPCB","23-09-2026 12:00:00",22.5448082,88.3403691,NH3,4,5,4
India,"West Bengal",Kolkata,"Victoria, Kolkata - WBPCB","23-09-2026 12:00:00",22.5448082,88.3403691,CO,19,31,24
India,"West Bengal",Kolkata,"Victoria, Kolkata - WBPCB","23-09-2026 12:00:00",22.5448082,88.3403691,OZONE,18,30,26
India,"West Bengal",Kolkata,"Rabindra Sarobar, Kolkata - WBPCB","23-09-2026 12:00:00",22.51106,88.35142,PM10,20,21,21
India,"West Bengal",Kolkata,"Rabindra Sarobar, Kolkata - WBPCB","23-09-2026 12:00:00",22.51106,88.35142,NO2,12,36,20
India,"West Bengal",Kolkata,"Rabindra Sarobar, Kolkata - WBPCB","23-09-2026 12:00:00",22.51106,88.35142,CO,15,20,18
India,"West Bengal",Kolkata,"Bidhannagar, Kolkata - WBPCB","23-09-2026 12:00:00",22.58157048,88.41002457,PM2.5,7,16,11
India,"West Bengal",Kolkata,"Bidhannagar, Kolkata - WBPCB","23-09-2026 12:00:00",22.58157048,88.41002457,NO2,7,13,13
India,"West Bengal",Kolkata,"Bidhannagar, Kolkata - WBPCB","23-09-2026 12:00:00",22.58157048,88.41002457,SO2,8,9,9
India,"West Bengal",Siliguri,"Ward-32 Bapupara, Siliguri - WBPCB","23-09-2026 12:00:00",26.6879226,88.4152495,PM10,20,38,28
India,Bihar,Patna,"Samanpura, Patna - BSPCB","23-09-2026 12:00:00",25.596727,85.085624,SO2,3,10,7
India,Bihar,Patna,"Samanpura, Patna - BSPCB","23-09-2026 12:00:00",25.596727,85.085624,CO,83,86,84
India,Bihar,Patna,"Samanpura, Patna - BSPCB","23-09-2026 12:00:00",25.596727,85.085624,OZONE,44,47,45
India,Bihar,Patna,"Muradpur, Patna - BSPCB","23-09-2026 12:00:00",25.619651,85.147382,PM10,26,72,42
India,Bihar,Patna,"DRM Office Danapur, Patna - BSPCB","23-09-2026 12:00:00",25.586562,85.043586,PM2.5,24,36,27
India,Bihar,Patna,"DRM Office Danapur, Patna - BSPCB","23-09-2026 12:00:00",25.586562,85.043586,NO2,20,25,23
India,Bihar,Patna,"DRM Office Danapur, Patna - BSPCB","23-09-2026 12:00:00",25.586562,85.043586,CO,33,36,35
India,Bihar,Patna,"IGSC Planetarium Complex, Patna - BSPCB","23-09-2026 12:00:00",25.610369,85.132568,NO2,2,6,4
India,Bihar,Patna,"Rajbansi Nagar, Patna - BSPCB","23-09-2026 12:00:00",25.599486,85.113666,NO2,26,34,31
India,Bihar,Patna,"Rajbansi Nagar, Patna - BSPCB","23-09-2026 12:00:00",25.599486,85.113666,SO2,9,13,10
India,Bihar,Patna,"Rajbansi Nagar, Patna - BSPCB","23-09-2026 12:00:00",25.599486,85.113666,CO,32,43,39
India,Bihar,Purnia,"Mariam Nagar, Purnia - BSPCB","23-09-2026 12:00:00",25.366336,87.117468,PM10,NA,NA,NA
India,Bihar,Purnia,"Mariam Nagar, Purnia - BSPCB","23-09-2026 12:00:00",25.366336,87.117468,NH3,3,4,4
India,Bihar,Purnia,"Mariam Nagar, Purnia - BSPCB","23-09-2026 12:00:00",25.366336,87.117468,SO2,15,17,16
India,Bihar,Saharsa,"Police Line, Saharsa - BSPCB","23-09-2026 12:00:00",25.892357,86.590325,PM2.5,47,57,49
India,Bihar,Samastipur,"DM Office_Kasipur, Samastipur - BSPCB","23-09-2026 12:00:00",25.859655,85.77944,NO2,8,9,8
India,Bihar,Samastipur,"DM Office_Kasipur, Samastipur - BSPCB","23-09-2026 12:00:00",25.859655,85.77944,NH3,1,3,1
India,Bihar,Samastipur,"DM Office_Kasipur, Samastipur - BSPCB","23-09-2026 12:00:00",25.859655,85.77944,CO,6,6,6
India,Bihar,Samastipur,"DM Office_Kasipur, Samastipur - BSPCB","23-09-2026 12:00:00",25.859655,85.77944,OZONE,6,7,6
India,Bihar,Sasaram,"Dada Peer, Sasaram - BSPCB","23-09-2026 12:00:00",24.952822,84.002396,NO2,NA,NA,NA
India,Bihar,Sasaram,"Dada Peer, Sasaram - BSPCB","23-09-2026 12:00:00",24.952822,84.002396,NH3,NA,NA,NA
India,Bihar,Sasaram,"Dada Peer, Sasaram - BSPCB","23-09-2026 12:00:00",24.952822,84.002396,OZONE,NA,NA,NA
India,Chandigarh,Chandigarh,"Sector-25, Chandigarh - CPCC","23-09-2026 12:00:00",30.751462,76.762879,SO2,3,11,6
India,Chandigarh,Chandigarh,"Sector-53, Chandigarh - CPCC","23-09-2026 12:00:00",30.719859,76.738637,PM10,NA,NA,NA
India,Chhattisgarh,Bhilai,"Hathkhoj, Bhilai - CECB","23-09-2026 12:00:00",21.224231,81.40835,NO2,7,25,13
India,Chhattisgarh,Bhilai,"Hathkhoj, Bhilai - CECB","23-09-2026 12:00:00",21.224231,81.40835,NH3,5,9,7
India,Chhattisgarh,Bhilai,"Hathkhoj, Bhilai - CECB","23-09-2026 12:00:00",21.224231,81.40835,SO2,2,36,12
India,Chhattisgarh,Bhilai,"Civic Center, Bhilai - Bhilai Steel Plant","23-09-2026 12:00:00",21.185571,81.343175,PM10,12,33,20
India,Chhattisgarh,Bhilai,"32Bungalows, Bhilai - CECB","23-09-2026 12:00:00",21.194815,81.31477,SO2,6,25,11
India,Chhattisgarh,Bilaspur,"Mangala, Bilaspur - NTPC","23-09-2026 12:00:00",22.08815,82.13737,PM10,6,50,34
India,Chhattisgarh,Bilaspur,"Mangala, Bilaspur - NTPC","23-09-2026 12:00:00",22.08815,82.13737,CO,15,39,27
India,"Andhra Pradesh",Machilipatnam,"Srinivas Nagar Colony, Machilipatnam - APPCB","23-09-2026 12:00:00",16.186555,81.13219,OZONE,16,24,18
India,"Andhra Pradesh",Nellore,"Ambedkar Nagar, Nellore - APPCB ","23-09-2026 12:00:00",14.438164,79.966814,NO2,25,34,28
India,"Andhra Pradesh",Nellore,"Ambedkar Nagar, Nellore - APPCB ","23-09-2026 12:00:00",14.438164,79.966814,SO2,11,20,16
India,"Andhra Pradesh",Nellore,"Ambedkar Nagar, Nellore - APPCB ","23-09-2026 12:00:00",14.438164,79.966814,OZONE,22,26,24
India,"Andhra Pradesh",Rajamahendravaram,"Anand Kala Kshetram, Rajamahendravaram - APPCB","23-09-2026 12:00:00",16.9872867,81.7363176,NH3,2,3,3
India,"Andhra Pradesh",Tirumala,"Toll Gate, Tirumala - APPCB","23-09-2026 12:00:00",13.67,79.35,NH3,2,3,3
India,"Andhra Pradesh",Tirumala,"Toll Gate, Tirumala - APPCB","23-09-2026 12:00:00",13.67,79.35,OZONE,24,33,27
India,"Andhra Pradesh",Tirupati,"Vaikuntapuram, Tirupati - APPCB","23-09-2026 12:00:00",13.615387,79.40923,NO2,NA,NA,NA
India,"Andhra Pradesh",Vijayawada,"HB Colony, Vijayawada - APPCB","23-09-2026 12:00:00",16.536107,80.594233,PM2.5,48,68,57
India,"Andhra Pradesh",Vijayawada,"HB Colony, Vijayawada - APPCB","23-09-2026 12:00:00",16.536107,80.594233,PM10,53,68,62
India,"Andhra Pradesh",Vijayawada,"Rajiv Nagar, Vijayawada - APPCB","23-09-2026 12:00:00",16.554731,80.64911,PM2.5,43,62,52
India,"Andhra Pradesh",Vijayawada,"Rajiv Nagar, Vijayawada - APPCB","23-09-2026 12:00:00",16.554731,80.64911,NH3,4,6,4
India,"Andhra Pradesh",Vijayawada,"Rajiv Gandhi Park, Vijayawada - APPCB","23-09-2026 12:00:00",16.509717,80.612222,NO2,NA,NA,NA
India,"Andhra Pradesh",Visakhapatnam,"GVM Corporation, Visakhapatnam - APPCB","23-09-2026 12:00:00",17.72,83.3,CO,21,54,31
India,"Arunachal Pradesh",Naharlagun,"Naharlagun, Naharlagun - APSPCB","23-09-2026 12:00:00",27.103358,93.679645,PM2.5,1,65,33
India,Assam,Byrnihat,"Central Academy for SFS, Byrnihat - PCBA","23-09-2026 12:00:00",26.071318,91.87488,PM10,68,99,77
India,Assam,Byrnihat,"Central Academy for SFS, Byrnihat - PCBA","23-09-2026 12:00:00",26.071318,91.87488,NH3,4,4,4
India,Assam,Guwahati,"Pan Bazaar, Guwahati - PCBA","23-09-2026 12:00:00",26.1875,91.744194,PM10,NA,NA,NA
India,Assam,Guwahati,"Railway Colony, Guwahati - PCBA","23-09-2026 12:00:00",26.181742,91.78063,NH3,1,1,1
India,Assam,Guwahati,"IITG, Guwahati - PCBA","23-09-2026 12:00:00",26.2028636,91.70046436,PM2.5,3,27,10
India,Assam,Guwahati,"IITG, Guwahati - PCBA","23-09-2026 12:00:00",26.2028636,91.70046436,PM10,NA,NA,NA
India,Assam,Guwahati,"IITG, Guwahati - PCBA","23-09-2026 12:00:00",26.2028636,91.70046436,NO2,1,4,2
India,Assam,Guwahati,"IITG, Guwahati - PCBA","23-09-2026 12:00:00",26.2028636,91.70046436,OZONE,5,17,9
India,Assam,Nagaon,"Christianpatty, Nagaon - PCBA","23-09-2026 12:00:00",26.349082,92.68449,PM10,34,81,50
India,Assam,Nagaon,"Christianpatty, Nagaon - PCBA","23-09-2026 12:00:00",26.349082,92.68449,CO,12,23,14
India,Assam,Silchar,"Tarapur, Silchar - PCBA","23-09-2026 12:00:00",24.82827,92.79525,PM10,39,44,39
India,"Andhra Pradesh",Chittoor,"Gangineni Cheruvu, Chittoor - APPCB","23-09-2026 12:00:00",13.20488,79.097889,PM2.5,NA,NA,NA
India,"Andhra Pradesh",Chittoor,"Gangineni Cheruvu, Chittoor - APPCB","23-09-2026 12:00:00",13.20488,79.097889,PM10,NA,NA,NA
India,"Andhra Pradesh",Eluru,"District Court, Eluru - APPCB","23-09-2026 12:00:00",16.711754,81.092095,PM2.5,42,70,55
India,"Andhra Pradesh",Guntur,"Rajendra Nagar North, Guntur - APPCB","23-09-2026 12:00:00",16.316553,80.413302,PM10,33,136,57
India,"Andhra Pradesh",Guntur,"Rajendra Nagar North, Guntur - APPCB","23-09-2026 12:00:00",16.316553,80.413302,NO2,21,84,38
India,"Andhra Pradesh",Kadapa,"Yerramukkapalli, Kadapa - APPCB","23-09-2026 12:00:00",14.465052,78.824187,PM2.5,66,78,75
India,"Andhra Pradesh",Kadapa,"Yerramukkapalli, Kadapa - APPCB","23-09-2026 12:00:00",14.465052,78.824187,NH3,2,8,4
India,"Andhra Pradesh",Kurnool,"Sita Rama Nagar, Kurnool - APPCB","23-09-2026 12:00:00",15.83411,78.028546,PM2.5,22,54,37
India,"Andhra Pradesh",Kurnool,"Sita Rama Nagar, Kurnool - APPCB","23-09-2026 12:00:00",15.83411,78.028546,SO2,6,7,7
India,Chhattisgarh,Chhal,"Nawapara SECL Colony, Chhal - CECB","23-09-2026 12:00:00",22.118125,83.140608,PM2.5,10,95,26
India,Chhattisgarh,Chhal,"Nawapara SECL Colony, Chhal - CECB","23-09-2026 12:00:00",22.118125,83.140608,OZONE,47,55,52
India,Chhattisgarh,Kunjemura,"OP Jindal School, Kunjemura - CECB","23-09-2026 12:00:00",22.12665,83.483212,PM10,8,30,22
India,Chhattisgarh,Kunjemura,"OP Jindal School, Kunjemura - CECB","23-09-2026 12:00:00",22.12665,83.483212,NO2,6,22,12
India,Chhattisgarh,Milupara,"Govt. Higher Secondary School, Milupara - CECB","23-09-2026 12:00:00",22.1910172,83.5197009,NO2,6,23,9
India,Chhattisgarh,Milupara,"Govt. Higher Secondary School, Milupara - CECB","23-09-2026 12:00:00",22.1910172,83.5197009,OZONE,8,10,9
India,Chhattisgarh,Raipur,"Krishak Nagar, Raipur - CECB","23-09-2026 12:00:00",21.237755,81.705301,PM2.5,17,58,39
India,Chhattisgarh,Raipur,"Krishak Nagar, Raipur - CECB","23-09-2026 12:00:00",21.237755,81.705301,NH3,2,2,2
India,Chhattisgarh,Raipur,"Siltara Phase-II, Raipur - CECB","23-09-2026 12:00:00",21.371751,81.664929,NH3,2,2,2
India,Bihar,Bettiah,"Kamalnath Nagar, Bettiah - BSPCB","23-09-2026 12:00:00",26.80365,84.51954,OZONE,9,15,13
India,Bihar,Bhagalpur,"DM Office_Kachari Chowk, Bhagalpur - BSPCB","23-09-2026 12:00:00",25.251013,86.989001,PM10,29,363,69
India,Bihar,Bhagalpur,"DM Office_Kachari Chowk, Bhagalpur - BSPCB","23-09-2026 12:00:00",25.251013,86.989001,NH3,4,4,4
India,Bihar,Bhagalpur,"Mayaganj, Bhagalpur - BSPCB","23-09-2026 12:00:00",25.265194,87.012947,PM10,21,140,42
India,Bihar,Bhagalpur,"Mayaganj, Bhagalpur - BSPCB","23-09-2026 12:00:00",25.265194,87.012947,CO,7,100,70
India,Bihar,"Bihar Sharif","D M Colony, Bihar Sharif - BSPCB","23-09-2026 12:00:00",25.204762,85.51496,SO2,10,13,12
India,Bihar,"Bihar Sharif","D M Colony, Bihar Sharif - BSPCB","23-09-2026 12:00:00",25.204762,85.51496,CO,12,12,12
India,Bihar,Gaya,"Kareemganj, Gaya - BSPCB","23-09-2026 12:00:00",24.792403,84.992416,CO,37,101,73
India,Assam,Silchar,"Tarapur, Silchar - PCBA","23-09-2026 12:00:00",24.82827,92.79525,NH3,1,1,1
India,Assam,Sivasagar,"Girls College, Sivasagar - PCBA","23-09-2026 12:00:00",26.987634,94.636574,OZONE,5,19,11
India,Bihar,Araria,"Kharahiya Basti, Araria - BSPCB","23-09-2026 12:00:00",26.146529,87.454184,PM10,2,138,55
India,Bihar,Araria,"Kharahiya Basti, Araria - BSPCB","23-09-2026 12:00:00",26.146529,87.454184,NO2,11,21,14
India,Bihar,Araria,"Kharahiya Basti, Araria - BSPCB","23-09-2026 12:00:00",26.146529,87.454184,NH3,4,5,4
India,Bihar,Begusarai,"Lohiyanagar, Begusarai - BSPCB","23-09-2026 12:00:00",25.42742023,86.13886079,PM10,4,156,27
India,Bihar,Begusarai,"Lohiyanagar, Begusarai - BSPCB","23-09-2026 12:00:00",25.42742023,86.13886079,CO,51,65,58
India,Bihar,Munger,"Town Hall, Munger - BSPCB","23-09-2026 12:00:00",25.376776,86.471523,SO2,65,100,75
India,Bihar,Muzaffarpur,"Buddha Colony, Muzaffarpur - BSPCB","23-09-2026 12:00:00",26.11442,85.39813,PM2.5,19,55,32
India,Bihar,Muzaffarpur,"Buddha Colony, Muzaffarpur - BSPCB","23-09-2026 12:00:00",26.11442,85.39813,CO,12,17,15
India,"Andhra Pradesh",Amaravati,"Secretariat, Amaravati - APPCB","23-09-2026 12:00:00",16.5150833,80.5181667,PM10,42,182,92
India,Gujarat,Bhavnagar,"Vidhyanagar, Bhavnagar - Nexteng Enviro","23-09-2026 12:00:00",21.755417,72.139056,OZONE,0,18,4
India,Gujarat,Gandhinagar,"Sector-10, Gandhinagar - GPCB","23-09-2026 12:00:00",23.221714,72.654328,PM2.5,54,95,75
India,Gujarat,Gandhinagar,"Sector-10, Gandhinagar - GPCB","23-09-2026 12:00:00",23.221714,72.654328,OZONE,3,12,6
India,Gujarat,Gandhinagar,"GIFT City, Gandhinagar - IITM","23-09-2026 12:00:00",23.163798,72.677768,PM2.5,79,190,136
India,Gujarat,Gandhinagar,"GIFT City, Gandhinagar - IITM","23-09-2026 12:00:00",23.163798,72.677768,OZONE,9,20,14
India,Gujarat,Gandhinagar,"IIPHG Lekawada, Gandhinagar - IITM","23-09-2026 12:00:00",23.243639,72.68994,PM2.5,62,147,105
India,Gujarat,Gandhinagar,"IIPHG Lekawada, Gandhinagar - IITM","23-09-2026 12:00:00",23.243639,72.68994,NO2,8,32,17
India,Gujarat,Gandhinagar,"IIPHG Lekawada, Gandhinagar - IITM","23-09-2026 12:00:00",23.243639,72.68994,SO2,2,3,2
India,Gujarat,Mehsana,"Sadanand Nagar, Mehsana - Nexteng Enviro","23-09-2026 12:00:00",23.59315,72.372792,NO2,5,8,7
India,Gujarat,Nandesari,"GIDC, Nandesari - Nandesari Ind. Association","23-09-2026 12:00:00",22.410802,73.097923,NO2,6,66,32
India,Gujarat,Nandesari,"GIDC, Nandesari - Nandesari Ind. Association","23-09-2026 12:00:00",22.410802,73.097923,SO2,3,4,3
India,Gujarat,Nandesari,"GIDC, Nandesari - Nandesari Ind. Association","23-09-2026 12:00:00",22.410802,73.097923,OZONE,NA,NA,NA
India,Gujarat,Surat,"Science Center, Surat - SMC","23-09-2026 12:00:00",21.170046,72.795405,OZONE,NA,NA,NA
India,Gujarat,Surat,"Katargam, Surat - Nexteng Enviro","23-09-2026 12:00:00",21.217779,72.834787,PM2.5,35,65,51
India,Gujarat,Surat,"Katargam, Surat - Nexteng Enviro","23-09-2026 12:00:00",21.217779,72.834787,CO,30,34,32
India,Gujarat,Vadodara,"Bapunagar, Vadodara - Nexteng Enviro","23-09-2026 12:00:00",22.320153,73.216285,NH3,2,3,2
India,Gujarat,Vadodara,"Bapunagar, Vadodara - Nexteng Enviro","23-09-2026 12:00:00",22.320153,73.216285,SO2,8,11,9
India,Gujarat,Vadodara,"Bapunagar, Vadodara - Nexteng Enviro","23-09-2026 12:00:00",22.320153,73.216285,OZONE,5,8,6
India,Haryana,Faridabad,"New Industrial Town, Faridabad - HSPCB","23-09-2026 12:00:00",28.39072,77.30059,SO2,NA,NA,NA
India,Haryana,Faridabad,"New Industrial Town, Faridabad - HSPCB","23-09-2026 12:00:00",28.39072,77.30059,OZONE,14,14,14
India,Haryana,Fatehabad,"Huda Sector, Fatehabad - HSPCB","23-09-2026 12:00:00",29.503664,75.467934,PM2.5,52,76,64
India,Haryana,Gurugram,"NISE Gwal Pahari, Gurugram - IITM","23-09-2026 12:00:00",28.422681,77.148944,PM2.5,88,267,153
India,Haryana,Gurugram,"NISE Gwal Pahari, Gurugram - IITM","23-09-2026 12:00:00",28.422681,77.148944,SO2,NA,NA,NA
India,Haryana,Gurugram,"NISE Gwal Pahari, Gurugram - IITM","23-09-2026 12:00:00",28.422681,77.148944,CO,56,62,60
India,Haryana,Gurugram,"NISE Gwal Pahari, Gurugram - IITM","23-09-2026 12:00:00",28.422681,77.148944,OZONE,0,58,16
India,Haryana,Gurugram,"Sector-51, Gurugram - HSPCB","23-09-2026 12:00:00",28.4227,77.0667,PM2.5,44,500,145
India,Haryana,Gurugram,"Sector-51, Gurugram - HSPCB","23-09-2026 12:00:00",28.4227,77.0667,OZONE,12,49,27
India,Haryana,Gurugram,"Vikas Sadan, Gurugram - HSPCB","23-09-2026 12:00:00",28.4501238,77.0263051,NH3,NA,NA,NA
India,Haryana,Gurugram,"Teri Gram, Gurugram - HSPCB","23-09-2026 12:00:00",28.4275,77.1465,NO2,24,50,35
India,Haryana,Gurugram,"Teri Gram, Gurugram - HSPCB","23-09-2026 12:00:00",28.4275,77.1465,OZONE,10,46,20
India,Haryana,Hisar,"Urban Estate-II, Hisar - HSPCB","23-09-2026 12:00:00",29.14056,75.744941,CO,7,12,9
India,Haryana,Jind,"Police Lines, Jind - HSPCB","23-09-2026 12:00:00",29.307814,76.337619,PM10,75,124,97
India,Haryana,Jind,"Police Lines, Jind - HSPCB","23-09-2026 12:00:00",29.307814,76.337619,NH3,4,6,5
India,Haryana,Jind,"Police Lines, Jind - HSPCB","23-09-2026 12:00:00",29.307814,76.337619,SO2,27,29,28
India,Haryana,Jind,"Police Lines, Jind - HSPCB","23-09-2026 12:00:00",29.307814,76.337619,CO,4,8,6
India,Chhattisgarh,Tumidih,"OP Jindal Industrial Park, Tumidih - CECB","23-09-2026 12:00:00",22.06631475,83.33820077,PM2.5,7,18,12
India,Delhi,Delhi,"Wazirpur, Delhi - DPCC","23-09-2026 12:00:00",28.699793,77.165453,PM2.5,85,293,151
India,Delhi,Delhi,"Wazirpur, Delhi - DPCC","23-09-2026 12:00:00",28.699793,77.165453,SO2,7,17,11
India,Delhi,Delhi,"Cantonment Area, Delhi - DPCC","23-09-2026 12:00:00",28.594169,77.1251,PM2.5,25,50,38
India,Delhi,Delhi,"Cantonment Area, Delhi - DPCC","23-09-2026 12:00:00",28.594169,77.1251,PM10,46,112,79
India,Delhi,Delhi,"Cantonment Area, Delhi - DPCC","23-09-2026 12:00:00",28.594169,77.1251,NO2,8,31,16
India,Delhi,Delhi,"Major Dhyan Chand National Stadium, Delhi - DPCC","23-09-2026 12:00:00",28.611281,77.237738,OZONE,3,41,14
India,Delhi,Delhi,"Sonia Vihar, Delhi - DPCC","23-09-2026 12:00:00",28.710508,77.249485,PM2.5,87,328,179
India,Delhi,Delhi,"Sonia Vihar, Delhi - DPCC","23-09-2026 12:00:00",28.710508,77.249485,PM10,115,167,135
India,Delhi,Delhi,"Sonia Vihar, Delhi - DPCC","23-09-2026 12:00:00",28.710508,77.249485,NO2,2,28,16
India,Delhi,Delhi,"Sonia Vihar, Delhi - DPCC","23-09-2026 12:00:00",28.710508,77.249485,NH3,12,18,14
India,Delhi,Delhi,"Sonia Vihar, Delhi - DPCC","23-09-2026 12:00:00",28.710508,77.249485,SO2,16,22,19
India,Delhi,Delhi,"Bawana, Delhi - DPCC","23-09-2026 12:00:00",28.7762,77.051074,NH3,7,9,8
India,Delhi,Delhi,"Okhla Phase-2, Delhi - DPCC","23-09-2026 12:00:00",28.530785,77.271255,CO,64,100,80
India,Delhi,Delhi,"Rohini, Delhi - DPCC","23-09-2026 12:00:00",28.732528,77.11992,PM10,114,201,151
India,Delhi,Delhi,"Alipur, Delhi - DPCC","23-09-2026 12:00:00",28.815329,77.15301,CO,25,47,38
India,Gujarat,Ahmedabad,"SAC ISRO Satellite, Ahmedabad - IITM","23-09-2026 12:00:00",23.023389,72.515201,SO2,2,7,4
India,Gujarat,Ahmedabad,"Gyaspur, Ahmedabad - IITM","23-09-2026 12:00:00",22.977134,72.553024,PM2.5,47,111,77
India,Gujarat,Ahmedabad,"Gyaspur, Ahmedabad - IITM","23-09-2026 12:00:00",22.977134,72.553024,PM10,71,190,120
India,Gujarat,Ahmedabad,"Gyaspur, Ahmedabad - IITM","23-09-2026 12:00:00",22.977134,72.553024,CO,10,23,16
India,Gujarat,Ahmedabad,"Gyaspur, Ahmedabad - IITM","23-09-2026 12:00:00",22.977134,72.553024,OZONE,8,11,9
India,Gujarat,Ahmedabad,"Chandkheda, Ahmedabad - IITM","23-09-2026 12:00:00",23.107969,72.574648,PM10,58,146,102
India,Gujarat,Ahmedabad,"Chandkheda, Ahmedabad - IITM","23-09-2026 12:00:00",23.107969,72.574648,NH3,4,7,5
India,Gujarat,Ahmedabad,"SVPI Airport Hansol, Ahmedabad - IITM","23-09-2026 12:00:00",23.076793,72.627874,NH3,1,10,4
India,Gujarat,Ahmedabad,"Raikhad, Ahmedabad - IITM","23-09-2026 12:00:00",23.020509,72.579261,NH3,1,3,2
India,Gujarat,Ahmedabad,"Maninagar, Ahmedabad - GPCB","23-09-2026 12:00:00",23.002657,72.591912,PM2.5,26,342,111
India,Gujarat,Ahmedabad,"SAC ISRO Bopal, Ahmedabad - IITM","23-09-2026 12:00:00",23.041137,72.456691,PM2.5,35,262,99
India,Gujarat,Ahmedabad,"SAC ISRO Bopal, Ahmedabad - IITM","23-09-2026 12:00:00",23.041137,72.456691,CO,13,31,21
India,Gujarat,Bhavnagar,"Vidhyanagar, Bhavnagar - Nexteng Enviro","23-09-2026 12:00:00",21.755417,72.139056,CO,66,68,67
India,Delhi,Delhi,"NSUT Jaffarpur, Delhi - DPCC","23-09-2026 12:00:00",28.594004,76.909423,PM10,109,187,139
India,Delhi,Delhi,"Ashok Vihar, Delhi - DPCC","23-09-2026 12:00:00",28.695381,77.181665,PM10,101,209,132
India,Delhi,Delhi,"Ashok Vihar, Delhi - DPCC","23-09-2026 12:00:00",28.695381,77.181665,SO2,42,48,45
India,Delhi,Delhi,"Ashok Vihar, Delhi - DPCC","23-09-2026 12:00:00",28.695381,77.181665,OZONE,2,14,11
India,Delhi,Delhi,"Anand Vihar, Delhi - DPCC","23-09-2026 12:00:00",28.647622,77.315809,SO2,15,51,27
India,Delhi,Delhi,"Punjabi Bagh, Delhi - DPCC","23-09-2026 12:00:00",28.674045,77.131023,NO2,23,135,48
India,Delhi,Delhi,"Punjabi Bagh, Delhi - DPCC","23-09-2026 12:00:00",28.674045,77.131023,NH3,3,6,5
India,Delhi,Delhi,"DTU, Delhi - CPCB","23-09-2026 12:00:00",28.7500499,77.1112615,PM2.5,80,270,143
India,Delhi,Delhi,"DTU, Delhi - CPCB","23-09-2026 12:00:00",28.7500499,77.1112615,NH3,3,10,8
India,Delhi,Delhi,"DTU, Delhi - CPCB","23-09-2026 12:00:00",28.7500499,77.1112615,SO2,30,34,31
India,Delhi,Delhi,"Dwarka-Sector 8, Delhi - DPCC ","23-09-2026 12:00:00",28.5710274,77.0719006,NH3,3,10,7
India,Delhi,Delhi,"Shadipur, Delhi - CPCB","23-09-2026 12:00:00",28.6514781,77.1473105,PM10,97,147,122
India,Delhi,Delhi,"Shadipur, Delhi - CPCB","23-09-2026 12:00:00",28.6514781,77.1473105,NH3,5,7,6
India,Delhi,Delhi,"Mandir Marg, Delhi - DPCC","23-09-2026 12:00:00",28.636429,77.201067,PM10,89,221,132
India,Delhi,Delhi,"Pusa, Delhi - DPCC","23-09-2026 12:00:00",28.639652,77.146275,NH3,2,8,4
India,Gujarat,Vatva,"Phase-4 GIDC, Vatva - GPCB","23-09-2026 12:00:00",22.969611,72.6435,PM2.5,27,198,88
India,Gujarat,Vatva,"Phase-4 GIDC, Vatva - GPCB","23-09-2026 12:00:00",22.969611,72.6435,PM10,69,155,112
India,Gujarat,Vatva,"Phase-4 GIDC, Vatva - GPCB","23-09-2026 12:00:00",22.969611,72.6435,NH3,5,5,5
India,Gujarat,Vatva,"Phase-4 GIDC, Vatva - GPCB","23-09-2026 12:00:00",22.969611,72.6435,CO,72,86,78
India,Haryana,Ambala,"Patti Mehar, Ambala - HSPCB","23-09-2026 12:00:00",30.379589,76.778328,PM10,77,171,127
India,Haryana,Bahadurgarh,"Arya Nagar, Bahadurgarh - HSPCB","23-09-2026 12:00:00",28.6701,76.9254,PM10,103,166,125
India,Haryana,Ballabgarh,"Nathu Colony, Ballabgarh - HSPCB","23-09-2026 12:00:00",28.3419248,77.319699,CO,16,28,22
India,Haryana,Ballabgarh,"Nathu Colony, Ballabgarh - HSPCB","23-09-2026 12:00:00",28.3419248,77.319699,OZONE,5,37,19
India,Haryana,Bhiwani,"H.B. Colony, Bhiwani - HSPCB","23-09-2026 12:00:00",28.806223,76.141105,PM10,73,109,92
India,Haryana,"Charkhi Dadri","Mini Secretariat, Charkhi Dadri - HSPCB","23-09-2026 12:00:00",28.593883,76.270653,NH3,5,8,6
India,Haryana,Faridabad,"Sector 30, Faridabad - HSPCB","23-09-2026 12:00:00",28.4417,77.3217,PM10,80,144,100
India,Haryana,Faridabad,"Sector 30, Faridabad - HSPCB","23-09-2026 12:00:00",28.4417,77.3217,CO,25,26,26
India,Delhi,Delhi,"Vivek Vihar, Delhi - DPCC","23-09-2026 12:00:00",28.672342,77.31526,PM2.5,70,320,134
India,Delhi,Delhi,"Jahangirpuri, Delhi - DPCC","23-09-2026 12:00:00",28.73282,77.170633,PM10,123,238,169
India,Delhi,Delhi,"IHBAS, Dilshad Garden, Delhi - CPCB","23-09-2026 12:00:00",28.6811736,77.3025234,NO2,46,73,55
India,Delhi,Delhi,"Sri Aurobindo Marg, Delhi - DPCC","23-09-2026 12:00:00",28.531346,77.190156,PM10,67,182,122
India,Delhi,Delhi,"Sri Aurobindo Marg, Delhi - DPCC","23-09-2026 12:00:00",28.531346,77.190156,NH3,4,5,5
India,Delhi,Delhi,"Nehru Nagar, Delhi - DPCC","23-09-2026 12:00:00",28.56789,77.250515,PM2.5,85,332,188
India,Delhi,Delhi,"Patparganj, Delhi - DPCC","23-09-2026 12:00:00",28.623763,77.287209,PM10,145,216,174
India,Delhi,Delhi,"Patparganj, Delhi - DPCC","23-09-2026 12:00:00",28.623763,77.287209,NH3,6,43,11
India,Delhi,Delhi,"Jawaharlal Nehru Stadium, Delhi - DPCC","23-09-2026 12:00:00",28.58028,77.233829,PM2.5,80,253,134
India,Delhi,Delhi,"Najafgarh, Delhi - DPCC","23-09-2026 12:00:00",28.570173,76.933762,SO2,25,49,29
India,Delhi,Delhi,"Najafgarh, Delhi - DPCC","23-09-2026 12:00:00",28.570173,76.933762,CO,18,40,34
India,Delhi,Delhi,"CRRI Mathura Road, Delhi - IITM","23-09-2026 12:00:00",28.5512005,77.2735737,PM10,143,417,220
India,Delhi,Delhi,"Burari Crossing, Delhi - IITM","23-09-2026 12:00:00",28.7256504,77.2011573,PM10,92,167,131
India,Delhi,Delhi,"Burari Crossing, Delhi - IITM","23-09-2026 12:00:00",28.7256504,77.2011573,SO2,NA,NA,NA
India,Delhi,Delhi,"IMD Lodhi Road, Delhi - IITM","23-09-2026 12:00:00",28.5918245,77.2273074,SO2,NA,NA,NA
India,Delhi,Delhi,"JNU, Delhi - DPCC","23-09-2026 12:00:00",28.540721,77.168544,OZONE,12,32,17
India,Delhi,Delhi,"ITO, Delhi - CPCB","23-09-2026 12:00:00",28.628624,77.24106,NH3,3,5,4
India,Delhi,Delhi,"R K Puram, Delhi - DPCC","23-09-2026 12:00:00",28.563262,77.186937,CO,45,85,61
India,Delhi,Delhi,"North Campus, DU, Delhi - IITM","23-09-2026 12:00:00",28.6573814,77.1585447,PM10,83,311,165
India,Delhi,Delhi,"North Campus, DU, Delhi - IITM","23-09-2026 12:00:00",28.6573814,77.1585447,OZONE,26,171,57
India,Delhi,Delhi,"Alipur, Delhi - DPCC","23-09-2026 12:00:00",28.815329,77.15301,NO2,37,84,56
India,Delhi,Delhi,"Chandni Chowk, Delhi - IITM","23-09-2026 12:00:00",28.656756,77.227234,PM10,111,168,142
India,Delhi,Delhi,"Chandni Chowk, Delhi - IITM","23-09-2026 12:00:00",28.656756,77.227234,OZONE,12,50,26
India,Delhi,Delhi,"IIT Delhi, Delhi - IITM","23-09-2026 12:00:00",28.54246,77.191651,PM2.5,NA,NA,NA
India,Delhi,Delhi,"IIT Delhi, Delhi - IITM","23-09-2026 12:00:00",28.54246,77.191651,NH3,NA,NA,NA
India,Delhi,Delhi,"IGNOU_Maidan Garhi, Delhi - DPCC","23-09-2026 12:00:00",28.493624,77.201159,PM2.5,14,77,31
India,Delhi,Delhi,"IGNOU_Maidan Garhi, Delhi - DPCC","23-09-2026 12:00:00",28.493624,77.201159,SO2,7,8,7
India,Delhi,Delhi,"IGNOU_Maidan Garhi, Delhi - DPCC","23-09-2026 12:00:00",28.493624,77.201159,OZONE,4,13,7
India,Delhi,Delhi,"Commonwealth Sports Complex, Delhi - DPCC","23-09-2026 12:00:00",28.615828,77.271992,PM2.5,116,232,154
India,Delhi,Delhi,"Aya Nagar, Delhi - IITM","23-09-2026 12:00:00",28.4706914,77.1099364,NH3,NA,NA,NA
India,Haryana,Rohtak,"MD University, Rohtak - HSPCB","23-09-2026 12:00:00",28.52123,76.37138,OZONE,10,27,18
India,Haryana,Sirsa,"F-Block, Sirsa - HSPCB","23-09-2026 12:00:00",29.5364,75.0158,SO2,31,45,38
India,Haryana,Sirsa,"F-Block, Sirsa - HSPCB","23-09-2026 12:00:00",29.5364,75.0158,CO,92,104,98
India,Haryana,Sonipat,"Murthal, Sonipat - HSPCB","23-09-2026 12:00:00",29.0272,77.0621,PM10,63,105,80
India,Haryana,Sonipat,"Murthal, Sonipat - HSPCB","23-09-2026 12:00:00",29.0272,77.0621,NO2,6,8,7
India,Haryana,"Yamuna Nagar","Gobind Pura, Yamuna Nagar - HSPCB","23-09-2026 12:00:00",30.1480566,77.2893471,PM10,105,158,121
India,"Himachal Pradesh",Baddi,"HIMUDA Complex Phase-1, Baddi - HPPCB","23-09-2026 12:00:00",30.943887,76.801991,NO2,3,38,12
India,"Himachal Pradesh",Baddi,"HIMUDA Complex Phase-1, Baddi - HPPCB","23-09-2026 12:00:00",30.943887,76.801991,CO,14,69,24
India,"Jammu and Kashmir",Srinagar,"Rajbagh, Srinagar - JKPCC","23-09-2026 12:00:00",34.066206,74.81982,PM2.5,21,48,32
India,"Jammu and Kashmir",Srinagar,"Khunmoh, Srinagar - JKPCC","23-09-2026 12:00:00",34.06313,74.96017,PM2.5,2,14,6
India,"Jammu and Kashmir",Srinagar,"Khunmoh, Srinagar - JKPCC","23-09-2026 12:00:00",34.06313,74.96017,NH3,NA,NA,NA
India,"Jammu and Kashmir",Srinagar,"Khunmoh, Srinagar - JKPCC","23-09-2026 12:00:00",34.06313,74.96017,SO2,2,5,4
India,Jharkhand,Dhanbad,"Sardar Patel Nagar, Dhanbad - JSPCB","23-09-2026 12:00:00",23.80569,86.44268,NH3,NA,NA,NA
India,Jharkhand,Dhanbad,"Sardar Patel Nagar, Dhanbad - JSPCB","23-09-2026 12:00:00",23.80569,86.44268,CO,9,18,14
India,Karnataka,Bengaluru,"Hebbal, Bengaluru - KSPCB","23-09-2026 12:00:00",13.029152,77.585901,NH3,NA,NA,NA
India,Karnataka,Bengaluru,"Hebbal, Bengaluru - KSPCB","23-09-2026 12:00:00",13.029152,77.585901,OZONE,24,41,33
India,Karnataka,Bengaluru,"Hombegowda Nagar, Bengaluru - KSPCB","23-09-2026 12:00:00",12.938539,77.5901,PM10,31,69,51
India,Karnataka,Bengaluru,"Peenya, Bengaluru - CPCB","23-09-2026 12:00:00",13.0270199,77.494094,NO2,21,24,23
India,Karnataka,Bengaluru,"Peenya, Bengaluru - CPCB","23-09-2026 12:00:00",13.0270199,77.494094,CO,31,35,33
India,"Madhya Pradesh",Satna,"Bandhavgar Colony, Satna - Birla Cement","23-09-2026 12:00:00",24.58434363,80.8549414,PM10,70,72,71
India,"Madhya Pradesh",Satna,"Bandhavgar Colony, Satna - Birla Cement","23-09-2026 12:00:00",24.58434363,80.8549414,NO2,12,13,13
India,"Madhya Pradesh",Satna,"Bandhavgar Colony, Satna - Birla Cement","23-09-2026 12:00:00",24.58434363,80.8549414,NH3,NA,NA,NA
India,"Madhya Pradesh",Satna,"Bandhavgar Colony, Satna - Birla Cement","23-09-2026 12:00:00",24.58434363,80.8549414,OZONE,14,20,17
India,Maharashtra,Ahmednagar,"Tarakpur, Ahmednagar - MPCB","23-09-2026 12:00:00",19.10122,74.73339,PM10,35,97,53
India,Maharashtra,Akola,"Ramdaspeth, Akola - MPCB","23-09-2026 12:00:00",20.719516,77.000253,OZONE,11,17,14
India,Maharashtra,Ambernath,"Chinchpada, Ambernath - MPCB","23-09-2026 12:00:00",19.215784,73.199781,PM2.5,10,80,40
India,Maharashtra,Amravati,"Shri Shivaji Science College, Amravati - MPCB","23-09-2026 12:00:00",20.939198,77.765701,SO2,7,8,8
India,Maharashtra,Amravati,"Shri Shivaji Science College, Amravati - MPCB","23-09-2026 12:00:00",20.939198,77.765701,OZONE,18,39,27
India,Maharashtra,Amravati,"Shivneri Colony, Amravati - MPCB","23-09-2026 12:00:00",20.9402359,77.7895248,SO2,2,8,3
India,Maharashtra,Amravati,"Shivneri Colony, Amravati - MPCB","23-09-2026 12:00:00",20.9402359,77.7895248,OZONE,12,22,15
India,Maharashtra,Aurangabad,"MIDC Chilkalthana, Aurangabad - MPCB","23-09-2026 12:00:00",19.87562,75.38731,SO2,0,4,3
India,Maharashtra,Aurangabad,"Rachnakar Colony, Aurangabad - MPCB","23-09-2026 12:00:00",19.863756,75.321188,PM2.5,36,82,62
India,Maharashtra,Aurangabad,"More Chowk Waluj, Aurangabad - MPCB","23-09-2026 12:00:00",19.8389439,75.244448,PM10,23,61,37
India,Maharashtra,Aurangabad,"More Chowk Waluj, Aurangabad - MPCB","23-09-2026 12:00:00",19.8389439,75.244448,CO,23,83,66
India,Maharashtra,Badlapur,"Katrap, Badlapur - MPCB","23-09-2026 12:00:00",19.16485,73.23409,PM2.5,19,241,36
India,Haryana,Kaithal,"Rishi Nagar, Kaithal - HSPCB","23-09-2026 12:00:00",29.8006,76.4155,CO,16,23,21
India,Haryana,Kurukshetra,"Sector-7, Kurukshetra - HSPCB","23-09-2026 12:00:00",29.966942,76.875879,PM10,88,120,104
India,Haryana,Manesar,"Sector-2 IMT, Manesar - HSPCB","23-09-2026 12:00:00",28.360699,76.93609,SO2,6,38,14
India,Haryana,Manesar,"Sector-2 IMT, Manesar - HSPCB","23-09-2026 12:00:00",28.360699,76.93609,OZONE,9,44,22
India,Haryana,Narnaul,"Shastri Nagar, Narnaul - HSPCB","23-09-2026 12:00:00",28.060249,76.113115,PM10,78,151,114
India,Haryana,Narnaul,"Shastri Nagar, Narnaul - HSPCB","23-09-2026 12:00:00",28.060249,76.113115,NO2,24,25,24
India,Haryana,Narnaul,"Shastri Nagar, Narnaul - HSPCB","23-09-2026 12:00:00",28.060249,76.113115,NH3,2,3,2
India,Haryana,Palwal,"Shyam Nagar, Palwal - HSPCB","23-09-2026 12:00:00",28.1485564,77.3320667,PM2.5,41,76,60
India,Haryana,Palwal,"Shyam Nagar, Palwal - HSPCB","23-09-2026 12:00:00",28.1485564,77.3320667,PM10,49,74,61
India,Haryana,Palwal,"Shyam Nagar, Palwal - HSPCB","23-09-2026 12:00:00",28.1485564,77.3320667,OZONE,10,10,10
India,Haryana,Panchgaon,"Amity University, Panchgaon - IITM","23-09-2026 12:00:00",28.3153,76.9143,PM2.5,0,15,3
India,Haryana,Panipat,"Sector-18, Panipat - HSPCB","23-09-2026 12:00:00",29.432304,76.972765,PM2.5,5,339,195
India,Haryana,Panipat,"Sector-18, Panipat - HSPCB","23-09-2026 12:00:00",29.432304,76.972765,SO2,35,67,49
India,Haryana,Panipat,"Sector-18, Panipat - HSPCB","23-09-2026 12:00:00",29.432304,76.972765,CO,26,28,27
India,Maharashtra,Beed,"Bir, Beed - MPCB","23-09-2026 12:00:00",18.988474,75.753873,NO2,6,27,15
India,Maharashtra,Beed,"Bir, Beed - MPCB","23-09-2026 12:00:00",18.988474,75.753873,CO,17,32,23
India,Maharashtra,Belapur,"CBD Belapur, Belapur - MPCB","23-09-2026 12:00:00",19.0243902,73.0406721,PM2.5,36,59,43
India,Maharashtra,Belapur,"CBD Belapur, Belapur - MPCB","23-09-2026 12:00:00",19.0243902,73.0406721,PM10,53,86,63
India,Maharashtra,Bhiwandi,"Gokul Nagar, Bhiwandi - MPCB","23-09-2026 12:00:00",19.309073,73.057223,NH3,29,55,40
India,Maharashtra,Boisar,"Khaira, Boisar - MPCB","23-09-2026 12:00:00",19.786089,72.757971,PM10,38,83,56
India,Maharashtra,Chandrapur,"MIDC Khutala, Chandrapur - MPCB","23-09-2026 12:00:00",19.9775302,79.2337086,NO2,NA,NA,NA
India,Maharashtra,Hingoli,"Ashta Vinayak Nagar, Hingoli - MPCB","23-09-2026 12:00:00",19.710842,77.151824,SO2,3,6,5
India,Maharashtra,Jalgaon,"Prabhat Colony, Jalgaon - MPCB","23-09-2026 12:00:00",21.001264,75.565602,SO2,1,2,2
India,Maharashtra,Jalna,"Old MIDC, Jalna - MPCB","23-09-2026 12:00:00",19.854616,75.905894,NO2,12,25,19
India,Maharashtra,Jalna,"Old MIDC, Jalna - MPCB","23-09-2026 12:00:00",19.854616,75.905894,OZONE,30,56,40
India,Maharashtra,Kalyan,"Pimpleshwar Mandir, Kalyan - MPCB","23-09-2026 12:00:00",19.192056,72.9585188,PM10,45,60,51
India,Karnataka,Yadgir,"Collector Office, Yadgir - KSPCB","23-09-2026 12:00:00",16.7602,77.1428,NO2,1,4,2
India,Karnataka,Yadgir,"Collector Office, Yadgir - KSPCB","23-09-2026 12:00:00",16.7602,77.1428,NH3,0,1,1
India,Karnataka,Yadgir,"Collector Office, Yadgir - KSPCB","23-09-2026 12:00:00",16.7602,77.1428,OZONE,9,24,18
India,Kerala,Eloor,"Udyogamandal, Eloor - Kerala PCB","23-09-2026 12:00:00",10.073232,76.302765,NH3,0,0,0
India,Kerala,Kannur,"Thavakkara, Kannur - Kerala PCB","23-09-2026 12:00:00",11.875,75.3732,NO2,NA,NA,NA
India,Kerala,Kannur,"Thavakkara, Kannur - Kerala PCB","23-09-2026 12:00:00",11.875,75.3732,CO,20,22,21
India,Kerala,Thrissur,"Corporation Ground, Thrissur - Kerala PCB","23-09-2026 12:00:00",10.5324,76.2159,NH3,0,0,0
India,Ladakh,Leh,"Skara Yokma, Leh - LPCC","23-09-2026 12:00:00",34.147096,77.55709,PM10,1,66,23
India,Ladakh,Leh,"Skara Yokma, Leh - LPCC","23-09-2026 12:00:00",34.147096,77.55709,SO2,9,13,10
India,Ladakh,Leh,"Skara Yokma, Leh - LPCC","23-09-2026 12:00:00",34.147096,77.55709,OZONE,42,195,108
India,"Madhya Pradesh",Bhopal,"Idgah Hills, Bhopal - MPPCB","23-09-2026 12:00:00",23.264759,77.381568,PM10,55,109,79
India,"Madhya Pradesh",Bhopal,"Idgah Hills, Bhopal - MPPCB","23-09-2026 12:00:00",23.264759,77.381568,CO,19,25,22
India,"Madhya Pradesh",Bhopal,"T T Nagar, Bhopal - MPPCB","23-09-2026 12:00:00",23.233584,77.400574,SO2,23,26,25
India,Karnataka,Dharwad,"Kalabhavan, Dharwad - KSPCB","23-09-2026 12:00:00",15.459706,75.008381,NO2,18,27,25
India,Karnataka,Hubballi,"Lingaraj Nagar, Hubballi - KSPCB","23-09-2026 12:00:00",15.3714823,75.1160168,NO2,7,13,9
India,Karnataka,Hubballi,"Lingaraj Nagar, Hubballi - KSPCB","23-09-2026 12:00:00",15.3714823,75.1160168,SO2,2,3,2
India,Karnataka,Kalaburagi,"Lal Bahadur Shastri Nagar, Kalaburagi - KSPCB","23-09-2026 12:00:00",17.321993,76.822628,PM2.5,NA,NA,NA
India,Karnataka,Kalaburagi,"Lal Bahadur Shastri Nagar, Kalaburagi - KSPCB","23-09-2026 12:00:00",17.321993,76.822628,OZONE,20,20,20
India,Karnataka,Kolar,"Tamaka Ind. Area, Kolar - KSPCB","23-09-2026 12:00:00",13.1276288,78.1570122,CO,NA,NA,NA
India,Karnataka,Madikeri,"Stuart Hill, Madikeri - KSPCB","23-09-2026 12:00:00",12.415911,75.73505,PM10,NA,NA,NA
India,Karnataka,Mysuru,"Hebbal 1st Stage, Mysuru - KSPCB","23-09-2026 12:00:00",12.21041,76.37376,NH3,1,6,4
India,Karnataka,Mysuru,"Hebbal 1st Stage, Mysuru - KSPCB","23-09-2026 12:00:00",12.21041,76.37376,SO2,1,6,4
India,Karnataka,Ramanagara,"Vijay Nagar, Ramanagara - KSPCB","23-09-2026 12:00:00",12.733409,77.298051,OZONE,17,28,22
India,Karnataka,Shivamogga,"Vinoba Nagara, Shivamogga - KSPCB","23-09-2026 12:00:00",13.94,75.555917,NO2,25,26,26
India,Karnataka,Bengaluru,"Jayanagar 5th Block, Bengaluru - KSPCB","23-09-2026 12:00:00",12.920984,77.584908,PM2.5,28,50,40
India,Karnataka,Bengaluru,"Jigani, Bengaluru - KSPCB","23-09-2026 12:00:00",12.7816279,77.6299145,PM10,NA,NA,NA
India,Karnataka,Bengaluru,"Jigani, Bengaluru - KSPCB","23-09-2026 12:00:00",12.7816279,77.6299145,NH3,NA,NA,NA
India,Karnataka,Bengaluru,"Jigani, Bengaluru - KSPCB","23-09-2026 12:00:00",12.7816279,77.6299145,CO,35,35,35
India,Karnataka,Bengaluru,"Bapuji Nagar, Bengaluru - KSPCB","23-09-2026 12:00:00",12.951913,77.539784,NO2,21,26,23
India,Karnataka,Bengaluru,"Silk Board, Bengaluru - KSPCB","23-09-2026 12:00:00",12.917348,77.622813,CO,29,52,44
India,Karnataka,Chamarajanagar,"Urban, Chamarajanagar - KSPCB","23-09-2026 12:00:00",11.55358,76.55521,PM2.5,24,31,29
India,Karnataka,Chamarajanagar,"Urban, Chamarajanagar - KSPCB","23-09-2026 12:00:00",11.55358,76.55521,NH3,1,2,2
India,Karnataka,Chamarajanagar,"Urban, Chamarajanagar - KSPCB","23-09-2026 12:00:00",11.55358,76.55521,SO2,3,4,4
India,Karnataka,Chikkaballapur,"Chikkaballapur Rural, Chikkaballapur - KSPCB","23-09-2026 12:00:00",13.428828,77.731418,NO2,2,5,4
India,Karnataka,Chikkaballapur,"Chikkaballapur Rural, Chikkaballapur - KSPCB","23-09-2026 12:00:00",13.428828,77.731418,CO,4,16,9
India,Karnataka,Chikkamagaluru,"Kalyana Nagara, Chikkamagaluru - KSPCB","23-09-2026 12:00:00",13.328028,75.797056,NO2,NA,NA,NA
India,Karnataka,Chikkamagaluru,"Kalyana Nagara, Chikkamagaluru - KSPCB","23-09-2026 12:00:00",13.328028,75.797056,NH3,NA,NA,NA
India,"Madhya Pradesh",Bhopal,"Paryavaran Parisar, Bhopal - MPPCB","23-09-2026 12:00:00",23.210494,77.425409,SO2,5,9,6
India,"Madhya Pradesh",Dewas,"Bhopal Chauraha, Dewas - MPPCB","23-09-2026 12:00:00",22.9682591,76.064118,CO,27,35,29
India,"Madhya Pradesh",Gwalior,"Maharaj Bada, Gwalior - MPPCB","23-09-2026 12:00:00",26.200388,78.147714,OZONE,20,71,48
India,"Madhya Pradesh",Gwalior,"City Center, Gwalior - MPPCB","23-09-2026 12:00:00",26.203442,78.193251,PM10,48,90,69
India,"Madhya Pradesh",Gwalior,"City Center, Gwalior - MPPCB","23-09-2026 12:00:00",26.203442,78.193251,CO,39,68,49
India,"Madhya Pradesh",Gwalior,"Deen Dayal Nagar, Gwalior - MPPCB","23-09-2026 12:00:00",26.259242,78.216432,PM10,58,159,104
India,"Madhya Pradesh",Gwalior,"Deen Dayal Nagar, Gwalior - MPPCB","23-09-2026 12:00:00",26.259242,78.216432,NH3,2,11,5
India,"Madhya Pradesh",Gwalior,"Deen Dayal Nagar, Gwalior - MPPCB","23-09-2026 12:00:00",26.259242,78.216432,SO2,9,13,11
India,"Madhya Pradesh",Indore,"Regional Park, Indore - IMC","23-09-2026 12:00:00",22.678,75.8559,OZONE,3,7,5
India,"Madhya Pradesh",Indore,"Airport Area, Indore - IMC","23-09-2026 12:00:00",22.7289,75.8076,PM10,2,113,71
India,"Madhya Pradesh",Indore,"Residency Area, Indore - IMC","23-09-2026 12:00:00",22.7084,75.8815,NO2,1,6,4
India,"Madhya Pradesh",Jabalpur,"Marhatal, Jabalpur - MPPCB","23-09-2026 12:00:00",23.168606,79.932247,OZONE,1,3,2
India,"Madhya Pradesh",Jabalpur,"Govindh Bhavan Colony, Jabalpur - JMC","23-09-2026 12:00:00",23.163174,79.973061,PM2.5,20,45,31
India,"Madhya Pradesh",Katni,"Gole Bazar, Katni - MPPCB","23-09-2026 12:00:00",23.50016,80.23284,NH3,1,2,1
India,"Madhya Pradesh",Katni,"Gole Bazar, Katni - MPPCB","23-09-2026 12:00:00",23.50016,80.23284,CO,31,39,36
India,"Madhya Pradesh",Maihar,"Sahilara, Maihar - KJS Cements","23-09-2026 12:00:00",24.2613009,80.7231783,PM2.5,NA,NA,NA
India,"Madhya Pradesh",Maihar,"Sahilara, Maihar - KJS Cements","23-09-2026 12:00:00",24.2613009,80.7231783,NH3,NA,NA,NA
India,"Madhya Pradesh",Pithampur,"Sector-2 Industrial Area, Pithampur - MPPCB","23-09-2026 12:00:00",22.624758,75.675238,CO,20,43,29
India,"Madhya Pradesh",Ratlam,"Shasthri Nagar, Ratlam - IPCA Lab","23-09-2026 12:00:00",23.331731,75.045981,NH3,NA,NA,NA
India,Maharashtra,Mumbai,"Navy Nagar-Colaba, Mumbai - IITM","23-09-2026 12:00:00",18.897756,72.81332,OZONE,12,39,23
India,Maharashtra,Mumbai,"Mulund West, Mumbai - MPCB","23-09-2026 12:00:00",19.175,72.9419,CO,10,10,10
India,Maharashtra,Mumbai,"Mulund West, Mumbai - MPCB","23-09-2026 12:00:00",19.175,72.9419,OZONE,NA,NA,NA
India,Maharashtra,Mumbai,"Bandra Kurla Complex, Mumbai - MPCB","23-09-2026 12:00:00",19.065931,72.862131,PM10,NA,NA,NA
India,Maharashtra,Mumbai,"Bandra Kurla Complex, Mumbai - MPCB","23-09-2026 12:00:00",19.065931,72.862131,NO2,NA,NA,NA
India,Maharashtra,Mumbai,"Bandra Kurla Complex, Mumbai - MPCB","23-09-2026 12:00:00",19.065931,72.862131,SO2,NA,NA,NA
India,Maharashtra,Mumbai,"Bandra Kurla Complex, Mumbai - MPCB","23-09-2026 12:00:00",19.065931,72.862131,OZONE,1,31,19
India,Maharashtra,Mumbai,"Shivaji Nagar, Mumbai - BMC","23-09-2026 12:00:00",19.060498,72.923356,NO2,15,33,23
India,Maharashtra,Mumbai,"Shivaji Nagar, Mumbai - BMC","23-09-2026 12:00:00",19.060498,72.923356,NH3,5,8,6
India,Maharashtra,Mumbai,"Shivaji Nagar, Mumbai - BMC","23-09-2026 12:00:00",19.060498,72.923356,CO,7,12,9
India,Maharashtra,Mumbai,"Shivaji Nagar, Mumbai - BMC","23-09-2026 12:00:00",19.060498,72.923356,OZONE,11,18,13
India,Maharashtra,Mumbai,"Sewri, Mumbai - BMC","23-09-2026 12:00:00",19.000084,72.85673,PM10,37,48,42
India,Maharashtra,Mumbai,"Khindipada-Bhandup West, Mumbai - IITM","23-09-2026 12:00:00",19.1653323,72.922099,NO2,20,26,23
India,Maharashtra,Mumbai,"Khindipada-Bhandup West, Mumbai - IITM","23-09-2026 12:00:00",19.1653323,72.922099,NH3,2,2,2
India,Maharashtra,Mumbai,"Kandivali West, Mumbai - BMC","23-09-2026 12:00:00",19.215859,72.831718,NO2,5,27,11
India,Maharashtra,Mumbai,"Kandivali West, Mumbai - BMC","23-09-2026 12:00:00",19.215859,72.831718,SO2,0,2,1
India,Maharashtra,Mumbai,"Chakala-Andheri East, Mumbai - IITM","23-09-2026 12:00:00",19.11074,72.86084,SO2,0,6,2
India,Maharashtra,Mumbai,"Kurla, Mumbai - MPCB","23-09-2026 12:00:00",19.0863,72.8888,OZONE,28,29,29
India,Maharashtra,Mumbai,"Bandra Kurla Complex, Mumbai - IITM","23-09-2026 12:00:00",19.053536,72.84643,PM10,NA,NA,NA
India,Maharashtra,Nashik,"MIDC Ambad, Nashik - MPCB","23-09-2026 12:00:00",19.95022,73.73148,PM10,59,97,73
India,Maharashtra,Nashik,"MIDC Ambad, Nashik - MPCB","23-09-2026 12:00:00",19.95022,73.73148,CO,12,19,16
India,Maharashtra,"Navi Mumbai","Kopripada-Vashi, Navi Mumbai - MPCB","23-09-2026 12:00:00",19.090337,73.014232,PM2.5,43,177,93
India,Maharashtra,"Navi Mumbai","Kopripada-Vashi, Navi Mumbai - MPCB","23-09-2026 12:00:00",19.090337,73.014232,NH3,0,5,2
India,Maharashtra,"Navi Mumbai","Nerul, Navi Mumbai - MPCB","23-09-2026 12:00:00",19.008751,73.01662,NO2,3,3,3
India,Maharashtra,"Navi Mumbai","Tondare-Taloja, Navi Mumbai - MPCB","23-09-2026 12:00:00",19.063,73.1209,PM2.5,40,62,49
India,Maharashtra,"Navi Mumbai","Tondare-Taloja, Navi Mumbai - MPCB","23-09-2026 12:00:00",19.063,73.1209,PM10,29,57,41
India,Maharashtra,"Navi Mumbai","Tondare-Taloja, Navi Mumbai - MPCB","23-09-2026 12:00:00",19.063,73.1209,OZONE,20,20,20
India,Maharashtra,"Navi Mumbai","Sector-2E Kalamboli, Navi Mumbai - MPCB","23-09-2026 12:00:00",19.02579,73.10297,PM2.5,29,64,42
India,Maharashtra,"Navi Mumbai","Sector-2E Kalamboli, Navi Mumbai - MPCB","23-09-2026 12:00:00",19.02579,73.10297,NO2,4,13,9
India,Maharashtra,"Navi Mumbai","Sector-2E Kalamboli, Navi Mumbai - MPCB","23-09-2026 12:00:00",19.02579,73.10297,SO2,4,6,6
India,Maharashtra,"Navi Mumbai","Sanpada, Navi Mumbai - MPCB","23-09-2026 12:00:00",19.0575752,73.0151367,PM2.5,NA,NA,NA
India,Maharashtra,"Navi Mumbai","Sanpada, Navi Mumbai - MPCB","23-09-2026 12:00:00",19.0575752,73.0151367,NO2,11,24,17
India,Maharashtra,"Navi Mumbai","Sanpada, Navi Mumbai - MPCB","23-09-2026 12:00:00",19.0575752,73.0151367,SO2,17,18,17
India,Maharashtra,Pimpri-Chinchwad,"Bhosari, Pune - IITM","23-09-2026 12:00:00",18.640051,73.848956,PM10,50,90,63
India,Maharashtra,Pimpri-Chinchwad,"Bhosari, Pune - IITM","23-09-2026 12:00:00",18.640051,73.848956,OZONE,9,35,18
India,Maharashtra,Pimpri-Chinchwad,"Gavalinagar, Pimpri Chinchwad - MPCB","23-09-2026 12:00:00",18.63673,73.82487,NO2,9,36,18
India,Maharashtra,Pimpri-Chinchwad,"Gavalinagar, Pimpri Chinchwad - MPCB","23-09-2026 12:00:00",18.63673,73.82487,NH3,0,2,0
India,Odisha,Barbil,"Forest Office, Barbil - OSPCB","23-09-2026 12:00:00",22.1166054,85.3945546,CO,8,23,19
India,Odisha,Baripada,"Meher Colony, Baripada - OSPCB","23-09-2026 12:00:00",21.941841,86.728318,OZONE,29,53,40
India,Odisha,Bhubaneswar,"Patia, Bhubaneswar - OSPCB","23-09-2026 12:00:00",20.34652,85.8163,PM10,6,43,27
India,Odisha,Bhubaneswar,"Patia, Bhubaneswar - OSPCB","23-09-2026 12:00:00",20.34652,85.8163,SO2,2,8,6
India,Odisha,Bileipada,"Tata Township, Bileipada - OSPCB","23-09-2026 12:00:00",22.06156703,85.47409613,PM2.5,8,34,14
India,Odisha,Bileipada,"Tata Township, Bileipada - OSPCB","23-09-2026 12:00:00",22.06156703,85.47409613,PM10,11,83,30
India,Odisha,Bileipada,"Tata Township, Bileipada - OSPCB","23-09-2026 12:00:00",22.06156703,85.47409613,OZONE,17,18,18
India,Odisha,Brajrajnagar,"GM Office, Brajrajnagar - OSPCB","23-09-2026 12:00:00",21.8004996,83.8396977,NH3,4,4,4
India,Odisha,Brajrajnagar,"GM Office, Brajrajnagar - OSPCB","23-09-2026 12:00:00",21.8004996,83.8396977,SO2,16,17,17
India,Odisha,Byasanagar,"Ferro Chrome Colony, Byasanagar - OSPCB","23-09-2026 12:00:00",20.94185,86.1151,SO2,3,7,5
India,Odisha,Cuttack,"CDA Area, Cuttack - OSPCB","23-09-2026 12:00:00",20.48891,85.84768,SO2,2,101,17
India,Odisha,Keonjhar,"Jagamohanpur, Keonjhar - OSPCB","23-09-2026 12:00:00",21.6439,85.599355,NO2,13,17,15
India,Odisha,Keonjhar,"Jagamohanpur, Keonjhar - OSPCB","23-09-2026 12:00:00",21.6439,85.599355,CO,44,46,45
India,Odisha,Nayagarh,"Dabuna, Nayagarh - OSPCB","23-09-2026 12:00:00",21.847279,85.416905,NO2,6,7,7
India,Odisha,Paradeep,"Nua Sandhakuda, Paradeep - OSPCB","23-09-2026 12:00:00",20.258828,86.665185,PM10,13,49,29
India,Maharashtra,Pune,"Mhada Colony, Pune - IITM","23-09-2026 12:00:00",18.57304,73.927715,PM10,56,109,82
India,Maharashtra,Pune,"Mhada Colony, Pune - IITM","23-09-2026 12:00:00",18.57304,73.927715,SO2,NA,NA,NA
India,Maharashtra,Pune,"Mhada Colony, Pune - IITM","23-09-2026 12:00:00",18.57304,73.927715,CO,46,78,57
India,Maharashtra,Pune,"Dhankawadi, Pune - IITM","23-09-2026 12:00:00",18.459883,73.852193,PM2.5,22,58,40
India,Maharashtra,Pune,"Dhankawadi, Pune - IITM","23-09-2026 12:00:00",18.459883,73.852193,PM10,39,93,59
India,Maharashtra,Pune,"Dhankawadi, Pune - IITM","23-09-2026 12:00:00",18.459883,73.852193,NO2,11,17,14
India,Maharashtra,Pune,"Dhankawadi, Pune - IITM","23-09-2026 12:00:00",18.459883,73.852193,SO2,NA,NA,NA
India,Maharashtra,Sangli,"Vijay Nagar, Sangli - MPCB","23-09-2026 12:00:00",16.5038,74.3623,NH3,1,8,3
India,Maharashtra,Solapur,"Ratandeep Housing Society, Solapur - MPCB","23-09-2026 12:00:00",17.65439,75.90649,OZONE,13,48,26
India,Maharashtra,Solapur,"Dnyaneshwar Nagar, Solapur - MPCB","23-09-2026 12:00:00",17.6336264,75.9132495,PM2.5,22,45,32
India,Maharashtra,Thane,"Kasarvadavali, Thane - MPCB","23-09-2026 12:00:00",19.26777,72.97182,PM10,63,106,77
India,Maharashtra,Thane,"Kasarvadavali, Thane - MPCB","23-09-2026 12:00:00",19.26777,72.97182,CO,51,63,56
India,Maharashtra,Thane,"Upvan Fort, Thane - MPCB","23-09-2026 12:00:00",19.222279,72.957979,PM2.5,14,62,34
India,Maharashtra,Thane,"Upvan Fort, Thane - MPCB","23-09-2026 12:00:00",19.222279,72.957979,NO2,3,22,10
India,Maharashtra,Pimpri-Chinchwad,"Bhumkar Nagar, Pune - IITM","23-09-2026 12:00:00",18.60577,73.749976,NH3,NA,NA,NA
India,Maharashtra,Pimpri-Chinchwad,"Park Street Wakad, Pimpri Chinchwad - MPCB","23-09-2026 12:00:00",18.59051,73.77946,PM2.5,13,73,36
India,Maharashtra,Pimpri-Chinchwad,"Park Street Wakad, Pimpri Chinchwad - MPCB","23-09-2026 12:00:00",18.59051,73.77946,PM10,20,109,55
India,Maharashtra,Pimpri-Chinchwad,"Park Street Wakad, Pimpri Chinchwad - MPCB","23-09-2026 12:00:00",18.59051,73.77946,NO2,8,42,26
India,Maharashtra,Pimpri-Chinchwad,"Park Street Wakad, Pimpri Chinchwad - MPCB","23-09-2026 12:00:00",18.59051,73.77946,CO,12,24,19
India,Maharashtra,Pimpri-Chinchwad,"Park Street Wakad, Pimpri Chinchwad - MPCB","23-09-2026 12:00:00",18.59051,73.77946,OZONE,6,41,19
India,Maharashtra,Pimpri-Chinchwad,"Savta Mali Nagar, Pimpri-Chinchwad - IITM","23-09-2026 12:00:00",18.614767,73.799516,PM2.5,12,16,14
India,Maharashtra,Pimpri-Chinchwad,"Savta Mali Nagar, Pimpri-Chinchwad - IITM","23-09-2026 12:00:00",18.614767,73.799516,NO2,20,45,26
India,Maharashtra,Pimpri-Chinchwad,"Savta Mali Nagar, Pimpri-Chinchwad - IITM","23-09-2026 12:00:00",18.614767,73.799516,CO,17,36,24
India,Maharashtra,Pimpri-Chinchwad,"Transport Nagar-Nigdi, Pune - IITM","23-09-2026 12:00:00",18.664282,73.763966,PM10,45,96,69
India,Maharashtra,Pune,"Panchawati_Pashan, Pune - IITM","23-09-2026 12:00:00",18.536457,73.805454,OZONE,10,38,20
India,Maharashtra,Pune,"Hadapsar, Pune - IITM","23-09-2026 12:00:00",18.501793,73.927532,NH3,NA,NA,NA
India,Maharashtra,Pune,"Revenue Colony-Shivajinagar, Pune - IITM","23-09-2026 12:00:00",18.530085,73.849598,SO2,2,22,10
India,Maharashtra,Ulhasnagar,"Sidhi Vinayak Nagar, Ulhasnagar - MPCB","23-09-2026 12:00:00",19.235581,73.159121,PM10,55,103,83
India,Maharashtra,Ulhasnagar,"Vithalwadi, Ulhasnagar - MPCB","23-09-2026 12:00:00",19.2307571,73.155192,CO,10,17,13
India,Maharashtra,Virar,"Bolinj, Virar - MPCB","23-09-2026 12:00:00",19.445821,72.7988231,NO2,5,40,13
India,Maharashtra,Virar,"Bolinj, Virar - MPCB","23-09-2026 12:00:00",19.445821,72.7988231,OZONE,20,21,20
India,Meghalaya,Shillong,"Lumpyngngad, Shillong - Meghalaya PCB","23-09-2026 12:00:00",25.5586,91.8985,CO,8,20,13
India,Mizoram,Aizawl,"Sikulpuikawn, Aizawl - Mizoram PCB","23-09-2026 12:00:00",23.7176342,92.7192841,PM10,1,35,12
India,Nagaland,Kohima,"PWD Junction, Kohima - NPCB","23-09-2026 12:00:00",25.6635413,94.0989878,PM2.5,NA,NA,NA
India,Nagaland,Kohima,"PWD Junction, Kohima - NPCB","23-09-2026 12:00:00",25.6635413,94.0989878,NO2,NA,NA,NA
India,Nagaland,Kohima,"PWD Junction, Kohima - NPCB","23-09-2026 12:00:00",25.6635413,94.0989878,NH3,NA,NA,NA
India,Nagaland,Kohima,"PWD Junction, Kohima - NPCB","23-09-2026 12:00:00",25.6635413,94.0989878,SO2,NA,NA,NA
India,Nagaland,Kohima,"PWD Junction, Kohima - NPCB","23-09-2026 12:00:00",25.6635413,94.0989878,CO,3,3,3
India,Odisha,Balasore,"Kalidaspur, Balasore - OSPCB","23-09-2026 12:00:00",21.51161,86.89088,PM10,9,28,16
India,Maharashtra,Mumbai,"Borivali East, Mumbai - MPCB","23-09-2026 12:00:00",19.2243333,72.8658113,NO2,10,10,10
India,Maharashtra,Mumbai,"Deonar, Mumbai - IITM","23-09-2026 12:00:00",19.04946,72.923,NH3,6,6,6
India,Maharashtra,Nagpur,"Ram Nagar, Nagpur - MPCB","23-09-2026 12:00:00",21.143383,79.048912,PM2.5,NA,NA,NA
India,Maharashtra,Nagpur,"Ram Nagar, Nagpur - MPCB","23-09-2026 12:00:00",21.143383,79.048912,SO2,2,17,7
India,Maharashtra,Nagpur,"Ambazari, Nagpur - MPCB","23-09-2026 12:00:00",21.121801,79.04952,OZONE,11,27,18
India,Maharashtra,Nanded,"Sneh Nagar, Nanded - MPCB","23-09-2026 12:00:00",19.173852,77.296291,NH3,2,5,3
India,Maharashtra,Nanded,"Sneh Nagar, Nanded - MPCB","23-09-2026 12:00:00",19.173852,77.296291,CO,20,24,23
India,Maharashtra,Nashik,"Gangapur Road, Nashik - MPCB","23-09-2026 12:00:00",20.0073285,73.7762427,PM2.5,28,53,38
India,Maharashtra,Nashik,"Gangapur Road, Nashik - MPCB","23-09-2026 12:00:00",20.0073285,73.7762427,PM10,30,57,41
India,Maharashtra,Nashik,"Gangapur Road, Nashik - MPCB","23-09-2026 12:00:00",20.0073285,73.7762427,NO2,5,5,5
India,Maharashtra,Nashik,"Gangapur Road, Nashik - MPCB","23-09-2026 12:00:00",20.0073285,73.7762427,OZONE,29,50,37
India,Maharashtra,Nashik,"Hirawadi, Nashik - MPCB","23-09-2026 12:00:00",20.021503,73.813844,NO2,0,7,1
India,Maharashtra,Nashik,"Hirawadi, Nashik - MPCB","23-09-2026 12:00:00",20.021503,73.813844,NH3,2,4,2
India,Maharashtra,Mumbai,"Bandra Kurla Complex, Mumbai - IITM","23-09-2026 12:00:00",19.053536,72.84643,CO,14,56,37
India,Maharashtra,Mumbai,"Byculla, Mumbai - BMC","23-09-2026 12:00:00",18.9767,72.838,NH3,1,6,2
India,Maharashtra,Mumbai,"Siddharth Nagar-Worli, Mumbai - IITM","23-09-2026 12:00:00",19.000083,72.813993,PM10,16,70,34
India,Maharashtra,Mumbai,"Siddharth Nagar-Worli, Mumbai - IITM","23-09-2026 12:00:00",19.000083,72.813993,SO2,NA,NA,NA
India,Maharashtra,Mumbai,"Worli, Mumbai - MPCB","23-09-2026 12:00:00",18.9936162,72.8128113,SO2,0,15,5
India,Maharashtra,Mumbai,"Worli, Mumbai - MPCB","23-09-2026 12:00:00",18.9936162,72.8128113,OZONE,3,13,8
India,Maharashtra,Mumbai,"Mazgaon, Mumbai - IITM","23-09-2026 12:00:00",18.96702,72.84214,PM2.5,14,55,29
India,Maharashtra,Mumbai,"Mazgaon, Mumbai - IITM","23-09-2026 12:00:00",18.96702,72.84214,PM10,30,58,44
India,Maharashtra,Mumbai,"Mazgaon, Mumbai - IITM","23-09-2026 12:00:00",18.96702,72.84214,OZONE,11,25,16
India,Maharashtra,Mumbai,"Ghatkopar, Mumbai - BMC","23-09-2026 12:00:00",19.083694,72.920967,PM2.5,39,92,62
India,Maharashtra,Mumbai,"Chembur, Mumbai - MPCB","23-09-2026 12:00:00",19.0364585,72.8954371,NO2,7,18,12
India,Maharashtra,Mumbai,"Borivali East, Mumbai - MPCB","23-09-2026 12:00:00",19.2243333,72.8658113,PM2.5,32,57,40
India,Maharashtra,Kalyan,"Khadakpada, Kalyan - MPCB","23-09-2026 12:00:00",19.25292,73.142019,PM2.5,26,98,56
India,Maharashtra,Kolhapur,"Shivaji University, Kolhapur - MPCB","23-09-2026 12:00:00",16.6870449,74.2505872,PM2.5,8,34,18
India,Maharashtra,Kolhapur,"Shivaji University, Kolhapur - MPCB","23-09-2026 12:00:00",16.6870449,74.2505872,OZONE,13,20,15
India,Maharashtra,Kolhapur,"Sinchan Bhavan, Kolhapur - MPCB","23-09-2026 12:00:00",16.7143745,74.2426398,PM10,24,42,30
India,Maharashtra,Kolhapur,"Sinchan Bhavan, Kolhapur - MPCB","23-09-2026 12:00:00",16.7143745,74.2426398,NH3,1,3,1
India,Maharashtra,Malegaon,"Mahesh Nagar, Malegaon - MPCB","23-09-2026 12:00:00",20.555712,74.529236,PM10,58,128,102
India,Maharashtra,Malegaon,"Mahesh Nagar, Malegaon - MPCB","23-09-2026 12:00:00",20.555712,74.529236,NH3,1,1,1
India,Maharashtra,Malegaon,"Mahesh Nagar, Malegaon - MPCB","23-09-2026 12:00:00",20.555712,74.529236,SO2,3,5,4
India,Maharashtra,Mira-Bhayandar,"Bhayandar West, Mira-Bhayandar - MPCB","23-09-2026 12:00:00",19.296481,72.840923,SO2,1,4,2
India,Maharashtra,Mumbai,"Chhatrapati Shivaji Intl. Airport (T2), Mumbai - MPCB","23-09-2026 12:00:00",19.10078,72.87462,PM2.5,16,36,27
India,Maharashtra,Mumbai,"Chhatrapati Shivaji Intl. Airport (T2), Mumbai - MPCB","23-09-2026 12:00:00",19.10078,72.87462,NH3,1,1,1
India,Rajasthan,Kota,"Nayapura, Kota - RSPCB","23-09-2026 12:00:00",25.196024,75.855668,PM10,70,151,99
India,Rajasthan,Kota,"Nayapura, Kota - RSPCB","23-09-2026 12:00:00",25.196024,75.855668,CO,8,38,18
India,Rajasthan,Kota,"Shrinath Puram, Kota - RSPCB","23-09-2026 12:00:00",25.14389,75.821256,PM2.5,NA,NA,NA
India,Rajasthan,Kota,"Shrinath Puram, Kota - RSPCB","23-09-2026 12:00:00",25.14389,75.821256,SO2,4,15,7
India,Rajasthan,Kota,"Shrinath Puram, Kota - RSPCB","23-09-2026 12:00:00",25.14389,75.821256,CO,51,73,61
India,Rajasthan,Nagaur,"Karni Colony, Nagaur - RSPCB","23-09-2026 12:00:00",27.213494,73.734444,PM10,71,292,147
India,Rajasthan,Pali,"Indira Colony Vistar, Pali - RSPCB","23-09-2026 12:00:00",25.771061,73.340227,NH3,4,10,7
India,Rajasthan,Pali,"Indira Colony Vistar, Pali - RSPCB","23-09-2026 12:00:00",25.771061,73.340227,CO,9,57,34
India,Rajasthan,Pali,"Indira Colony Vistar, Pali - RSPCB","23-09-2026 12:00:00",25.771061,73.340227,OZONE,8,36,20
India,Rajasthan,Pratapgarh,"Pragati Nagar, Pratapgarh - RSPCB","23-09-2026 12:00:00",24.041198,74.780702,NH3,4,6,5
India,Rajasthan,Rajsamand,"Dhoinda, Rajsamand - RSPCB","23-09-2026 12:00:00",25.03636,73.883502,NO2,NA,NA,NA
India,Rajasthan,Rajsamand,"Dhoinda, Rajsamand - RSPCB","23-09-2026 12:00:00",25.03636,73.883502,SO2,NA,NA,NA
India,Rajasthan,Rajsamand,"Dhoinda, Rajsamand - RSPCB","23-09-2026 12:00:00",25.03636,73.883502,OZONE,27,51,44
India,Rajasthan,"Sawai Madhopur","Sahu Nagar, Sawai Madhopur - RSPCB","23-09-2026 12:00:00",26.031443,76.359327,SO2,1,11,5
India,Rajasthan,Sikar,"Radhakishan Pura, Sikar - RSPCB","23-09-2026 12:00:00",27.608912,75.153302,PM2.5,28,173,66
India,Rajasthan,Sikar,"Radhakishan Pura, Sikar - RSPCB","23-09-2026 12:00:00",27.608912,75.153302,CO,26,30,28
India,Rajasthan,Sirohi,"Vedhaynath Colony, Sirohi - RSPCB","23-09-2026 12:00:00",24.885261,72.857549,PM10,48,124,66
India,Rajasthan,Sirohi,"Vedhaynath Colony, Sirohi - RSPCB","23-09-2026 12:00:00",24.885261,72.857549,NH3,2,5,3
India,Rajasthan,Sirohi,"Vedhaynath Colony, Sirohi - RSPCB","23-09-2026 12:00:00",24.885261,72.857549,CO,8,27,15
India,Telangana,Hyderabad,"Zoo Park, Hyderabad - TSPCB","23-09-2026 12:00:00",17.349694,78.451437,PM10,8,68,34
India,Telangana,Hyderabad,"Zoo Park, Hyderabad - TSPCB","23-09-2026 12:00:00",17.349694,78.451437,SO2,1,1,1
India,Telangana,Hyderabad,"Zoo Park, Hyderabad - TSPCB","23-09-2026 12:00:00",17.349694,78.451437,OZONE,3,3,3
India,Telangana,Hyderabad,"ECIL Kapra, Hyderabad - TSPCB","23-09-2026 12:00:00",17.470431,78.566959,PM2.5,33,79,46
India,Telangana,Hyderabad,"Kokapet, Hyderabad - TSPCB","23-09-2026 12:00:00",17.393559,78.339194,NH3,2,4,3
India,Telangana,Hyderabad,"New Malakpet, Hyderabad - TSPCB","23-09-2026 12:00:00",17.37206,78.50864,SO2,6,15,9
India,Telangana,Hyderabad,"Central University, Hyderabad - TSPCB","23-09-2026 12:00:00",17.460103,78.334361,PM2.5,2,52,20
India,Telangana,Hyderabad,"Central University, Hyderabad - TSPCB","23-09-2026 12:00:00",17.460103,78.334361,SO2,1,13,8
India,Telangana,Hyderabad,"Central University, Hyderabad - TSPCB","23-09-2026 12:00:00",17.460103,78.334361,CO,18,24,21
India,Telangana,Hyderabad,"IITH Kandi, Hyderabad - TSPCB","23-09-2026 12:00:00",17.585705,78.126199,PM2.5,NA,NA,NA
India,Telangana,Hyderabad,"IITH Kandi, Hyderabad - TSPCB","23-09-2026 12:00:00",17.585705,78.126199,OZONE,26,26,26
India,Telangana,Hyderabad,"Nacharam_TSIIC IALA, Hyderabad - TSPCB","23-09-2026 12:00:00",17.429398,78.569354,PM10,48,64,56
India,Telangana,Hyderabad,"Nacharam_TSIIC IALA, Hyderabad - TSPCB","23-09-2026 12:00:00",17.429398,78.569354,NO2,13,16,14
India,Telangana,Hyderabad,"Nacharam_TSIIC IALA, Hyderabad - TSPCB","23-09-2026 12:00:00",17.429398,78.569354,OZONE,23,24,24
India,Telangana,Hyderabad,"ICRISAT Patancheru, Hyderabad - TSPCB","23-09-2026 12:00:00",17.5184,78.278777,PM2.5,10,107,48
India,Telangana,Hyderabad,"ICRISAT Patancheru, Hyderabad - TSPCB","23-09-2026 12:00:00",17.5184,78.278777,NO2,8,23,15
India,Telangana,Hyderabad,"IDA Pashamylaram, Hyderabad - TSPCB","23-09-2026 12:00:00",17.5316895,78.218939,NO2,1,13,10
India,Telangana,Hyderabad,"IDA Pashamylaram, Hyderabad - TSPCB","23-09-2026 12:00:00",17.5316895,78.218939,CO,16,16,16
India,Rajasthan,Jalore,"Mudtra Sili, Jalore - RSPCB","23-09-2026 12:00:00",25.344694,72.626208,PM10,NA,NA,NA
India,Rajasthan,Jalore,"Mudtra Sili, Jalore - RSPCB","23-09-2026 12:00:00",25.344694,72.626208,NO2,NA,NA,NA
India,Rajasthan,Jalore,"Mudtra Sili, Jalore - RSPCB","23-09-2026 12:00:00",25.344694,72.626208,NH3,NA,NA,NA
India,Rajasthan,Jodhpur,"Collectorate, Jodhpur - RSPCB","23-09-2026 12:00:00",26.268249,73.0193853,NO2,19,49,30
India,Rajasthan,Jodhpur,"Collectorate, Jodhpur - RSPCB","23-09-2026 12:00:00",26.268249,73.0193853,CO,7,52,19
India,Rajasthan,Jodhpur,"Jhalamand, Jodhpur - RSPCB","23-09-2026 12:00:00",26.215415,73.070156,PM2.5,12,243,84
India,Rajasthan,Jodhpur,"Jhalamand, Jodhpur - RSPCB","23-09-2026 12:00:00",26.215415,73.070156,NO2,8,118,45
India,Rajasthan,Jodhpur,"Jhalamand, Jodhpur - RSPCB","23-09-2026 12:00:00",26.215415,73.070156,SO2,1,4,3
India,Rajasthan,Jodhpur,"Samrat Ashok Udhyan, Jodhpur - RSPCB","23-09-2026 12:00:00",26.253384,72.976571,NO2,4,110,29
India,Rajasthan,Jodhpur,"Samrat Ashok Udhyan, Jodhpur - RSPCB","23-09-2026 12:00:00",26.253384,72.976571,NH3,NA,NA,NA
India,Rajasthan,Jodhpur,"Samrat Ashok Udhyan, Jodhpur - RSPCB","23-09-2026 12:00:00",26.253384,72.976571,OZONE,34,81,56
India,Rajasthan,Jodhpur,"Mandor, Jodhpur - RSPCB","23-09-2026 12:00:00",26.358805,73.047444,NH3,3,16,7
India,Rajasthan,Jodhpur,"Mandor, Jodhpur - RSPCB","23-09-2026 12:00:00",26.358805,73.047444,SO2,3,15,7
India,Rajasthan,Jodhpur,"Mandor, Jodhpur - RSPCB","23-09-2026 12:00:00",26.358805,73.047444,OZONE,14,79,50
India,Rajasthan,Jodhpur,"Digari Kalan, Jodhpur - RSPCB","23-09-2026 12:00:00",26.29581,73.082283,PM2.5,35,133,71
India,Rajasthan,Jodhpur,"Digari Kalan, Jodhpur - RSPCB","23-09-2026 12:00:00",26.29581,73.082283,OZONE,24,114,61
India,Rajasthan,Karauli,"Satyawati Vihar, Karauli - RSPCB","23-09-2026 12:00:00",26.506177,77.025989,NH3,9,17,12
India,Rajasthan,Karauli,"Satyawati Vihar, Karauli - RSPCB","23-09-2026 12:00:00",26.506177,77.025989,CO,7,24,16
India,Rajasthan,"Sri Ganganagar","Old City, Sri Ganganagar - RSPCB","23-09-2026 12:00:00",29.931624,73.864511,PM10,70,480,179
India,Rajasthan,Tonk,"Shastri Nagar, Tonk - RSPCB","23-09-2026 12:00:00",26.159933,75.780517,CO,1,110,31
India,Rajasthan,Tonk,"Shastri Nagar, Tonk - RSPCB","23-09-2026 12:00:00",26.159933,75.780517,OZONE,29,118,66
India,"Tamil Nadu",Chennai,"Manali Village, Chennai - TNPCB","23-09-2026 12:00:00",13.1662,80.2584,PM2.5,21,76,42
India,"Tamil Nadu",Chennai,"Manali Village, Chennai - TNPCB","23-09-2026 12:00:00",13.1662,80.2584,NO2,1,24,19
India,"Tamil Nadu",Chennai,"Manali Village, Chennai - TNPCB","23-09-2026 12:00:00",13.1662,80.2584,NH3,1,5,2
India,"Tamil Nadu",Chennai,"Manali Village, Chennai - TNPCB","23-09-2026 12:00:00",13.1662,80.2584,SO2,11,13,12
India,"Tamil Nadu",Chennai,"Manali, Chennai - CPCB","23-09-2026 12:00:00",13.164544,80.26285,SO2,4,63,18
India,"Tamil Nadu",Chennai,"Manali, Chennai - CPCB","23-09-2026 12:00:00",13.164544,80.26285,OZONE,10,14,11
India,"Tamil Nadu",Chennai,"Velachery Res. Area, Chennai - CPCB","23-09-2026 12:00:00",13.0052189,80.2398125,NO2,NA,NA,NA
India,"Tamil Nadu",Chennai,"Velachery Res. Area, Chennai - CPCB","23-09-2026 12:00:00",13.0052189,80.2398125,SO2,5,7,6
India,"Tamil Nadu",Madurai,"Uchapatti, Madurai - TNPCB","23-09-2026 12:00:00",9.865935,78.022669,PM10,NA,NA,NA
India,"Tamil Nadu",Madurai,"Uchapatti, Madurai - TNPCB","23-09-2026 12:00:00",9.865935,78.022669,NH3,NA,NA,NA
India,Telangana,Hyderabad,"Ramachandrapuram, Hyderabad - TSPCB","23-09-2026 12:00:00",17.528544,78.286195,PM2.5,26,47,31
India,Punjab,Jalandhar,"Civil Line, Jalandhar - PPCB","23-09-2026 12:00:00",31.321907,75.578914,NO2,43,52,48
India,Punjab,Khanna,"Kalal Majra, Khanna - PPCB","23-09-2026 12:00:00",30.736056,76.209694,PM10,49,83,65
India,Punjab,Khanna,"Kalal Majra, Khanna - PPCB","23-09-2026 12:00:00",30.736056,76.209694,OZONE,13,28,22
India,Punjab,Ludhiana,"Punjab Agricultural University, Ludhiana - PPCB","23-09-2026 12:00:00",30.9028,75.8086,NO2,13,124,48
India,Punjab,Patiala,"Model Town, Patiala - PPCB","23-09-2026 12:00:00",30.349388,76.366642,PM2.5,35,78,48
India,Punjab,Patiala,"Model Town, Patiala - PPCB","23-09-2026 12:00:00",30.349388,76.366642,PM10,69,124,88
India,Punjab,Patiala,"Model Town, Patiala - PPCB","23-09-2026 12:00:00",30.349388,76.366642,SO2,18,32,24
India,Punjab,Patiala,"Model Town, Patiala - PPCB","23-09-2026 12:00:00",30.349388,76.366642,CO,19,40,27
India,Punjab,Rupnagar,"Ratanpura, Rupnagar - Ambuja Cements","23-09-2026 12:00:00",31.0325454,76.5623046,NH3,NA,NA,NA
India,Punjab,Rupnagar,"Ratanpura, Rupnagar - Ambuja Cements","23-09-2026 12:00:00",31.0325454,76.5623046,SO2,8,15,12
India,Rajasthan,Alwar,"Vigyan Nagar, Alwar - RSPCB","23-09-2026 12:00:00",27.598796,76.63861,NO2,10,35,16
India,Rajasthan,Alwar,"Vigyan Nagar, Alwar - RSPCB","23-09-2026 12:00:00",27.598796,76.63861,NH3,12,23,16
India,Rajasthan,Alwar,"Moti Doongri, Alwar - RSPCB","23-09-2026 12:00:00",27.554793,76.611536,PM10,54,109,74
India,Rajasthan,Alwar,"Moti Doongri, Alwar - RSPCB","23-09-2026 12:00:00",27.554793,76.611536,SO2,20,40,26
India,Rajasthan,Barmer,"Railway Colony, Barmer - RSPCB","23-09-2026 12:00:00",25.747299,71.393989,PM10,64,129,82
India,Rajasthan,Bhilwara,"Pratap Nagar, Bhilwara - RSPCB","23-09-2026 12:00:00",25.339605,74.618883,NO2,10,85,26
India,Rajasthan,Bhilwara,"Pratap Nagar, Bhilwara - RSPCB","23-09-2026 12:00:00",25.339605,74.618883,OZONE,19,62,37
India,Rajasthan,Bhiwadi,"Vasundhara Nagar_UIT, Bhiwadi - RSPCB","23-09-2026 12:00:00",28.207266,76.829265,PM2.5,28,176,68
India,Rajasthan,Bhiwadi,"RIICO Ind. Area III, Bhiwadi - RSPCB","23-09-2026 12:00:00",28.194909,76.862296,PM2.5,88,264,166
India,Rajasthan,Bhiwadi,"RIICO Ind. Area III, Bhiwadi - RSPCB","23-09-2026 12:00:00",28.194909,76.862296,NO2,15,38,24
India,Rajasthan,Bikaner,"MM Ground, Bikaner - RSPCB","23-09-2026 12:00:00",28.018792,73.292658,PM2.5,31,206,69
India,Rajasthan,Bikaner,"MM Ground, Bikaner - RSPCB","23-09-2026 12:00:00",28.018792,73.292658,PM10,74,405,156
India,Rajasthan,Bikaner,"MM Ground, Bikaner - RSPCB","23-09-2026 12:00:00",28.018792,73.292658,NO2,25,114,50
India,Rajasthan,Bikaner,"MM Ground, Bikaner - RSPCB","23-09-2026 12:00:00",28.018792,73.292658,NH3,6,10,8
India,Rajasthan,Bikaner,"MM Ground, Bikaner - RSPCB","23-09-2026 12:00:00",28.018792,73.292658,CO,29,72,54
India,Rajasthan,Bundi,"New Colony, Bundi - RSPCB","23-09-2026 12:00:00",25.435774,75.644272,PM2.5,58,123,79
India,Rajasthan,Bundi,"New Colony, Bundi - RSPCB","23-09-2026 12:00:00",25.435774,75.644272,PM10,58,149,86
India,Rajasthan,Chittorgarh,"Shastri Nagar, Chittorgarh - RSPCB","23-09-2026 12:00:00",24.892047,74.623527,NH3,6,12,9
India,Tripura,Agartala,"Bardowali, Agartala - Tripura SPCB","23-09-2026 12:00:00",23.8175497,91.2726974,NO2,13,13,13
India,Tripura,Agartala,"Bardowali, Agartala - Tripura SPCB","23-09-2026 12:00:00",23.8175497,91.2726974,NH3,NA,NA,NA
India,Tripura,Agartala,"Bardowali, Agartala - Tripura SPCB","23-09-2026 12:00:00",23.8175497,91.2726974,CO,25,28,27
India,"Uttar Pradesh",Agra,"Sanjay Palace, Agra - UPPCB","23-09-2026 12:00:00",27.19865833,78.00598056,PM10,77,148,112
India,"Uttar Pradesh",Agra,"Sanjay Palace, Agra - UPPCB","23-09-2026 12:00:00",27.19865833,78.00598056,NO2,16,18,16
India,"Uttar Pradesh",Agra,"Sector-3B Avas Vikas Colony, Agra - UPPCB","23-09-2026 12:00:00",27.19412,77.96237,SO2,25,26,26
India,"Uttar Pradesh",Agra,"Sector-3B Avas Vikas Colony, Agra - UPPCB","23-09-2026 12:00:00",27.19412,77.96237,OZONE,15,37,19
India,"Uttar Pradesh",Agra,"Shahjahan Garden, Agra - UPPCB","23-09-2026 12:00:00",27.169338,78.03582,NH3,1,1,1
India,"Uttar Pradesh",Baghpat,"Sardar Patel Inter College, Baghpat - UPPCB","23-09-2026 12:00:00",28.964949,77.278761,SO2,11,25,15
India,"Uttar Pradesh",Baraut,"Nagar Palika Parishad, Baraut - UPPCB","23-09-2026 12:00:00",29.09956,77.26235,PM2.5,92,218,144
India,Rajasthan,Dausa,"Khatikan Mohalla, Dausa - RSPCB","23-09-2026 12:00:00",26.895552,76.334753,CO,14,40,30
India,Rajasthan,Dungarpur,"Bhoiwada, Dungarpur - RSPCB","23-09-2026 12:00:00",23.837789,73.714926,NO2,10,18,12
India,Rajasthan,Dungarpur,"Bhoiwada, Dungarpur - RSPCB","23-09-2026 12:00:00",23.837789,73.714926,OZONE,12,46,28
India,Rajasthan,Jaipur,"Adarsh Nagar, Jaipur - RSPCB","23-09-2026 12:00:00",26.902909,75.836858,NO2,13,60,31
India,Rajasthan,Jaipur,"Adarsh Nagar, Jaipur - RSPCB","23-09-2026 12:00:00",26.902909,75.836858,SO2,11,32,21
India,Rajasthan,Jaipur,"Mansarovar Sector-12, Jaipur - RSPCB","23-09-2026 12:00:00",26.843698,75.766894,PM10,86,228,123
India,Rajasthan,Jaipur,"Mansarovar Sector-12, Jaipur - RSPCB","23-09-2026 12:00:00",26.843698,75.766894,SO2,1,5,3
India,Rajasthan,Jaipur,"Police Commissionerate, Jaipur - RSPCB","23-09-2026 12:00:00",26.9164092,75.7994901,OZONE,36,53,42
India,Rajasthan,Jaipur,"Sector-2 Murlipura, Jaipur - RSPCB","23-09-2026 12:00:00",26.960669,75.771817,OZONE,20,74,44
India,Odisha,Rairangpur,"Divisional Forest Office, Rairangpur - OSPCB","23-09-2026 12:00:00",22.265816,86.174829,OZONE,4,7,6
India,Odisha,Rourkela,"Raghunathpali, Rourkela - OSPCB","23-09-2026 12:00:00",22.220833,84.809444,PM10,NA,NA,NA
India,Odisha,Rourkela,"Raghunathpali, Rourkela - OSPCB","23-09-2026 12:00:00",22.220833,84.809444,SO2,NA,NA,NA
India,Odisha,Rourkela,"Sector-2, Rourkela - OSPCB","23-09-2026 12:00:00",22.245,84.88111111,NH3,NA,NA,NA
India,Odisha,Talcher,"Talcher Coalfields,Talcher - OSPCB","23-09-2026 12:00:00",20.9360711,85.1707021,NO2,10,10,10
India,Odisha,Talcher,"Talcher Coalfields,Talcher - OSPCB","23-09-2026 12:00:00",20.9360711,85.1707021,NH3,4,4,4
India,Punjab,Amritsar,"Golden Temple, Amritsar - PPCB","23-09-2026 12:00:00",31.62,74.876512,CO,18,28,25
India,Punjab,Bathinda,"Hardev Nagar, Bathinda - PPCB","23-09-2026 12:00:00",30.233011,74.907758,PM2.5,4,124,51
India,"Uttar Pradesh",Ghaziabad,"Govindpuram, Ghaziabad - UPPCB","23-09-2026 12:00:00",28.694528,77.494705,OZONE,7,80,26
India,"Uttar Pradesh",Ghaziabad,"Wave City, Ghaziabad - UPPCB","23-09-2026 12:00:00",28.646675,77.489049,NO2,16,29,22
India,"Uttar Pradesh",Ghaziabad,"Wave City, Ghaziabad - UPPCB","23-09-2026 12:00:00",28.646675,77.489049,NH3,NA,NA,NA
India,"Uttar Pradesh",Ghaziabad,"Loni, Ghaziabad - UPPCB","23-09-2026 12:00:00",28.757294,77.278792,NO2,19,69,44
India,"Uttar Pradesh",Ghaziabad,"Loni, Ghaziabad - UPPCB","23-09-2026 12:00:00",28.757294,77.278792,SO2,11,18,15
India,"Uttar Pradesh",Ghaziabad,"Loni, Ghaziabad - UPPCB","23-09-2026 12:00:00",28.757294,77.278792,CO,53,71,63
India,"Uttar Pradesh",Ghaziabad,"Vasundhara, Ghaziabad - UPPCB","23-09-2026 12:00:00",28.6603346,77.3572563,PM10,140,243,176
India,"Uttar Pradesh",Ghaziabad,"Vasundhara, Ghaziabad - UPPCB","23-09-2026 12:00:00",28.6603346,77.3572563,SO2,13,101,25
India,"Uttar Pradesh",Ghaziabad,"Sanjay Nagar, Ghaziabad - UPPCB","23-09-2026 12:00:00",28.685382,77.453839,PM2.5,63,148,103
India,"Uttar Pradesh",Ghaziabad,"Sanjay Nagar, Ghaziabad - UPPCB","23-09-2026 12:00:00",28.685382,77.453839,NH3,6,13,9
India,"Uttar Pradesh",Gorakhpur,"Madan Mohan Malaviya University of Technology, Gorakhpur - UPPCB","23-09-2026 12:00:00",26.730136,83.433859,NO2,11,12,11
India,"Uttar Pradesh","Greater Noida","Knowledge Park - V, Greater Noida - UPPCB","23-09-2026 12:00:00",28.557054,77.453663,PM10,101,306,159
India,"Uttar Pradesh","Greater Noida","Knowledge Park - V, Greater Noida - UPPCB","23-09-2026 12:00:00",28.557054,77.453663,NH3,12,23,15
India,"Uttar Pradesh","Greater Noida","Knowledge Park - III, Greater Noida - UPPCB","23-09-2026 12:00:00",28.47272,77.482,NH3,4,36,11
India,"Uttar Pradesh","Greater Noida","Knowledge Park - III, Greater Noida - UPPCB","23-09-2026 12:00:00",28.47272,77.482,OZONE,1,7,3
India,"Uttar Pradesh",Jhansi,"Shivaji Nagar, Jhansi - UPPCB","23-09-2026 12:00:00",25.4547,78.6039,OZONE,5,6,6
India,"Uttar Pradesh",Kanpur,"FTI Kidwai Nagar, Kanpur - UPPCB","23-09-2026 12:00:00",26.428282,80.327067,NH3,3,3,3
India,"Uttar Pradesh",Baraut,"Nagar Palika Parishad, Baraut - UPPCB","23-09-2026 12:00:00",29.09956,77.26235,PM10,69,113,91
India,"Uttar Pradesh",Baraut,"Nagar Palika Parishad, Baraut - UPPCB","23-09-2026 12:00:00",29.09956,77.26235,OZONE,1,59,23
India,"Uttar Pradesh",Bareilly,"Rajendra Nagar, Bareilly - UPPCB","23-09-2026 12:00:00",28.38910936,79.42963708,PM10,NA,NA,NA
India,"Uttar Pradesh",Bareilly,"Rajendra Nagar, Bareilly - UPPCB","23-09-2026 12:00:00",28.38910936,79.42963708,NH3,1,1,1
India,"Uttar Pradesh",Bareilly,"Rajendra Nagar, Bareilly - UPPCB","23-09-2026 12:00:00",28.38910936,79.42963708,OZONE,NA,NA,NA
India,"Uttar Pradesh",Bareilly,"Civil Lines, Bareilly - UPPCB","23-09-2026 12:00:00",28.359581,79.414455,SO2,53,101,72
India,"Uttar Pradesh",Bareilly,"Civil Lines, Bareilly - UPPCB","23-09-2026 12:00:00",28.359581,79.414455,CO,39,47,42
India,"Uttar Pradesh",Bulandshahr,"Yamunapuram, Bulandshahr - UPPCB","23-09-2026 12:00:00",28.406963,77.849831,PM10,94,251,126
India,"Uttar Pradesh",Firozabad,"Nagla Bhau, Firozabad - UPPCB","23-09-2026 12:00:00",27.168897,78.37696,PM2.5,NA,NA,NA
India,"Uttar Pradesh",Firozabad,"Nagla Bhau, Firozabad - UPPCB","23-09-2026 12:00:00",27.168897,78.37696,NO2,16,17,17
India,"Uttar Pradesh",Firozabad,"Nagla Bhau, Firozabad - UPPCB","23-09-2026 12:00:00",27.168897,78.37696,OZONE,8,23,14
India,"Uttar Pradesh",Gajraula,"Rajanpur, Gajraula - UPPCB","23-09-2026 12:00:00",28.829109,78.248796,PM10,130,264,157
India,"Uttar Pradesh",Gajraula,"Rajanpur, Gajraula - UPPCB","23-09-2026 12:00:00",28.829109,78.248796,NH3,0,5,1
India,"Uttar Pradesh",Gajraula,"Rajanpur, Gajraula - UPPCB","23-09-2026 12:00:00",28.829109,78.248796,SO2,9,12,10
India,"Uttar Pradesh",Ghaziabad,"Indirapuram, Ghaziabad - UPPCB","23-09-2026 12:00:00",28.646233,77.358075,NO2,11,40,22
India,"Uttar Pradesh",Ghaziabad,"Indirapuram, Ghaziabad - UPPCB","23-09-2026 12:00:00",28.646233,77.358075,NH3,9,12,10
India,"Uttar Pradesh",Ghaziabad,"Govindpuram, Ghaziabad - UPPCB","23-09-2026 12:00:00",28.694528,77.494705,CO,27,38,32
India,"West Bengal",Asansol,"Trivenidevi Bhalotia College, Asansol - WBPCB","23-09-2026 12:00:00",23.616515,87.119133,PM2.5,10,83,25
India,"West Bengal",Asansol,"Trivenidevi Bhalotia College, Asansol - WBPCB","23-09-2026 12:00:00",23.616515,87.119133,SO2,10,14,12
India,"West Bengal",Barrackpore,"SVSPA Campus, Barrackpore - WBPCB","23-09-2026 12:00:00",22.7605581,88.3617589,NO2,8,13,9
India,"West Bengal",Durgapur,"PCBL Residential Complex, Durgapur - WBPCB","23-09-2026 12:00:00",23.508764,87.35444,CO,28,37,32
India,"West Bengal",Durgapur,"Mahishkapur Road_B-Zone, Durgapur - WBPCB","23-09-2026 12:00:00",23.567923,87.306843,PM10,11,166,63
India,"West Bengal",Durgapur,"Mahishkapur Road_B-Zone, Durgapur - WBPCB","23-09-2026 12:00:00",23.567923,87.306843,SO2,1,2,1
India,"West Bengal",Durgapur,"Womens College_City Center, Durgapur - WBPCB","23-09-2026 12:00:00",23.549395,87.300496,OZONE,17,32,22
India,"West Bengal",Haldia,"Priyambada Housing Estate, Haldia - WBPCB","23-09-2026 12:00:00",22.06047,88.109737,SO2,12,13,12
India,"West Bengal",Haldia,"Priyambada Housing Estate, Haldia - WBPCB","23-09-2026 12:00:00",22.06047,88.109737,CO,23,37,28
India,"West Bengal",Howrah,"Ghusuri, Howrah - WBPCB","23-09-2026 12:00:00",22.611968,88.347422,NH3,7,15,11
India,"West Bengal",Howrah,"Belur Math, Howrah - WBPCB","23-09-2026 12:00:00",22.629801,88.352017,PM2.5,9,22,14
India,"West Bengal",Howrah,"Belur Math, Howrah - WBPCB","23-09-2026 12:00:00",22.629801,88.352017,PM10,13,29,21
India,"West Bengal",Howrah,"Belur Math, Howrah - WBPCB","23-09-2026 12:00:00",22.629801,88.352017,SO2,7,9,8
India,"West Bengal",Howrah,"Belur Math, Howrah - WBPCB","23-09-2026 12:00:00",22.629801,88.352017,CO,8,15,12
India,"Uttar Pradesh",Kanpur,"FTI Kidwai Nagar, Kanpur - UPPCB","23-09-2026 12:00:00",26.428282,80.327067,OZONE,13,13,13
India,"Uttar Pradesh",Kanpur,"NSI Kalyanpur, Kanpur - UPPCB","23-09-2026 12:00:00",26.509954,80.249612,NO2,31,32,32
India,"Uttar Pradesh",Kanpur,"Nehru Nagar, Kanpur - UPPCB","23-09-2026 12:00:00",26.4703136,80.3229863,CO,49,53,52
India,"Uttar Pradesh",Khora,"Prashant Garden, Khora - UPPCB","23-09-2026 12:00:00",28.61119,77.34206,NH3,7,12,9
India,"Uttar Pradesh",Khora,"Prashant Garden, Khora - UPPCB","23-09-2026 12:00:00",28.61119,77.34206,OZONE,23,176,75
India,"Uttar Pradesh",Khurja,"Kalindi Kunj, Khurja - UPPCB","23-09-2026 12:00:00",28.2348927,77.8683002,NO2,12,13,12
India,"Uttar Pradesh",Lucknow,"B R Ambedkar University, Lucknow - UPPCB","23-09-2026 12:00:00",26.766433,80.927299,PM2.5,3,42,24
India,"Uttar Pradesh",Lucknow,"B R Ambedkar University, Lucknow - UPPCB","23-09-2026 12:00:00",26.766433,80.927299,CO,37,39,38
India,"Uttar Pradesh",Lucknow,"Kendriya Vidyalaya, Lucknow - CPCB","23-09-2026 12:00:00",26.906111,80.948222,PM10,53,116,83
India,"Uttar Pradesh",Lucknow,"Lalbagh, Lucknow - CPCB","23-09-2026 12:00:00",26.8458805,80.9365541,NO2,22,36,26
India,"Uttar Pradesh",Lucknow,"Lalbagh, Lucknow - CPCB","23-09-2026 12:00:00",26.8458805,80.9365541,NH3,12,24,17
India,"Uttar Pradesh",Lucknow,"Talkatora District Industries Center, Lucknow - CPCB","23-09-2026 12:00:00",26.83399722,80.8917361,PM10,50,94,73
India,"Uttar Pradesh",Vrindavan," Chhatikara, Vrindavan - UPPCB","23-09-2026 12:00:00",27.57194,77.62346,NO2,0,11,4
India,Uttarakhand,Dehradun,"Doon University, Dehradun - UKPCB","23-09-2026 12:00:00",30.269444,78.044167,NH3,NA,NA,NA
India,Uttarakhand,Dehradun,"Doon University, Dehradun - UKPCB","23-09-2026 12:00:00",30.269444,78.044167,SO2,0,1,1
India,Uttarakhand,Dehradun,"Doon University, Dehradun - UKPCB","23-09-2026 12:00:00",30.269444,78.044167,CO,22,31,25
India,Uttarakhand,Kashipur,"Govt. Girls Inter College, Kashipur - UKPCB","23-09-2026 12:00:00",29.2124114,78.9611753,PM2.5,NA,NA,NA
India,Uttarakhand,Kashipur,"Govt. Girls Inter College, Kashipur - UKPCB","23-09-2026 12:00:00",29.2124114,78.9611753,PM10,NA,NA,NA
India,Uttarakhand,Rishikesh,"Shivaji Nagar, Rishikesh - UKPCB","23-09-2026 12:00:00",30.075911,78.2859547,SO2,1,1,1
India,Uttarakhand,Rishikesh,"Shivaji Nagar, Rishikesh - UKPCB","23-09-2026 12:00:00",30.075911,78.2859547,OZONE,34,34,34
India,"West Bengal",Asansol,"Asansol Court Area, Asansol - WBPCB","23-09-2026 12:00:00",23.685297,86.945968,OZONE,17,24,20
India,"West Bengal",Asansol,"Evelyn Lodge, Asansol - WBPCB","23-09-2026 12:00:00",23.697936,86.944395,PM2.5,12,26,18
India,"West Bengal",Asansol,"Evelyn Lodge, Asansol - WBPCB","23-09-2026 12:00:00",23.697936,86.944395,NO2,11,19,15
India,"West Bengal",Asansol,"Mahabir Colliery, Asansol - WBPCB","23-09-2026 12:00:00",23.618183,87.105718,PM10,13,38,24
India,"West Bengal",Asansol,"Mahabir Colliery, Asansol - WBPCB","23-09-2026 12:00:00",23.618183,87.105718,NH3,2,2,2
India,"Uttar Pradesh",Mathura,"Pali Dungra, Mathura - UPPCB","23-09-2026 12:00:00",27.410954,77.550619,NO2,5,8,7
India,"Uttar Pradesh",Mathura,"Pali Dungra, Mathura - UPPCB","23-09-2026 12:00:00",27.410954,77.550619,CO,33,57,45
India,"Uttar Pradesh",Meerut,"MIET College, Meerut - UPPCB","23-09-2026 12:00:00",28.972677,77.641018,SO2,3,6,4
India,"Uttar Pradesh",Meerut,"Jai Bhim Nagar, Meerut - UPPCB","23-09-2026 12:00:00",28.9535882,77.7622941,NH3,5,7,6
India,"Uttar Pradesh",Meerut,"Jai Bhim Nagar, Meerut - UPPCB","23-09-2026 12:00:00",28.9535882,77.7622941,CO,47,101,74
India,"Uttar Pradesh",Modinagar,"SRM University, Modinagar - UPPCB","23-09-2026 12:00:00",28.798171,77.540243,NO2,17,56,33
India,"Uttar Pradesh",Moradabad,"Eco Herbal Park, Moradabad - UPPCB","23-09-2026 12:00:00",28.840739,78.697531,PM10,70,148,106
India,"Uttar Pradesh",Moradabad,"Eco Herbal Park, Moradabad - UPPCB","23-09-2026 12:00:00",28.840739,78.697531,NO2,9,41,24
India,"Uttar Pradesh",Moradabad,"Eco Herbal Park, Moradabad - UPPCB","23-09-2026 12:00:00",28.840739,78.697531,SO2,10,20,12
India,"Uttar Pradesh",Moradabad,"Eco Herbal Park, Moradabad - UPPCB","23-09-2026 12:00:00",28.840739,78.697531,OZONE,11,72,33
India,"Uttar Pradesh",Moradabad,"Kashiram Nagar, Moradabad - UPPCB","23-09-2026 12:00:00",28.849399,78.742362,NO2,24,25,25
India,"Uttar Pradesh",Moradabad,"Kashiram Nagar, Moradabad - UPPCB","23-09-2026 12:00:00",28.849399,78.742362,SO2,17,29,21
India,"Uttar Pradesh",Moradabad,"Transport Nagar, Moradabad - UPPCB","23-09-2026 12:00:00",28.802625,78.753728,PM2.5,67,325,136
India,"West Bengal",Howrah,"Padmapukur, Howrah - WBPCB","23-09-2026 12:00:00",22.5687319,88.2797276,NO2,15,52,29
India,"West Bengal",Kolkata,"Rabindra Bharati University, Kolkata - WBPCB","23-09-2026 12:00:00",22.627847,88.380669,PM2.5,15,32,21
India,"West Bengal",Kolkata,"Rabindra Bharati University, Kolkata - WBPCB","23-09-2026 12:00:00",22.627847,88.380669,NO2,11,31,18
India,"West Bengal",Kolkata,"Fort William, Kolkata - WBPCB","23-09-2026 12:00:00",22.55664,88.342674,NH3,7,8,7
India,"West Bengal",Kolkata,"Jadavpur, Kolkata - WBPCB","23-09-2026 12:00:00",22.49929,88.36917,NH3,12,12,12
India,"West Bengal",Kolkata,"Jadavpur, Kolkata - WBPCB","23-09-2026 12:00:00",22.49929,88.36917,SO2,5,6,6
India,"West Bengal",Kolkata,"Ballygunge, Kolkata - WBPCB","23-09-2026 12:00:00",22.5367507,88.3638022,PM2.5,21,22,21
India,"West Bengal",Kolkata,"Ballygunge, Kolkata - WBPCB","23-09-2026 12:00:00",22.5367507,88.3638022,NH3,6,9,7
India,"West Bengal",Kolkata,"Victoria, Kolkata - WBPCB","23-09-2026 12:00:00",22.5448082,88.3403691,NO2,12,17,14
India,"West Bengal",Kolkata,"Rabindra Sarobar, Kolkata - WBPCB","23-09-2026 12:00:00",22.51106,88.35142,OZONE,15,19,17
India,"West Bengal",Kolkata,"Bidhannagar, Kolkata - WBPCB","23-09-2026 12:00:00",22.58157048,88.41002457,OZONE,29,34,31
India,"Uttar Pradesh",Moradabad,"Transport Nagar, Moradabad - UPPCB","23-09-2026 12:00:00",28.802625,78.753728,OZONE,2,5,4
India,"Uttar Pradesh",Moradabad,"Employment Office, Moradabad - UPPCB","23-09-2026 12:00:00",28.88528,78.7388,PM2.5,52,135,78
India,"Uttar Pradesh",Moradabad,"Employment Office, Moradabad - UPPCB","23-09-2026 12:00:00",28.88528,78.7388,CO,13,16,14
India,"Uttar Pradesh",Moradabad,"Buddhi Vihar, Moradabad - UPPCB","23-09-2026 12:00:00",28.83526,78.7446,PM10,79,150,120
India,"Uttar Pradesh",Moradabad,"Jigar Colony, Moradabad - UPPCB","23-09-2026 12:00:00",28.856664,78.772638,NO2,24,25,25
India,"Uttar Pradesh",Noida,"Sector - 62, Noida - IITM","23-09-2026 12:00:00",28.6245479,77.3577104,OZONE,17,19,18
India,"Uttar Pradesh",Noida,"Sector - 125, Noida - UPPCB","23-09-2026 12:00:00",28.5447608,77.3231257,OZONE,7,22,12
India,"Uttar Pradesh",Noida,"Sector-1, Noida - UPPCB","23-09-2026 12:00:00",28.5898,77.3101,SO2,7,11,9
India,"Uttar Pradesh",Prayagraj,"Nagar Nigam, Prayagraj - UPPCB","23-09-2026 12:00:00",25.44919916,81.82735986,PM10,52,125,76
India,"Uttar Pradesh",Prayagraj,"Motilal Nehru NIT, Prayagraj - UPPCB","23-09-2026 12:00:00",25.494,81.863,CO,6,9,8
India,"Uttar Pradesh",Prayagraj,"Jhunsi, Prayagraj - UPPCB","23-09-2026 12:00:00",25.425602,81.917152,CO,13,42,28
India,"Uttar Pradesh",Varanasi,"Maldahiya, Varanasi - UPPCB","23-09-2026 12:00:00",25.32393,82.99687,PM2.5,NA,NA,NA
India,"Uttar Pradesh",Varanasi,"Maldahiya, Varanasi - UPPCB","23-09-2026 12:00:00",25.32393,82.99687,PM10,NA,NA,NA
India,"Uttar Pradesh",Varanasi,"Maldahiya, Varanasi - UPPCB","23-09-2026 12:00:00",25.32393,82.99687,NO2,NA,NA,NA
India,"Uttar Pradesh",Varanasi,"Ardhali Bazar, Varanasi - UPPCB","23-09-2026 12:00:00",25.3505986,82.9083074,OZONE,10,18,13
India,"Uttar Pradesh",Varanasi,"IESD Banaras Hindu University, Varanasi - UPPCB","23-09-2026 12:00:00",25.262326,82.995408,NH3,0,0,0
India,"Uttar Pradesh",Vrindavan,"Omex Eternity, Vrindavan - UPPCB","23-09-2026 12:00:00",27.571409,77.655757,NO2,27,27,27
India,"Uttar Pradesh",Vrindavan,"Omex Eternity, Vrindavan - UPPCB","23-09-2026 12:00:00",27.571409,77.655757,CO,7,12,11
India,Delhi,Delhi,"Patparganj, Delhi - DPCC","23-09-2026 12:00:00",28.623763,77.287209,PM2.5,85,310,149
India,Delhi,Delhi,"Patparganj, Delhi - DPCC","23-09-2026 12:00:00",28.623763,77.287209,OZONE,8,22,13
India,Delhi,Delhi,"Jawaharlal Nehru Stadium, Delhi - DPCC","23-09-2026 12:00:00",28.58028,77.233829,PM10,78,181,127
India,Delhi,Delhi,"Jawaharlal Nehru Stadium, Delhi - DPCC","23-09-2026 12:00:00",28.58028,77.233829,CO,31,53,38
India,Delhi,Delhi,"Jawaharlal Nehru Stadium, Delhi - DPCC","23-09-2026 12:00:00",28.58028,77.233829,OZONE,2,34,11
India,Delhi,Delhi,"Najafgarh, Delhi - DPCC","23-09-2026 12:00:00",28.570173,76.933762,PM2.5,5,203,92
India,Delhi,Delhi,"Najafgarh, Delhi - DPCC","23-09-2026 12:00:00",28.570173,76.933762,NO2,8,43,21
India,Delhi,Delhi,"Najafgarh, Delhi - DPCC","23-09-2026 12:00:00",28.570173,76.933762,OZONE,11,33,16
India,Delhi,Delhi,"Mundka, Delhi - DPCC","23-09-2026 12:00:00",28.684678,77.076574,NO2,79,110,96
India,Delhi,Delhi,"Mundka, Delhi - DPCC","23-09-2026 12:00:00",28.684678,77.076574,SO2,9,23,16
India,Delhi,Delhi,"NSUT Jaffarpur, Delhi - DPCC","23-09-2026 12:00:00",28.594004,76.909423,NH3,2,6,5
India,Delhi,Delhi,"NSUT Jaffarpur, Delhi - DPCC","23-09-2026 12:00:00",28.594004,76.909423,SO2,0,3,2
India,Delhi,Delhi,"NSUT Jaffarpur, Delhi - DPCC","23-09-2026 12:00:00",28.594004,76.909423,OZONE,10,15,11
India,Delhi,Delhi,"Ashok Vihar, Delhi - DPCC","23-09-2026 12:00:00",28.695381,77.181665,NO2,20,54,35
India,Delhi,Delhi,"Anand Vihar, Delhi - DPCC","23-09-2026 12:00:00",28.647622,77.315809,NO2,12,59,26
India,Delhi,Delhi,"Anand Vihar, Delhi - DPCC","23-09-2026 12:00:00",28.647622,77.315809,NH3,3,4,3
India,Delhi,Delhi,"Punjabi Bagh, Delhi - DPCC","23-09-2026 12:00:00",28.674045,77.131023,PM2.5,65,306,155
India,Delhi,Delhi,"Punjabi Bagh, Delhi - DPCC","23-09-2026 12:00:00",28.674045,77.131023,CO,35,49,43
India,Delhi,Delhi,"Punjabi Bagh, Delhi - DPCC","23-09-2026 12:00:00",28.674045,77.131023,OZONE,7,77,28
India,Delhi,Delhi,"DTU, Delhi - CPCB","23-09-2026 12:00:00",28.7500499,77.1112615,CO,22,31,26
India,Delhi,Delhi,"Dwarka-Sector 8, Delhi - DPCC ","23-09-2026 12:00:00",28.5710274,77.0719006,NO2,25,89,51
India,Delhi,Delhi,"Dwarka-Sector 8, Delhi - DPCC ","23-09-2026 12:00:00",28.5710274,77.0719006,CO,12,24,17
India,Delhi,Delhi,"Dwarka-Sector 8, Delhi - DPCC ","23-09-2026 12:00:00",28.5710274,77.0719006,OZONE,11,42,19
India,Delhi,Delhi,"Dr. Karni Singh Shooting Range, Delhi - DPCC","23-09-2026 12:00:00",28.498571,77.26484,PM2.5,5,237,115
India,Bihar,Muzaffarpur,"MIT-Daudpur Kothi, Muzaffarpur - BSPCB","23-09-2026 12:00:00",26.1403345,85.3650192,NH3,1,2,1
India,Bihar,Muzaffarpur,"Buddha Colony, Muzaffarpur - BSPCB","23-09-2026 12:00:00",26.11442,85.39813,NO2,9,24,15
India,Bihar,Muzaffarpur,"Buddha Colony, Muzaffarpur - BSPCB","23-09-2026 12:00:00",26.11442,85.39813,OZONE,15,26,21
India,Bihar,Patna,"Samanpura, Patna - BSPCB","23-09-2026 12:00:00",25.596727,85.085624,PM10,64,89,74
India,Bihar,Patna,"Samanpura, Patna - BSPCB","23-09-2026 12:00:00",25.596727,85.085624,NO2,9,24,15
India,Bihar,Patna,"DRM Office Danapur, Patna - BSPCB","23-09-2026 12:00:00",25.586562,85.043586,NH3,8,16,13
India,Bihar,Patna,"Govt. High School Shikarpur, Patna - BSPCB","23-09-2026 12:00:00",25.592539,85.227158,PM2.5,33,45,41
India,Bihar,Patna,"Govt. High School Shikarpur, Patna - BSPCB","23-09-2026 12:00:00",25.592539,85.227158,NO2,5,7,6
India,Bihar,Patna,"Govt. High School Shikarpur, Patna - BSPCB","23-09-2026 12:00:00",25.592539,85.227158,NH3,6,6,6
India,Bihar,Patna,"Govt. High School Shikarpur, Patna - BSPCB","23-09-2026 12:00:00",25.592539,85.227158,CO,57,101,83
India,Bihar,Patna,"IGSC Planetarium Complex, Patna - BSPCB","23-09-2026 12:00:00",25.610369,85.132568,PM10,NA,NA,NA
India,Bihar,Patna,"IGSC Planetarium Complex, Patna - BSPCB","23-09-2026 12:00:00",25.610369,85.132568,CO,5,11,9
India,Bihar,Patna,"IGSC Planetarium Complex, Patna - BSPCB","23-09-2026 12:00:00",25.610369,85.132568,OZONE,29,53,38
India,Bihar,Patna,"Rajbansi Nagar, Patna - BSPCB","23-09-2026 12:00:00",25.599486,85.113666,PM2.5,12,38,24
India,Bihar,Purnia,"Mariam Nagar, Purnia - BSPCB","23-09-2026 12:00:00",25.366336,87.117468,NO2,16,20,18
India,Bihar,Rajgir,"Dangi Tola, Rajgir - BSPCB","23-09-2026 12:00:00",25.0328,85.41948,NO2,13,15,14
India,Bihar,Saharsa,"Police Line, Saharsa - BSPCB","23-09-2026 12:00:00",25.892357,86.590325,NH3,4,4,4
India,Bihar,Saharsa,"Police Line, Saharsa - BSPCB","23-09-2026 12:00:00",25.892357,86.590325,OZONE,3,14,9
India,Bihar,Samastipur,"DM Office_Kasipur, Samastipur - BSPCB","23-09-2026 12:00:00",25.859655,85.77944,PM10,3,147,47
India,"Arunachal Pradesh",Naharlagun,"Naharlagun, Naharlagun - APSPCB","23-09-2026 12:00:00",27.103358,93.679645,OZONE,7,7,7
India,Assam,Byrnihat,"Central Academy for SFS, Byrnihat - PCBA","23-09-2026 12:00:00",26.071318,91.87488,CO,51,68,59
India,Assam,Byrnihat,"Central Academy for SFS, Byrnihat - PCBA","23-09-2026 12:00:00",26.071318,91.87488,OZONE,16,19,17
India,Assam,Guwahati,"LGBI Airport, Guwahati - PCBA","23-09-2026 12:00:00",26.10887,91.589544,NO2,12,41,15
India,Assam,Guwahati,"LGBI Airport, Guwahati - PCBA","23-09-2026 12:00:00",26.10887,91.589544,SO2,3,20,11
India,Assam,Guwahati,"LGBI Airport, Guwahati - PCBA","23-09-2026 12:00:00",26.10887,91.589544,OZONE,11,14,12
India,Assam,Guwahati,"Pan Bazaar, Guwahati - PCBA","23-09-2026 12:00:00",26.1875,91.744194,NO2,1,2,2
India,Assam,Guwahati,"Pan Bazaar, Guwahati - PCBA","23-09-2026 12:00:00",26.1875,91.744194,SO2,34,40,37
India,Assam,Guwahati,"IITG, Guwahati - PCBA","23-09-2026 12:00:00",26.2028636,91.70046436,NH3,1,1,1
India,Assam,Guwahati,"IITG, Guwahati - PCBA","23-09-2026 12:00:00",26.2028636,91.70046436,CO,68,71,70
India,Assam,Nagaon,"Christianpatty, Nagaon - PCBA","23-09-2026 12:00:00",26.349082,92.68449,NO2,1,9,1
India,Assam,Nagaon,"Christianpatty, Nagaon - PCBA","23-09-2026 12:00:00",26.349082,92.68449,SO2,7,15,11
India,Assam,Nalbari,"Bata Chowk, Nalbari - PCBA","23-09-2026 12:00:00",26.446912,91.439057,NO2,14,149,21
India,Assam,Nalbari,"Bata Chowk, Nalbari - PCBA","23-09-2026 12:00:00",26.446912,91.439057,SO2,1,8,8
India,Assam,Nalbari,"Bata Chowk, Nalbari - PCBA","23-09-2026 12:00:00",26.446912,91.439057,CO,21,23,22
India,Assam,Silchar,"Tarapur, Silchar - PCBA","23-09-2026 12:00:00",24.82827,92.79525,CO,24,38,33
India,Assam,Sivasagar,"Girls College, Sivasagar - PCBA","23-09-2026 12:00:00",26.987634,94.636574,PM2.5,18,29,22
India,Assam,Sivasagar,"Girls College, Sivasagar - PCBA","23-09-2026 12:00:00",26.987634,94.636574,NH3,0,4,2
India,"Andhra Pradesh",Machilipatnam,"Srinivas Nagar Colony, Machilipatnam - APPCB","23-09-2026 12:00:00",16.186555,81.13219,NH3,3,6,4
India,"Andhra Pradesh",Nellore,"Ambedkar Nagar, Nellore - APPCB ","23-09-2026 12:00:00",14.438164,79.966814,PM2.5,53,67,59
India,"Andhra Pradesh",Nellore,"Ambedkar Nagar, Nellore - APPCB ","23-09-2026 12:00:00",14.438164,79.966814,CO,34,39,36
India,"Andhra Pradesh",Rajamahendravaram,"Anand Kala Kshetram, Rajamahendravaram - APPCB","23-09-2026 12:00:00",16.9872867,81.7363176,PM2.5,NA,NA,NA
India,"Andhra Pradesh",Rajamahendravaram,"Anand Kala Kshetram, Rajamahendravaram - APPCB","23-09-2026 12:00:00",16.9872867,81.7363176,CO,10,22,14
India,"Andhra Pradesh",Rajamahendravaram,"Anand Kala Kshetram, Rajamahendravaram - APPCB","23-09-2026 12:00:00",16.9872867,81.7363176,OZONE,22,32,26
India,"Andhra Pradesh",Tirumala,"Toll Gate, Tirumala - APPCB","23-09-2026 12:00:00",13.67,79.35,PM2.5,8,34,20
India,"Andhra Pradesh",Tirumala,"Toll Gate, Tirumala - APPCB","23-09-2026 12:00:00",13.67,79.35,CO,10,25,16
India,"Andhra Pradesh",Tirupati,"Vaikuntapuram, Tirupati - APPCB","23-09-2026 12:00:00",13.615387,79.40923,OZONE,33,33,33
India,"Andhra Pradesh",Vijayawada,"HB Colony, Vijayawada - APPCB","23-09-2026 12:00:00",16.536107,80.594233,NO2,20,31,22
India,"Andhra Pradesh",Vijayawada,"HB Colony, Vijayawada - APPCB","23-09-2026 12:00:00",16.536107,80.594233,CO,41,43,42
India,"Andhra Pradesh",Vijayawada,"Rajiv Nagar, Vijayawada - APPCB","23-09-2026 12:00:00",16.554731,80.64911,PM10,47,67,59
India,"Andhra Pradesh",Vijayawada,"Rajiv Nagar, Vijayawada - APPCB","23-09-2026 12:00:00",16.554731,80.64911,OZONE,18,23,19
India,"Andhra Pradesh",Vijayawada,"Rajiv Gandhi Park, Vijayawada - APPCB","23-09-2026 12:00:00",16.509717,80.612222,PM2.5,NA,NA,NA
India,"Andhra Pradesh",Vijayawada,"Rajiv Gandhi Park, Vijayawada - APPCB","23-09-2026 12:00:00",16.509717,80.612222,SO2,NA,NA,NA
India,"Andhra Pradesh",Visakhapatnam,"GVM Corporation, Visakhapatnam - APPCB","23-09-2026 12:00:00",17.72,83.3,NO2,10,45,22
India,"Andhra Pradesh",Visakhapatnam,"GVM Corporation, Visakhapatnam - APPCB","23-09-2026 12:00:00",17.72,83.3,OZONE,16,46,34
India,"Andhra Pradesh",Amaravati,"Secretariat, Amaravati - APPCB","23-09-2026 12:00:00",16.5150833,80.5181667,NO2,15,59,29
India,"Andhra Pradesh",Amaravati,"Secretariat, Amaravati - APPCB","23-09-2026 12:00:00",16.5150833,80.5181667,NH3,4,6,5
India,"Andhra Pradesh",Amaravati,"Secretariat, Amaravati - APPCB","23-09-2026 12:00:00",16.5150833,80.5181667,SO2,0,122,12
India,"Andhra Pradesh",Amaravati,"Secretariat, Amaravati - APPCB","23-09-2026 12:00:00",16.5150833,80.5181667,OZONE,10,24,16
India,"Andhra Pradesh",Anantapur,"Gulzarpet, Anantapur - APPCB","23-09-2026 12:00:00",14.675886,77.593027,PM2.5,NA,NA,NA
India,"Andhra Pradesh",Anantapur,"Gulzarpet, Anantapur - APPCB","23-09-2026 12:00:00",14.675886,77.593027,PM10,NA,NA,NA
India,"Andhra Pradesh",Anantapur,"Gulzarpet, Anantapur - APPCB","23-09-2026 12:00:00",14.675886,77.593027,NO2,NA,NA,NA
India,"Andhra Pradesh",Chittoor,"Gangineni Cheruvu, Chittoor - APPCB","23-09-2026 12:00:00",13.20488,79.097889,CO,11,16,15
India,"Andhra Pradesh",Eluru,"District Court, Eluru - APPCB","23-09-2026 12:00:00",16.711754,81.092095,NH3,4,6,4
India,"Andhra Pradesh",Guntur,"Rajendra Nagar North, Guntur - APPCB","23-09-2026 12:00:00",16.316553,80.413302,PM2.5,30,176,54
India,"Andhra Pradesh",Guntur,"Rajendra Nagar North, Guntur - APPCB","23-09-2026 12:00:00",16.316553,80.413302,OZONE,14,33,19
India,"Andhra Pradesh",Kadapa,"Yerramukkapalli, Kadapa - APPCB","23-09-2026 12:00:00",14.465052,78.824187,PM10,60,71,65
India,"Andhra Pradesh",Kakinada,"Rama Rao Peta, Kakinada - APPCB","23-09-2026 12:00:00",16.962488,82.229513,PM10,5,88,45
India,"Andhra Pradesh",Kakinada,"Rama Rao Peta, Kakinada - APPCB","23-09-2026 12:00:00",16.962488,82.229513,SO2,10,12,11
India,"Andhra Pradesh",Kurnool,"Sita Rama Nagar, Kurnool - APPCB","23-09-2026 12:00:00",15.83411,78.028546,OZONE,16,47,27
India,Bihar,Chhapra,"Darshan Nagar, Chhapra - BSPCB","23-09-2026 12:00:00",25.7808257,84.7446768,SO2,NA,NA,NA
India,Bihar,Gaya,"Kareemganj, Gaya - BSPCB","23-09-2026 12:00:00",24.792403,84.992416,PM10,8,193,57
India,Bihar,Gaya,"Kareemganj, Gaya - BSPCB","23-09-2026 12:00:00",24.792403,84.992416,NO2,0,13,3
India,Bihar,Gaya,"Collectorate, Gaya - BSPCB","23-09-2026 12:00:00",24.7955,84.9994,PM2.5,NA,NA,NA
India,Bihar,Gaya,"SFTI Kusdihra, Gaya - BSPCB","23-09-2026 12:00:00",24.762518,84.982348,PM2.5,24,44,33
India,Bihar,Gaya,"SFTI Kusdihra, Gaya - BSPCB","23-09-2026 12:00:00",24.762518,84.982348,CO,14,30,22
India,Bihar,Hajipur,"Industrial Area, Hajipur - BSPCB","23-09-2026 12:00:00",25.697189,85.2459,NH3,9,14,12
India,Bihar,Hajipur,"Industrial Area, Hajipur - BSPCB","23-09-2026 12:00:00",25.697189,85.2459,OZONE,16,48,28
India,Bihar,Katihar,"Mirchaibari, Katihar - BSPCB","23-09-2026 12:00:00",25.560083,87.553265,PM10,20,41,29
India,Bihar,Kishanganj,"SDM Office_Khagra, Kishanganj - BSPCB","23-09-2026 12:00:00",26.0881305,87.93840336,OZONE,32,34,33
India,Bihar,Manguraha,"Forest Rest House, Manguraha - BSPCB","23-09-2026 12:00:00",27.308328,84.531742,NO2,12,25,19
India,Bihar,Motihari,"Gandak Colony, Motihari - BSPCB","23-09-2026 12:00:00",26.63086,84.90051,NO2,2,4,3
India,Bihar,Munger,"Town Hall, Munger - BSPCB","23-09-2026 12:00:00",25.376776,86.471523,NO2,10,16,12
India,Chhattisgarh,Kunjemura,"OP Jindal School, Kunjemura - CECB","23-09-2026 12:00:00",22.12665,83.483212,NH3,2,2,2
India,Chhattisgarh,Kunjemura,"OP Jindal School, Kunjemura - CECB","23-09-2026 12:00:00",22.12665,83.483212,OZONE,3,4,4
India,Chhattisgarh,Raipur,"Krishak Nagar, Raipur - CECB","23-09-2026 12:00:00",21.237755,81.705301,PM10,36,92,62
India,Chhattisgarh,Raipur,"Krishak Nagar, Raipur - CECB","23-09-2026 12:00:00",21.237755,81.705301,SO2,11,19,14
India,Chhattisgarh,Raipur,"Krishak Nagar, Raipur - CECB","23-09-2026 12:00:00",21.237755,81.705301,OZONE,5,5,5
India,Chhattisgarh,Raipur,"Bhatagaon New ISBT, Raipur - CECB","23-09-2026 12:00:00",21.219665,81.630094,NH3,2,2,2
India,Chhattisgarh,Raipur,"AIIMS, Raipur - CECB","23-09-2026 12:00:00",21.258815,81.578979,PM10,36,79,56
India,Chhattisgarh,Raipur,"AIIMS, Raipur - CECB","23-09-2026 12:00:00",21.258815,81.578979,NH3,2,2,2
India,Chhattisgarh,Raipur,"Siltara Phase-II, Raipur - CECB","23-09-2026 12:00:00",21.371751,81.664929,CO,18,23,20
India,Chhattisgarh,Tumidih,"OP Jindal Industrial Park, Tumidih - CECB","23-09-2026 12:00:00",22.06631475,83.33820077,NO2,9,32,15
India,Chhattisgarh,Tumidih,"OP Jindal Industrial Park, Tumidih - CECB","23-09-2026 12:00:00",22.06631475,83.33820077,CO,12,14,13
India,Chhattisgarh,Tumidih,"OP Jindal Industrial Park, Tumidih - CECB","23-09-2026 12:00:00",22.06631475,83.33820077,OZONE,8,8,8
India,Delhi,Delhi,"Narela, Delhi - DPCC","23-09-2026 12:00:00",28.822836,77.101981,NH3,7,12,9
India,Bihar,Sasaram,"Dada Peer, Sasaram - BSPCB","23-09-2026 12:00:00",24.952822,84.002396,SO2,NA,NA,NA
India,Bihar,Siwan,"Chitragupta Nagar, Siwan - BSPCB","23-09-2026 12:00:00",26.2271665,84.3570427,PM2.5,17,190,44
India,Chandigarh,Chandigarh,"Sector-25, Chandigarh - CPCC","23-09-2026 12:00:00",30.751462,76.762879,PM10,33,90,63
India,Chandigarh,Chandigarh,"Sector-25, Chandigarh - CPCC","23-09-2026 12:00:00",30.751462,76.762879,NH3,5,9,7
India,Chandigarh,Chandigarh,"Sector 22, Chandigarh - CPCC","23-09-2026 12:00:00",30.735567,76.775714,NO2,5,18,11
India,Chhattisgarh,Bhilai,"Civic Center, Bhilai - Bhilai Steel Plant","23-09-2026 12:00:00",21.185571,81.343175,NO2,15,16,16
India,Chhattisgarh,Chhal,"Nawapara SECL Colony, Chhal - CECB","23-09-2026 12:00:00",22.118125,83.140608,SO2,6,46,20
India,Chhattisgarh,Korba,"Rampur, Korba - CECB","23-09-2026 12:00:00",22.368195,82.746431,PM10,7,20,12
India,Chhattisgarh,Korba,"Rampur, Korba - CECB","23-09-2026 12:00:00",22.368195,82.746431,NH3,1,1,1
India,Chhattisgarh,Korba,"Rampur, Korba - CECB","23-09-2026 12:00:00",22.368195,82.746431,SO2,2,6,4
India,Delhi,Delhi,"Cantonment Area, Delhi - DPCC","23-09-2026 12:00:00",28.594169,77.1251,CO,70,95,81
India,Delhi,Delhi,"Major Dhyan Chand National Stadium, Delhi - DPCC","23-09-2026 12:00:00",28.611281,77.237738,CO,56,87,74
India,Delhi,Delhi,"Sonia Vihar, Delhi - DPCC","23-09-2026 12:00:00",28.710508,77.249485,CO,43,67,58
India,Delhi,Delhi,"Okhla Phase-2, Delhi - DPCC","23-09-2026 12:00:00",28.530785,77.271255,PM2.5,92,207,139
India,Delhi,Delhi,"Okhla Phase-2, Delhi - DPCC","23-09-2026 12:00:00",28.530785,77.271255,NH3,3,9,6
India,Delhi,Delhi,"Vivek Vihar, Delhi - DPCC","23-09-2026 12:00:00",28.672342,77.31526,PM10,127,196,145
India,Delhi,Delhi,"Vivek Vihar, Delhi - DPCC","23-09-2026 12:00:00",28.672342,77.31526,NH3,6,10,7
India,Delhi,Delhi,"Nehru Nagar, Delhi - DPCC","23-09-2026 12:00:00",28.56789,77.250515,NH3,6,13,8
India,Bihar,Arrah,"New DM Office, Arrah - BSPCB","23-09-2026 12:00:00",25.5626095,84.663264,NO2,5,9,7
India,Bihar,Begusarai,"Lohiyanagar, Begusarai - BSPCB","23-09-2026 12:00:00",25.42742023,86.13886079,OZONE,38,64,46
India,Bihar,Bettiah,"Kamalnath Nagar, Bettiah - BSPCB","23-09-2026 12:00:00",26.80365,84.51954,SO2,11,16,14
India,Bihar,Bhagalpur,"DM Office_Kachari Chowk, Bhagalpur - BSPCB","23-09-2026 12:00:00",25.251013,86.989001,PM2.5,17,160,42
India,Bihar,Bhagalpur,"DM Office_Kachari Chowk, Bhagalpur - BSPCB","23-09-2026 12:00:00",25.251013,86.989001,OZONE,17,20,18
India,Haryana,Rohtak,"MD University, Rohtak - HSPCB","23-09-2026 12:00:00",28.52123,76.37138,NO2,9,11,10
India,Haryana,Rohtak,"MD University, Rohtak - HSPCB","23-09-2026 12:00:00",28.52123,76.37138,NH3,NA,NA,NA
India,Haryana,Sirsa,"F-Block, Sirsa - HSPCB","23-09-2026 12:00:00",29.5364,75.0158,PM2.5,33,68,56
India,Haryana,Sonipat,"Murthal, Sonipat - HSPCB","23-09-2026 12:00:00",29.0272,77.0621,SO2,65,68,66
India,Haryana,"Yamuna Nagar","Gobind Pura, Yamuna Nagar - HSPCB","23-09-2026 12:00:00",30.1480566,77.2893471,NH3,1,6,4
India,Haryana,"Yamuna Nagar","Gobind Pura, Yamuna Nagar - HSPCB","23-09-2026 12:00:00",30.1480566,77.2893471,SO2,10,15,12
India,"Himachal Pradesh",Baddi,"HIMUDA Complex Phase-1, Baddi - HPPCB","23-09-2026 12:00:00",30.943887,76.801991,PM2.5,13,290,88
India,"Himachal Pradesh",Baddi,"HIMUDA Complex Phase-1, Baddi - HPPCB","23-09-2026 12:00:00",30.943887,76.801991,NH3,1,3,2
India,"Jammu and Kashmir",Srinagar,"Rajbagh, Srinagar - JKPCC","23-09-2026 12:00:00",34.066206,74.81982,NO2,19,20,19
India,"Jammu and Kashmir",Srinagar,"Khunmoh, Srinagar - JKPCC","23-09-2026 12:00:00",34.06313,74.96017,OZONE,NA,NA,NA
India,Jharkhand,Dhanbad,"Sardar Patel Nagar, Dhanbad - JSPCB","23-09-2026 12:00:00",23.80569,86.44268,PM2.5,NA,NA,NA
India,Karnataka,Bengaluru,"Hebbal, Bengaluru - KSPCB","23-09-2026 12:00:00",13.029152,77.585901,PM10,NA,NA,NA
India,Karnataka,Bengaluru,"Hebbal, Bengaluru - KSPCB","23-09-2026 12:00:00",13.029152,77.585901,SO2,NA,NA,NA
India,Karnataka,Bengaluru,"Hombegowda Nagar, Bengaluru - KSPCB","23-09-2026 12:00:00",12.938539,77.5901,NO2,4,23,13
India,Karnataka,Bengaluru,"Hombegowda Nagar, Bengaluru - KSPCB","23-09-2026 12:00:00",12.938539,77.5901,NH3,1,1,1
India,Karnataka,Bengaluru,"Hombegowda Nagar, Bengaluru - KSPCB","23-09-2026 12:00:00",12.938539,77.5901,SO2,3,7,5
India,Karnataka,Bengaluru,"Hombegowda Nagar, Bengaluru - KSPCB","23-09-2026 12:00:00",12.938539,77.5901,CO,15,23,20
India,Karnataka,Bengaluru,"Peenya, Bengaluru - CPCB","23-09-2026 12:00:00",13.0270199,77.494094,PM10,NA,NA,NA
India,Karnataka,Bengaluru,"Peenya, Bengaluru - CPCB","23-09-2026 12:00:00",13.0270199,77.494094,NH3,5,5,5
India,Karnataka,Bengaluru,"Peenya, Bengaluru - CPCB","23-09-2026 12:00:00",13.0270199,77.494094,OZONE,21,22,22
India,Karnataka,Bengaluru,"Jigani, Bengaluru - KSPCB","23-09-2026 12:00:00",12.7816279,77.6299145,PM2.5,NA,NA,NA
India,Haryana,Hisar,"Urban Estate-II, Hisar - HSPCB","23-09-2026 12:00:00",29.14056,75.744941,SO2,11,135,25
India,Haryana,Karnal,"Sector-12, Karnal - HSPCB","23-09-2026 12:00:00",29.6953,77.0027,NO2,9,21,15
India,Haryana,Karnal,"Sector-12, Karnal - HSPCB","23-09-2026 12:00:00",29.6953,77.0027,SO2,12,13,13
India,Haryana,Karnal,"Sector-12, Karnal - HSPCB","23-09-2026 12:00:00",29.6953,77.0027,OZONE,12,13,12
India,Haryana,Kurukshetra,"Sector-7, Kurukshetra - HSPCB","23-09-2026 12:00:00",29.966942,76.875879,PM2.5,71,145,93
India,Haryana,Kurukshetra,"Sector-7, Kurukshetra - HSPCB","23-09-2026 12:00:00",29.966942,76.875879,NH3,4,5,5
India,Haryana,Kurukshetra,"Sector-7, Kurukshetra - HSPCB","23-09-2026 12:00:00",29.966942,76.875879,SO2,3,12,8
India,Haryana,Kurukshetra,"Sector-7, Kurukshetra - HSPCB","23-09-2026 12:00:00",29.966942,76.875879,CO,23,34,29
India,Haryana,Kurukshetra,"Sector-7, Kurukshetra - HSPCB","23-09-2026 12:00:00",29.966942,76.875879,OZONE,5,27,11
India,Haryana,Mandikhera,"General Hospital, Mandikhera(Nuh) - HSPCB","23-09-2026 12:00:00",27.9002,76.9938,PM10,31,82,49
India,Haryana,Mandikhera,"General Hospital, Mandikhera(Nuh) - HSPCB","23-09-2026 12:00:00",27.9002,76.9938,OZONE,25,26,26
India,Haryana,Manesar,"Sector-2 IMT, Manesar - HSPCB","23-09-2026 12:00:00",28.360699,76.93609,PM10,60,157,115
India,Haryana,Manesar,"Sector-2 IMT, Manesar - HSPCB","23-09-2026 12:00:00",28.360699,76.93609,CO,17,43,34
India,Haryana,Narnaul,"Shastri Nagar, Narnaul - HSPCB","23-09-2026 12:00:00",28.060249,76.113115,SO2,3,5,4
India,Haryana,Palwal,"Shyam Nagar, Palwal - HSPCB","23-09-2026 12:00:00",28.1485564,77.3320667,CO,24,66,43
India,Haryana,Panchgaon,"Amity University, Panchgaon - IITM","23-09-2026 12:00:00",28.3153,76.9143,NO2,37,100,59
India,Haryana,Panchgaon,"Amity University, Panchgaon - IITM","23-09-2026 12:00:00",28.3153,76.9143,SO2,2,29,15
India,Haryana,Panipat,"Sector-18, Panipat - HSPCB","23-09-2026 12:00:00",29.432304,76.972765,PM10,4,189,112
India,Gujarat,Ahmedabad,"SAC ISRO Satellite, Ahmedabad - IITM","23-09-2026 12:00:00",23.023389,72.515201,OZONE,2,7,3
India,Gujarat,Ahmedabad,"Chandkheda, Ahmedabad - IITM","23-09-2026 12:00:00",23.107969,72.574648,NO2,7,36,14
India,Gujarat,Ahmedabad,"Chandkheda, Ahmedabad - IITM","23-09-2026 12:00:00",23.107969,72.574648,SO2,4,11,8
India,Gujarat,Ahmedabad,"Chandkheda, Ahmedabad - IITM","23-09-2026 12:00:00",23.107969,72.574648,OZONE,3,8,4
India,Gujarat,Ahmedabad,"SVPI Airport Hansol, Ahmedabad - IITM","23-09-2026 12:00:00",23.076793,72.627874,SO2,3,4,3
India,Gujarat,Ahmedabad,"SVPI Airport Hansol, Ahmedabad - IITM","23-09-2026 12:00:00",23.076793,72.627874,CO,16,33,22
India,Gujarat,Ahmedabad,"SAC ISRO Bopal, Ahmedabad - IITM","23-09-2026 12:00:00",23.041137,72.456691,PM10,41,162,92
India,Gujarat,Bhavnagar,"Vidhyanagar, Bhavnagar - Nexteng Enviro","23-09-2026 12:00:00",21.755417,72.139056,PM10,45,85,65
India,Gujarat,Bhavnagar,"Vidhyanagar, Bhavnagar - Nexteng Enviro","23-09-2026 12:00:00",21.755417,72.139056,NH3,4,5,5
India,Gujarat,Gandhinagar,"Sector-10, Gandhinagar - GPCB","23-09-2026 12:00:00",23.221714,72.654328,NH3,1,1,1
India,Gujarat,Gandhinagar,"Sector-10, Gandhinagar - GPCB","23-09-2026 12:00:00",23.221714,72.654328,SO2,5,6,6
India,Gujarat,Gandhinagar,"GIFT City, Gandhinagar - IITM","23-09-2026 12:00:00",23.163798,72.677768,SO2,1,14,6
India,Gujarat,Gandhinagar,"IIPHG Lekawada, Gandhinagar - IITM","23-09-2026 12:00:00",23.243639,72.68994,PM10,47,107,78
India,Gujarat,Gandhinagar,"IIPHG Lekawada, Gandhinagar - IITM","23-09-2026 12:00:00",23.243639,72.68994,NH3,5,9,6
India,Gujarat,Gandhinagar,"IIPHG Lekawada, Gandhinagar - IITM","23-09-2026 12:00:00",23.243639,72.68994,CO,8,15,12
India,Gujarat,Gandhinagar,"IIPHG Lekawada, Gandhinagar - IITM","23-09-2026 12:00:00",23.243639,72.68994,OZONE,1,4,2
India,Gujarat,Mehsana,"Sadanand Nagar, Mehsana - Nexteng Enviro","23-09-2026 12:00:00",23.59315,72.372792,PM2.5,29,72,49
India,Gujarat,Mehsana,"Sadanand Nagar, Mehsana - Nexteng Enviro","23-09-2026 12:00:00",23.59315,72.372792,SO2,15,16,15
India,Delhi,Delhi,"Mandir Marg, Delhi - DPCC","23-09-2026 12:00:00",28.636429,77.201067,PM2.5,32,237,94
India,Delhi,Delhi,"Mandir Marg, Delhi - DPCC","23-09-2026 12:00:00",28.636429,77.201067,NO2,17,49,27
India,Delhi,Delhi,"Pusa, Delhi - DPCC","23-09-2026 12:00:00",28.639652,77.146275,PM10,70,204,133
India,Delhi,Delhi,"Sirifort, Delhi - CPCB","23-09-2026 12:00:00",28.5504249,77.2159377,PM10,108,426,170
India,Delhi,Delhi,"Sirifort, Delhi - CPCB","23-09-2026 12:00:00",28.5504249,77.2159377,CO,45,59,53
India,Delhi,Delhi,"Sirifort, Delhi - CPCB","23-09-2026 12:00:00",28.5504249,77.2159377,OZONE,12,17,15
India,Delhi,Delhi,"Pusa, Delhi - IITM","23-09-2026 12:00:00",28.63611,77.173332,PM2.5,67,306,162
India,Delhi,Delhi,"Pusa, Delhi - IITM","23-09-2026 12:00:00",28.63611,77.173332,SO2,NA,NA,NA
India,Delhi,Delhi,"IIT Delhi, Delhi - IITM","23-09-2026 12:00:00",28.54246,77.191651,SO2,NA,NA,NA
India,Delhi,Delhi,"IIT Delhi, Delhi - IITM","23-09-2026 12:00:00",28.54246,77.191651,OZONE,21,67,41
India,Delhi,Delhi,"IGI Airport (T3), Delhi - IITM","23-09-2026 12:00:00",28.5627763,77.1180053,NH3,NA,NA,NA
India,Delhi,Delhi,"IGNOU_Maidan Garhi, Delhi - DPCC","23-09-2026 12:00:00",28.493624,77.201159,NH3,0,7,1
India,Delhi,Delhi,"Commonwealth Sports Complex, Delhi - DPCC","23-09-2026 12:00:00",28.615828,77.271992,PM10,112,145,127
India,Delhi,Delhi,"Commonwealth Sports Complex, Delhi - DPCC","23-09-2026 12:00:00",28.615828,77.271992,NH3,0,3,2
India,Delhi,Delhi,"Commonwealth Sports Complex, Delhi - DPCC","23-09-2026 12:00:00",28.615828,77.271992,SO2,11,17,13
India,Delhi,Delhi,"Talkatora Garden, Delhi - DPCC","23-09-2026 12:00:00",28.62181,77.1944633,NO2,12,29,18
India,Delhi,Delhi,"Talkatora Garden, Delhi - DPCC","23-09-2026 12:00:00",28.62181,77.1944633,OZONE,6,51,18
India,Karnataka,Kalaburagi,"Lal Bahadur Shastri Nagar, Kalaburagi - KSPCB","23-09-2026 12:00:00",17.321993,76.822628,NH3,NA,NA,NA
India,Karnataka,Kalaburagi,"Lal Bahadur Shastri Nagar, Kalaburagi - KSPCB","23-09-2026 12:00:00",17.321993,76.822628,CO,NA,NA,NA
India,Karnataka,Kolar,"Tamaka Ind. Area, Kolar - KSPCB","23-09-2026 12:00:00",13.1276288,78.1570122,PM2.5,NA,NA,NA
India,Karnataka,Madikeri,"Stuart Hill, Madikeri - KSPCB","23-09-2026 12:00:00",12.415911,75.73505,SO2,NA,NA,NA
India,Karnataka,Mangalore,"Kadri, Mangalore - KSPCB","23-09-2026 12:00:00",12.88925,74.853,PM10,15,65,45
India,Karnataka,Mangalore,"Kadri, Mangalore - KSPCB","23-09-2026 12:00:00",12.88925,74.853,NO2,2,7,4
India,Karnataka,Shivamogga,"Vinoba Nagara, Shivamogga - KSPCB","23-09-2026 12:00:00",13.94,75.555917,CO,22,26,24
India,Karnataka,Udupi,"Brahmagiri, Udupi - KSPCB","23-09-2026 12:00:00",13.34194444,74.74694444,OZONE,14,15,15
India,Karnataka,Yadgir,"Collector Office, Yadgir - KSPCB","23-09-2026 12:00:00",16.7602,77.1428,PM10,5,64,37
India,Karnataka,Yadgir,"Collector Office, Yadgir - KSPCB","23-09-2026 12:00:00",16.7602,77.1428,SO2,9,26,15
India,Kerala,Eloor,"Udyogamandal, Eloor - Kerala PCB","23-09-2026 12:00:00",10.073232,76.302765,PM2.5,86,101,92
India,Kerala,Eloor,"Udyogamandal, Eloor - Kerala PCB","23-09-2026 12:00:00",10.073232,76.302765,CO,106,111,108
India,Kerala,Kannur,"Thavakkara, Kannur - Kerala PCB","23-09-2026 12:00:00",11.875,75.3732,SO2,NA,NA,NA
India,Gujarat,Nandesari,"GIDC, Nandesari - Nandesari Ind. Association","23-09-2026 12:00:00",22.410802,73.097923,PM10,44,117,82
India,Gujarat,Nandesari,"GIDC, Nandesari - Nandesari Ind. Association","23-09-2026 12:00:00",22.410802,73.097923,NH3,NA,NA,NA
India,Gujarat,Surat,"Science Center, Surat - SMC","23-09-2026 12:00:00",21.170046,72.795405,PM2.5,18,98,62
India,Gujarat,Surat,"Science Center, Surat - SMC","23-09-2026 12:00:00",21.170046,72.795405,PM10,34,81,54
India,Gujarat,Vadodara,"Bapunagar, Vadodara - Nexteng Enviro","23-09-2026 12:00:00",22.320153,73.216285,NO2,12,16,13
India,Gujarat,Vapi,"Phase-1 GIDC, Vapi - GPCB","23-09-2026 12:00:00",20.362421,72.918013,NO2,19,27,20
India,Gujarat,Vapi,"Phase-1 GIDC, Vapi - GPCB","23-09-2026 12:00:00",20.362421,72.918013,OZONE,3,14,6
India,Haryana,Ambala,"Patti Mehar, Ambala - HSPCB","23-09-2026 12:00:00",30.379589,76.778328,PM2.5,64,183,102
India,Haryana,Ambala,"Patti Mehar, Ambala - HSPCB","23-09-2026 12:00:00",30.379589,76.778328,NH3,6,7,6
India,Haryana,Ambala,"Patti Mehar, Ambala - HSPCB","23-09-2026 12:00:00",30.379589,76.778328,SO2,16,67,47
India,Haryana,Bahadurgarh,"Arya Nagar, Bahadurgarh - HSPCB","23-09-2026 12:00:00",28.6701,76.9254,OZONE,9,29,18
India,Haryana,Ballabgarh,"Nathu Colony, Ballabgarh - HSPCB","23-09-2026 12:00:00",28.3419248,77.319699,NH3,4,5,4
India,Haryana,Bhiwani,"H.B. Colony, Bhiwani - HSPCB","23-09-2026 12:00:00",28.806223,76.141105,NO2,17,19,18
India,Haryana,"Charkhi Dadri","Mini Secretariat, Charkhi Dadri - HSPCB","23-09-2026 12:00:00",28.593883,76.270653,SO2,7,9,8
India,Haryana,"Charkhi Dadri","Mini Secretariat, Charkhi Dadri - HSPCB","23-09-2026 12:00:00",28.593883,76.270653,OZONE,11,39,25
India,Haryana,Dharuhera,"Municipal Corporation Office, Dharuhera -  HSPCB","23-09-2026 12:00:00",28.2068,76.7997,SO2,6,14,9
India,Haryana,Dharuhera,"Municipal Corporation Office, Dharuhera -  HSPCB","23-09-2026 12:00:00",28.2068,76.7997,CO,30,61,47
India,Haryana,Dharuhera,"Municipal Corporation Office, Dharuhera -  HSPCB","23-09-2026 12:00:00",28.2068,76.7997,OZONE,8,56,22
India,Haryana,Faridabad,"Sector 11, Faridabad - HSPCB","23-09-2026 12:00:00",28.376058,77.315741,PM2.5,44,45,44
India,Haryana,Faridabad,"Sector 11, Faridabad - HSPCB","23-09-2026 12:00:00",28.376058,77.315741,PM10,53,53,53
India,Haryana,Faridabad,"Sector 11, Faridabad - HSPCB","23-09-2026 12:00:00",28.376058,77.315741,OZONE,6,6,6
India,Haryana,Faridabad,"New Industrial Town, Faridabad - HSPCB","23-09-2026 12:00:00",28.39072,77.30059,PM2.5,NA,NA,NA
India,Haryana,Faridabad,"New Industrial Town, Faridabad - HSPCB","23-09-2026 12:00:00",28.39072,77.30059,CO,27,28,28
India,Haryana,Fatehabad,"Huda Sector, Fatehabad - HSPCB","23-09-2026 12:00:00",29.503664,75.467934,NO2,19,20,19
India,Haryana,Fatehabad,"Huda Sector, Fatehabad - HSPCB","23-09-2026 12:00:00",29.503664,75.467934,SO2,21,31,27
India,Haryana,Fatehabad,"Huda Sector, Fatehabad - HSPCB","23-09-2026 12:00:00",29.503664,75.467934,CO,50,80,58
India,Haryana,Gurugram,"NISE Gwal Pahari, Gurugram - IITM","23-09-2026 12:00:00",28.422681,77.148944,PM10,89,250,148
India,Delhi,Delhi,"CRRI Mathura Road, Delhi - IITM","23-09-2026 12:00:00",28.5512005,77.2735737,OZONE,12,70,23
India,Delhi,Delhi,"Burari Crossing, Delhi - IITM","23-09-2026 12:00:00",28.7256504,77.2011573,CO,43,56,50
India,Delhi,Delhi,"JNU, Delhi - DPCC","23-09-2026 12:00:00",28.540721,77.168544,NH3,0,7,2
India,Delhi,Delhi,"JNU, Delhi - DPCC","23-09-2026 12:00:00",28.540721,77.168544,CO,73,86,80
India,Delhi,Delhi,"ITO, Delhi - CPCB","23-09-2026 12:00:00",28.628624,77.24106,NO2,36,80,60
India,Delhi,Delhi,"R K Puram, Delhi - DPCC","23-09-2026 12:00:00",28.563262,77.186937,PM10,89,334,163
India,Delhi,Delhi,"Alipur, Delhi - DPCC","23-09-2026 12:00:00",28.815329,77.15301,PM10,122,171,147
India,Gujarat,Ahmedabad,"Rakhial, Ahmedabad - IITM","23-09-2026 12:00:00",23.016834,72.625775,CO,1,20,9
India,Gujarat,Ahmedabad,"Rakhial, Ahmedabad - IITM","23-09-2026 12:00:00",23.016834,72.625775,OZONE,1,12,5
India,Karnataka,Bengaluru,"Jigani, Bengaluru - KSPCB","23-09-2026 12:00:00",12.7816279,77.6299145,NO2,NA,NA,NA
India,Karnataka,Bengaluru,"BTM Layout, Bengaluru - CPCB","23-09-2026 12:00:00",12.9135218,77.5950804,PM10,33,394,92
India,Karnataka,Bengaluru,"BTM Layout, Bengaluru - CPCB","23-09-2026 12:00:00",12.9135218,77.5950804,SO2,14,15,15
India,Karnataka,Bengaluru,"Silk Board, Bengaluru - KSPCB","23-09-2026 12:00:00",12.917348,77.622813,PM2.5,32,58,44
India,Karnataka,Bengaluru,"Silk Board, Bengaluru - KSPCB","23-09-2026 12:00:00",12.917348,77.622813,NH3,1,1,1
India,Karnataka,Chikkaballapur,"Chikkaballapur Rural, Chikkaballapur - KSPCB","23-09-2026 12:00:00",13.428828,77.731418,PM10,24,75,46
India,Karnataka,Chikkaballapur,"Chikkaballapur Rural, Chikkaballapur - KSPCB","23-09-2026 12:00:00",13.428828,77.731418,OZONE,19,19,19
India,Karnataka,Kalaburagi,"Mahatma Basaveswar Colony, Kalaburgi - KSPCB","23-09-2026 12:00:00",17.336318,76.847397,CO,31,34,33
India,Karnataka,Kalaburagi,"Mahatma Basaveswar Colony, Kalaburgi - KSPCB","23-09-2026 12:00:00",17.336318,76.847397,OZONE,14,14,14
India,"Madhya Pradesh",Satna,"Bandhavgar Colony, Satna - Birla Cement","23-09-2026 12:00:00",24.58434363,80.8549414,SO2,18,20,19
India,"Madhya Pradesh",Satna,"Bandhavgar Colony, Satna - Birla Cement","23-09-2026 12:00:00",24.58434363,80.8549414,CO,14,16,16
India,"Madhya Pradesh",Ujjain,"Mahashweta Nagar, Ujjain - MPPCB","23-09-2026 12:00:00",23.1633321,75.800225,PM10,43,87,65
India,Maharashtra,Ahmednagar,"Tarakpur, Ahmednagar - MPCB","23-09-2026 12:00:00",19.10122,74.73339,NO2,NA,NA,NA
India,Maharashtra,Ahmednagar,"Tarakpur, Ahmednagar - MPCB","23-09-2026 12:00:00",19.10122,74.73339,SO2,NA,NA,NA
India,Maharashtra,Akola,"Ramdaspeth, Akola - MPCB","23-09-2026 12:00:00",20.719516,77.000253,NO2,4,31,9
India,Maharashtra,Akola,"Ramdaspeth, Akola - MPCB","23-09-2026 12:00:00",20.719516,77.000253,CO,9,14,12
India,Maharashtra,Ambernath,"Chinchpada, Ambernath - MPCB","23-09-2026 12:00:00",19.215784,73.199781,PM10,22,131,75
India,Maharashtra,Ambernath,"Chinchpada, Ambernath - MPCB","23-09-2026 12:00:00",19.215784,73.199781,NO2,12,35,23
India,Maharashtra,Ambernath,"Chinchpada, Ambernath - MPCB","23-09-2026 12:00:00",19.215784,73.199781,OZONE,7,32,14
India,Maharashtra,Amravati,"Shivneri Colony, Amravati - MPCB","23-09-2026 12:00:00",20.9402359,77.7895248,PM2.5,20,36,28
India,Maharashtra,Amravati,"Shivneri Colony, Amravati - MPCB","23-09-2026 12:00:00",20.9402359,77.7895248,NO2,4,20,9
India,Maharashtra,Amravati,"Shivneri Colony, Amravati - MPCB","23-09-2026 12:00:00",20.9402359,77.7895248,NH3,2,2,2
India,Maharashtra,Aurangabad,"MIDC Chilkalthana, Aurangabad - MPCB","23-09-2026 12:00:00",19.87562,75.38731,PM2.5,NA,NA,NA
India,Maharashtra,Aurangabad,"Rachnakar Colony, Aurangabad - MPCB","23-09-2026 12:00:00",19.863756,75.321188,PM10,36,70,57
India,Maharashtra,Aurangabad,"Rachnakar Colony, Aurangabad - MPCB","23-09-2026 12:00:00",19.863756,75.321188,NH3,1,2,1
India,Maharashtra,Aurangabad,"More Chowk Waluj, Aurangabad - MPCB","23-09-2026 12:00:00",19.8389439,75.244448,PM2.5,22,57,35
India,Maharashtra,Badlapur,"Katrap, Badlapur - MPCB","23-09-2026 12:00:00",19.16485,73.23409,PM10,24,191,43
India,Maharashtra,Badlapur,"Katrap, Badlapur - MPCB","23-09-2026 12:00:00",19.16485,73.23409,CO,49,56,53
India,Maharashtra,Beed,"Bir, Beed - MPCB","23-09-2026 12:00:00",18.988474,75.753873,PM2.5,NA,NA,NA
India,"Madhya Pradesh",Indore,"Regional Park, Indore - IMC","23-09-2026 12:00:00",22.678,75.8559,PM10,6,68,43
India,"Madhya Pradesh",Indore,"Chhoti Gwaltoli, Indore - MPPCB","23-09-2026 12:00:00",22.431,75.5213,NO2,45,91,72
India,"Madhya Pradesh",Indore,"Chhoti Gwaltoli, Indore - MPPCB","23-09-2026 12:00:00",22.431,75.5213,CO,27,43,34
India,"Madhya Pradesh",Indore,"Residency Area, Indore - IMC","23-09-2026 12:00:00",22.7084,75.8815,NH3,0,0,0
India,"Madhya Pradesh",Indore,"Residency Area, Indore - IMC","23-09-2026 12:00:00",22.7084,75.8815,SO2,3,3,3
India,"Madhya Pradesh",Indore,"Maguda Nagar, Indore - IMC","23-09-2026 12:00:00",22.7524,75.8872,PM2.5,19,72,46
India,"Madhya Pradesh",Indore,"Maguda Nagar, Indore - IMC","23-09-2026 12:00:00",22.7524,75.8872,NH3,NA,NA,NA
India,"Madhya Pradesh",Jabalpur,"Govindh Bhavan Colony, Jabalpur - JMC","23-09-2026 12:00:00",23.163174,79.973061,NH3,2,6,4
India,"Madhya Pradesh",Jabalpur,"Suhagi, Jabalpur - JMC","23-09-2026 12:00:00",23.218135,79.95777,OZONE,4,38,17
India,"Madhya Pradesh",Katni,"Gole Bazar, Katni - MPPCB","23-09-2026 12:00:00",23.50016,80.23284,NO2,4,31,14
India,"Madhya Pradesh",Maihar,"Sahilara, Maihar - KJS Cements","23-09-2026 12:00:00",24.2613009,80.7231783,NO2,NA,NA,NA
India,"Madhya Pradesh",Mandideep,"Sector-D Industrial Area, Mandideep - MPPCB","23-09-2026 12:00:00",23.10844,77.511428,OZONE,26,46,36
India,"Madhya Pradesh",Pithampur,"Sector-2 Industrial Area, Pithampur - MPPCB","23-09-2026 12:00:00",22.624758,75.675238,PM2.5,58,350,198
India,"Madhya Pradesh",Pithampur,"Sector-2 Industrial Area, Pithampur - MPPCB","23-09-2026 12:00:00",22.624758,75.675238,PM10,66,401,188
India,"Madhya Pradesh",Pithampur,"Sector-2 Industrial Area, Pithampur - MPPCB","23-09-2026 12:00:00",22.624758,75.675238,OZONE,59,84,69
India,Maharashtra,Belapur,"CBD Belapur, Belapur - MPCB","23-09-2026 12:00:00",19.0243902,73.0406721,OZONE,9,26,13
India,Maharashtra,Bhiwandi,"Gokul Nagar, Bhiwandi - MPCB","23-09-2026 12:00:00",19.309073,73.057223,PM10,41,99,71
India,Maharashtra,Boisar,"Khaira, Boisar - MPCB","23-09-2026 12:00:00",19.786089,72.757971,PM2.5,31,53,41
India,Maharashtra,Boisar,"Khaira, Boisar - MPCB","23-09-2026 12:00:00",19.786089,72.757971,NO2,6,30,13
India,Maharashtra,Boisar,"Khaira, Boisar - MPCB","23-09-2026 12:00:00",19.786089,72.757971,SO2,10,11,10
India,Maharashtra,Boisar,"Khaira, Boisar - MPCB","23-09-2026 12:00:00",19.786089,72.757971,CO,10,42,24
India,Maharashtra,Chandrapur,"Chauhan Colony, Chandrapur - MPCB","23-09-2026 12:00:00",19.9629,79.298714,PM2.5,33,123,67
India,Maharashtra,Chandrapur,"MIDC Khutala, Chandrapur - MPCB","23-09-2026 12:00:00",19.9775302,79.2337086,SO2,1,9,4
India,Maharashtra,Hingoli,"Ashta Vinayak Nagar, Hingoli - MPCB","23-09-2026 12:00:00",19.710842,77.151824,NO2,6,30,11
India,Maharashtra,Jalgaon,"Prabhat Colony, Jalgaon - MPCB","23-09-2026 12:00:00",21.001264,75.565602,PM10,42,279,78
India,Maharashtra,Kalyan,"Pimpleshwar Mandir, Kalyan - MPCB","23-09-2026 12:00:00",19.192056,72.9585188,NH3,1,1,1
India,Maharashtra,Kolhapur,"Shivaji University, Kolhapur - MPCB","23-09-2026 12:00:00",16.6870449,74.2505872,NH3,3,4,3
India,Maharashtra,Kolhapur,"Sinchan Bhavan, Kolhapur - MPCB","23-09-2026 12:00:00",16.7143745,74.2426398,PM2.5,16,55,28
India,Maharashtra,Nashik,"Hirawadi, Nashik - MPCB","23-09-2026 12:00:00",20.021503,73.813844,PM2.5,19,64,39
India,Maharashtra,Nashik,"Hirawadi, Nashik - MPCB","23-09-2026 12:00:00",20.021503,73.813844,OZONE,25,33,28
India,Maharashtra,Nashik,"MIDC Ambad, Nashik - MPCB","23-09-2026 12:00:00",19.95022,73.73148,OZONE,12,28,19
India,Maharashtra,"Navi Mumbai","Kopripada-Vashi, Navi Mumbai - MPCB","23-09-2026 12:00:00",19.090337,73.014232,PM10,45,124,86
India,Maharashtra,"Navi Mumbai","Kopripada-Vashi, Navi Mumbai - MPCB","23-09-2026 12:00:00",19.090337,73.014232,OZONE,5,33,12
India,Maharashtra,"Navi Mumbai","Nerul, Navi Mumbai - MPCB","23-09-2026 12:00:00",19.008751,73.01662,NH3,0,0,0
India,Maharashtra,"Navi Mumbai","Nerul, Navi Mumbai - MPCB","23-09-2026 12:00:00",19.008751,73.01662,OZONE,NA,NA,NA
India,Maharashtra,"Navi Mumbai","Tondare-Taloja, Navi Mumbai - MPCB","23-09-2026 12:00:00",19.063,73.1209,SO2,0,6,2
India,Maharashtra,"Navi Mumbai","Tondare-Taloja, Navi Mumbai - MPCB","23-09-2026 12:00:00",19.063,73.1209,CO,31,40,35
India,Maharashtra,"Navi Mumbai","Mahape, Navi Mumbai - MPCB","23-09-2026 12:00:00",19.1135051,73.008978,PM2.5,9,47,27
India,Maharashtra,"Navi Mumbai","Mahape, Navi Mumbai - MPCB","23-09-2026 12:00:00",19.1135051,73.008978,NO2,42,44,43
India,Maharashtra,Parbhani,"Masoom Colony, Parbhani - MPCB","23-09-2026 12:00:00",19.265594,76.761463,OZONE,6,8,7
India,Maharashtra,Pimpri-Chinchwad,"Bhosari, Pune - IITM","23-09-2026 12:00:00",18.640051,73.848956,PM2.5,38,77,59
India,Maharashtra,Pimpri-Chinchwad,"Bhosari, Pune - IITM","23-09-2026 12:00:00",18.640051,73.848956,NO2,19,65,38
India,Maharashtra,Pimpri-Chinchwad,"Bhosari, Pune - IITM","23-09-2026 12:00:00",18.640051,73.848956,SO2,NA,NA,NA
India,Maharashtra,Pimpri-Chinchwad,"Bhumkar Nagar, Pune - IITM","23-09-2026 12:00:00",18.60577,73.749976,PM10,35,76,57
India,Maharashtra,Pimpri-Chinchwad,"Bhumkar Nagar, Pune - IITM","23-09-2026 12:00:00",18.60577,73.749976,NO2,15,27,18
India,Maharashtra,Pimpri-Chinchwad,"Bhumkar Nagar, Pune - IITM","23-09-2026 12:00:00",18.60577,73.749976,SO2,NA,NA,NA
India,Maharashtra,Pimpri-Chinchwad,"Bhumkar Nagar, Pune - IITM","23-09-2026 12:00:00",18.60577,73.749976,CO,29,43,35
India,Maharashtra,Pimpri-Chinchwad,"Bhumkar Nagar, Pune - IITM","23-09-2026 12:00:00",18.60577,73.749976,OZONE,30,65,43
India,Maharashtra,Pune,"Panchawati_Pashan, Pune - IITM","23-09-2026 12:00:00",18.536457,73.805454,NH3,NA,NA,NA
India,Maharashtra,Pune,"Savitribai Phule Pune University, Pune - MPCB","23-09-2026 12:00:00",18.547056,73.826908,SO2,3,5,4
India,Maharashtra,Pune,"Katraj Dairy, Pune - MPCB","23-09-2026 12:00:00",18.45445,73.854155,PM2.5,11,41,17
India,Maharashtra,Pune,"Katraj Dairy, Pune - MPCB","23-09-2026 12:00:00",18.45445,73.854155,PM10,19,72,30
India,Maharashtra,Pune,"Katraj Dairy, Pune - MPCB","23-09-2026 12:00:00",18.45445,73.854155,NO2,10,17,14
India,Maharashtra,Pune,"Katraj Dairy, Pune - MPCB","23-09-2026 12:00:00",18.45445,73.854155,OZONE,10,10,10
India,Maharashtra,Pune,"Mhada Colony, Pune - IITM","23-09-2026 12:00:00",18.57304,73.927715,PM2.5,41,78,62
India,Maharashtra,Pune,"Mhada Colony, Pune - IITM","23-09-2026 12:00:00",18.57304,73.927715,NH3,NA,NA,NA
India,Maharashtra,Pune,"Mhada Colony, Pune - IITM","23-09-2026 12:00:00",18.57304,73.927715,OZONE,11,31,17
India,Maharashtra,Sangli,"Vijay Nagar, Sangli - MPCB","23-09-2026 12:00:00",16.5038,74.3623,PM10,10,40,31
India,Maharashtra,Kolhapur,"Sinchan Bhavan, Kolhapur - MPCB","23-09-2026 12:00:00",16.7143745,74.2426398,SO2,0,2,1
India,Maharashtra,Latur,"Sawe Wadi, Latur - MPCB","23-09-2026 12:00:00",18.39963,76.57452,PM10,27,78,51
India,Maharashtra,Mahad,"Kamble Tarf Birwadi, Mahad - MPCB","23-09-2026 12:00:00",18.1023399,73.4783687,NO2,5,29,13
India,Maharashtra,Mahad,"Kamble Tarf Birwadi, Mahad - MPCB","23-09-2026 12:00:00",18.1023399,73.4783687,SO2,1,11,5
India,Maharashtra,Mira-Bhayandar,"Bhayandar West, Mira-Bhayandar - MPCB","23-09-2026 12:00:00",19.296481,72.840923,PM2.5,25,58,39
India,Maharashtra,Mumbai,"Sion, Mumbai - MPCB","23-09-2026 12:00:00",19.047,72.8746,NO2,NA,NA,NA
India,Maharashtra,Mumbai,"Sion, Mumbai - MPCB","23-09-2026 12:00:00",19.047,72.8746,NH3,NA,NA,NA
India,Maharashtra,Mumbai,"Sion, Mumbai - MPCB","23-09-2026 12:00:00",19.047,72.8746,SO2,5,5,5
India,Maharashtra,Mumbai,"Sion, Mumbai - MPCB","23-09-2026 12:00:00",19.047,72.8746,CO,18,20,20
India,Maharashtra,Mumbai,"Navy Nagar-Colaba, Mumbai - IITM","23-09-2026 12:00:00",18.897756,72.81332,NH3,2,3,2
India,Maharashtra,Mumbai,"Mulund West, Mumbai - MPCB","23-09-2026 12:00:00",19.175,72.9419,SO2,NA,NA,NA
India,Maharashtra,Mumbai,"Ghatkopar, Mumbai - BMC","23-09-2026 12:00:00",19.083694,72.920967,CO,20,28,24
India,Maharashtra,Mumbai,"Mindspace-Malad West, Mumbai - MPCB","23-09-2026 12:00:00",19.1878657,72.8304069,PM2.5,11,34,24
India,Maharashtra,Mumbai,"Chembur, Mumbai - MPCB","23-09-2026 12:00:00",19.0364585,72.8954371,SO2,0,2,2
India,Maharashtra,Mumbai,"Borivali East, Mumbai - MPCB","23-09-2026 12:00:00",19.2243333,72.8658113,NH3,2,2,2
India,Maharashtra,Mumbai,"Borivali East, Mumbai - MPCB","23-09-2026 12:00:00",19.2243333,72.8658113,OZONE,NA,NA,NA
India,Maharashtra,Mumbai,"Malad West, Mumbai - IITM","23-09-2026 12:00:00",19.19709,72.82204,SO2,3,20,8
India,Maharashtra,Mumbai,"Malad West, Mumbai - IITM","23-09-2026 12:00:00",19.19709,72.82204,CO,30,44,35
India,Maharashtra,Nagpur,"Ram Nagar, Nagpur - MPCB","23-09-2026 12:00:00",21.143383,79.048912,OZONE,10,12,11
India,Maharashtra,Nagpur,"Mahal, Nagpur - MPCB","23-09-2026 12:00:00",21.14472,79.107595,PM2.5,22,500,78
India,Maharashtra,Nagpur,"Opp GPO Civil Lines, Nagpur - MPCB","23-09-2026 12:00:00",21.152875,79.0517531,OZONE,6,12,9
India,Maharashtra,Mumbai,"Khindipada-Bhandup West, Mumbai - IITM","23-09-2026 12:00:00",19.1653323,72.922099,PM2.5,4,63,28
India,Maharashtra,Mumbai,"Khindipada-Bhandup West, Mumbai - IITM","23-09-2026 12:00:00",19.1653323,72.922099,SO2,3,17,8
India,Maharashtra,Mumbai,"Kandivali West, Mumbai - BMC","23-09-2026 12:00:00",19.215859,72.831718,OZONE,16,36,25
India,Maharashtra,Mumbai,"Bandra Kurla Complex, Mumbai - IITM","23-09-2026 12:00:00",19.053536,72.84643,NO2,NA,NA,NA
India,Maharashtra,Mumbai,"Byculla, Mumbai - BMC","23-09-2026 12:00:00",18.9767,72.838,OZONE,1,18,8
India,Maharashtra,Mumbai,"Borivali East, Mumbai - IITM","23-09-2026 12:00:00",19.23241,72.86895,PM2.5,35,80,48
India,Maharashtra,Mumbai,"Borivali East, Mumbai - IITM","23-09-2026 12:00:00",19.23241,72.86895,SO2,NA,NA,NA
India,Maharashtra,Mumbai,"Borivali East, Mumbai - IITM","23-09-2026 12:00:00",19.23241,72.86895,CO,33,48,41
India,Maharashtra,Mumbai,"Siddharth Nagar-Worli, Mumbai - IITM","23-09-2026 12:00:00",19.000083,72.813993,NH3,1,1,1
India,Maharashtra,Mumbai,"Mazgaon, Mumbai - IITM","23-09-2026 12:00:00",18.96702,72.84214,NH3,0,7,5
India,Ladakh,Leh,"Skara Yokma, Leh - LPCC","23-09-2026 12:00:00",34.147096,77.55709,CO,196,196,196
India,"Madhya Pradesh",Bhopal,"Idgah Hills, Bhopal - MPPCB","23-09-2026 12:00:00",23.264759,77.381568,NH3,3,4,4
India,"Madhya Pradesh",Bhopal,"Idgah Hills, Bhopal - MPPCB","23-09-2026 12:00:00",23.264759,77.381568,OZONE,30,44,37
India,"Madhya Pradesh",Bhopal,"Paryavaran Parisar, Bhopal - MPPCB","23-09-2026 12:00:00",23.210494,77.425409,PM2.5,43,90,65
India,"Madhya Pradesh",Bhopal,"Paryavaran Parisar, Bhopal - MPPCB","23-09-2026 12:00:00",23.210494,77.425409,NH3,1,2,2
India,"Madhya Pradesh",Gwalior,"Maharaj Bada, Gwalior - MPPCB","23-09-2026 12:00:00",26.200388,78.147714,SO2,1,41,16
India,"Madhya Pradesh",Gwalior,"City Center, Gwalior - MPPCB","23-09-2026 12:00:00",26.203442,78.193251,NO2,39,97,56
India,"Madhya Pradesh",Gwalior,"Deen Dayal Nagar, Gwalior - MPPCB","23-09-2026 12:00:00",26.259242,78.216432,PM2.5,48,78,61
India,Rajasthan,Jodhpur,"Samrat Ashok Udhyan, Jodhpur - RSPCB","23-09-2026 12:00:00",26.253384,72.976571,CO,12,22,16
India,Rajasthan,Jodhpur,"Mandor, Jodhpur - RSPCB","23-09-2026 12:00:00",26.358805,73.047444,NO2,2,88,25
India,Rajasthan,Jodhpur,"Digari Kalan, Jodhpur - RSPCB","23-09-2026 12:00:00",26.29581,73.082283,PM10,65,185,120
India,Rajasthan,Jodhpur,"Digari Kalan, Jodhpur - RSPCB","23-09-2026 12:00:00",26.29581,73.082283,NH3,15,29,22
India,Rajasthan,Jodhpur,"Digari Kalan, Jodhpur - RSPCB","23-09-2026 12:00:00",26.29581,73.082283,SO2,5,8,7
India,Rajasthan,Karauli,"Satyawati Vihar, Karauli - RSPCB","23-09-2026 12:00:00",26.506177,77.025989,PM10,22,48,31
India,Rajasthan,Karauli,"Satyawati Vihar, Karauli - RSPCB","23-09-2026 12:00:00",26.506177,77.025989,SO2,NA,NA,NA
India,Rajasthan,Khairthal,"New Anaj Mandi, Khairthal - RSPCB","23-09-2026 12:00:00",27.8015617,76.6365217,OZONE,82,82,82
India,Rajasthan,Kota,"Nayapura, Kota - RSPCB","23-09-2026 12:00:00",25.196024,75.855668,PM2.5,45,173,76
India,Rajasthan,Kota,"Nayapura, Kota - RSPCB","23-09-2026 12:00:00",25.196024,75.855668,NO2,8,81,33
India,Rajasthan,Kota,"Dhanmandi, Kota - RSPCB","23-09-2026 12:00:00",25.16409,75.858137,PM2.5,38,137,66
India,Rajasthan,Kota,"Dhanmandi, Kota - RSPCB","23-09-2026 12:00:00",25.16409,75.858137,PM10,64,147,100
India,Rajasthan,Kota,"Dhanmandi, Kota - RSPCB","23-09-2026 12:00:00",25.16409,75.858137,NH3,1,4,3
India,Rajasthan,Kota,"Dhanmandi, Kota - RSPCB","23-09-2026 12:00:00",25.16409,75.858137,SO2,5,11,6
India,Rajasthan,Kota,"Dhanmandi, Kota - RSPCB","23-09-2026 12:00:00",25.16409,75.858137,CO,18,32,24
India,Rajasthan,Nagaur,"Karni Colony, Nagaur - RSPCB","23-09-2026 12:00:00",27.213494,73.734444,OZONE,18,66,40
India,Rajasthan,Pali,"Indira Colony Vistar, Pali - RSPCB","23-09-2026 12:00:00",25.771061,73.340227,NO2,16,29,20
India,Rajasthan,Pratapgarh,"Pragati Nagar, Pratapgarh - RSPCB","23-09-2026 12:00:00",24.041198,74.780702,PM2.5,45,260,87
India,Rajasthan,Pratapgarh,"Pragati Nagar, Pratapgarh - RSPCB","23-09-2026 12:00:00",24.041198,74.780702,NO2,5,50,13
India,Rajasthan,Rajsamand,"Dhoinda, Rajsamand - RSPCB","23-09-2026 12:00:00",25.03636,73.883502,PM10,51,137,83
India,Rajasthan,"Sawai Madhopur","Sahu Nagar, Sawai Madhopur - RSPCB","23-09-2026 12:00:00",26.031443,76.359327,NH3,3,9,5
India,Rajasthan,Barmer,"Railway Colony, Barmer - RSPCB","23-09-2026 12:00:00",25.747299,71.393989,CO,41,49,46
India,Rajasthan,Bharatpur,"Krishna Nagar, Bharatpur - RSPCB","23-09-2026 12:00:00",27.215415,77.50873,NO2,9,30,17
India,Rajasthan,Bharatpur,"Krishna Nagar, Bharatpur - RSPCB","23-09-2026 12:00:00",27.215415,77.50873,SO2,7,8,8
India,Rajasthan,Bharatpur,"Krishna Nagar, Bharatpur - RSPCB","23-09-2026 12:00:00",27.215415,77.50873,OZONE,19,109,58
India,Rajasthan,Bhilwara,"Pratap Nagar, Bhilwara - RSPCB","23-09-2026 12:00:00",25.339605,74.618883,PM10,91,209,125
India,Rajasthan,Bhilwara,"Pratap Nagar, Bhilwara - RSPCB","23-09-2026 12:00:00",25.339605,74.618883,CO,17,40,33
India,Rajasthan,Bhiwadi,"Vasundhara Nagar_UIT, Bhiwadi - RSPCB","23-09-2026 12:00:00",28.207266,76.829265,PM10,51,192,103
India,Rajasthan,Bhiwadi,"Vasundhara Nagar_UIT, Bhiwadi - RSPCB","23-09-2026 12:00:00",28.207266,76.829265,NH3,NA,NA,NA
India,Rajasthan,Bhiwadi,"RIICO Ind. Area III, Bhiwadi - RSPCB","23-09-2026 12:00:00",28.194909,76.862296,PM10,119,231,174
India,Rajasthan,Bhiwadi,"RIICO Ind. Area III, Bhiwadi - RSPCB","23-09-2026 12:00:00",28.194909,76.862296,OZONE,7,25,14
India,Rajasthan,Bikaner,"MM Ground, Bikaner - RSPCB","23-09-2026 12:00:00",28.018792,73.292658,SO2,4,8,6
India,Rajasthan,Chittorgarh,"Shastri Nagar, Chittorgarh - RSPCB","23-09-2026 12:00:00",24.892047,74.623527,PM10,81,235,120
India,Rajasthan,Chittorgarh,"Shastri Nagar, Chittorgarh - RSPCB","23-09-2026 12:00:00",24.892047,74.623527,CO,3,42,15
India,Rajasthan,Dausa,"Khatikan Mohalla, Dausa - RSPCB","23-09-2026 12:00:00",26.895552,76.334753,NH3,NA,NA,NA
India,Rajasthan,Dungarpur,"Bhoiwada, Dungarpur - RSPCB","23-09-2026 12:00:00",23.837789,73.714926,PM2.5,52,107,72
India,Rajasthan,Dungarpur,"Bhoiwada, Dungarpur - RSPCB","23-09-2026 12:00:00",23.837789,73.714926,NH3,0,8,7
India,Rajasthan,Hanumangarh,"Housing Board, Hanumangarh - RSPCB","23-09-2026 12:00:00",29.61075,74.283608,PM2.5,46,147,104
India,Rajasthan,Hanumangarh,"Housing Board, Hanumangarh - RSPCB","23-09-2026 12:00:00",29.61075,74.283608,NH3,4,6,5
India,Rajasthan,Sikar,"Radhakishan Pura, Sikar - RSPCB","23-09-2026 12:00:00",27.608912,75.153302,PM10,19,226,115
India,Rajasthan,Sikar,"Radhakishan Pura, Sikar - RSPCB","23-09-2026 12:00:00",27.608912,75.153302,SO2,3,5,3
India,Rajasthan,Sirohi,"Vedhaynath Colony, Sirohi - RSPCB","23-09-2026 12:00:00",24.885261,72.857549,PM2.5,22,63,34
India,Rajasthan,Sirohi,"Vedhaynath Colony, Sirohi - RSPCB","23-09-2026 12:00:00",24.885261,72.857549,NO2,4,43,12
India,Rajasthan,"Sri Ganganagar","Old City, Sri Ganganagar - RSPCB","23-09-2026 12:00:00",29.931624,73.864511,PM2.5,50,177,109
India,Rajasthan,Udaipur,"Ashok Nagar, Udaipur - RSPCB","23-09-2026 12:00:00",24.5886166,73.6321397,NO2,3,35,16
India,Rajasthan,Udaipur,"Ashok Nagar, Udaipur - RSPCB","23-09-2026 12:00:00",24.5886166,73.6321397,SO2,1,108,28
India,Sikkim,Gangtok,"Zero Point GICI, Gangtok - SSPCB","23-09-2026 12:00:00",27.33853,88.614099,NH3,1,1,1
India,Sikkim,Gangtok,"Zero Point GICI, Gangtok - SSPCB","23-09-2026 12:00:00",27.33853,88.614099,SO2,1,1,1
India,Sikkim,Gangtok,"Zero Point GICI, Gangtok - SSPCB","23-09-2026 12:00:00",27.33853,88.614099,CO,1,7,5
India,"Tamil Nadu",Chennai,"Velachery Res. Area, Chennai - CPCB","23-09-2026 12:00:00",13.0052189,80.2398125,PM2.5,29,40,32
India,"Tamil Nadu",Chennai,"Velachery Res. Area, Chennai - CPCB","23-09-2026 12:00:00",13.0052189,80.2398125,CO,NA,NA,NA
India,"Tamil Nadu",Madurai,"Uchapatti, Madurai - TNPCB","23-09-2026 12:00:00",9.865935,78.022669,PM2.5,NA,NA,NA
India,"Tamil Nadu",Madurai,"Uchapatti, Madurai - TNPCB","23-09-2026 12:00:00",9.865935,78.022669,NO2,NA,NA,NA
India,"Tamil Nadu",Madurai,"Uchapatti, Madurai - TNPCB","23-09-2026 12:00:00",9.865935,78.022669,OZONE,6,6,6
India,Telangana,Hyderabad,"Kompally Municipal Office, Hyderabad - TSPCB","23-09-2026 12:00:00",17.544899,78.486949,PM10,67,83,73
India,Telangana,Hyderabad,"Kompally Municipal Office, Hyderabad - TSPCB","23-09-2026 12:00:00",17.544899,78.486949,OZONE,11,18,12
India,Telangana,Hyderabad,"Ramachandrapuram, Hyderabad - TSPCB","23-09-2026 12:00:00",17.528544,78.286195,PM10,48,71,53
India,Maharashtra,Sangli,"Vijay Nagar, Sangli - MPCB","23-09-2026 12:00:00",16.5038,74.3623,NO2,3,26,10
India,Maharashtra,Sangli,"Vijay Nagar, Sangli - MPCB","23-09-2026 12:00:00",16.5038,74.3623,OZONE,6,27,13
India,Maharashtra,Solapur,"Ratandeep Housing Society, Solapur - MPCB","23-09-2026 12:00:00",17.65439,75.90649,PM2.5,28,83,55
India,Maharashtra,Solapur,"Ratandeep Housing Society, Solapur - MPCB","23-09-2026 12:00:00",17.65439,75.90649,NH3,2,7,5
India,Maharashtra,Solapur,"Ratandeep Housing Society, Solapur - MPCB","23-09-2026 12:00:00",17.65439,75.90649,SO2,NA,NA,NA
India,Maharashtra,Solapur,"Dnyaneshwar Nagar, Solapur - MPCB","23-09-2026 12:00:00",17.6336264,75.9132495,NO2,4,19,10
India,Maharashtra,Thane,"Kasarvadavali, Thane - MPCB","23-09-2026 12:00:00",19.26777,72.97182,NO2,11,38,20
India,Maharashtra,Thane,"Kasarvadavali, Thane - MPCB","23-09-2026 12:00:00",19.26777,72.97182,SO2,6,7,6
India,Maharashtra,Thane,"Kasarvadavali, Thane - MPCB","23-09-2026 12:00:00",19.26777,72.97182,OZONE,4,28,11
India,Maharashtra,Thane,"Upvan Fort, Thane - MPCB","23-09-2026 12:00:00",19.222279,72.957979,PM10,28,86,47
India,Maharashtra,Thane,"Upvan Fort, Thane - MPCB","23-09-2026 12:00:00",19.222279,72.957979,CO,1,28,18
India,Maharashtra,Ulhasnagar,"Sidhi Vinayak Nagar, Ulhasnagar - MPCB","23-09-2026 12:00:00",19.235581,73.159121,SO2,2,29,7
India,Maharashtra,Ulhasnagar,"Vithalwadi, Ulhasnagar - MPCB","23-09-2026 12:00:00",19.2307571,73.155192,PM10,18,66,43
India,Maharashtra,Ulhasnagar,"Vithalwadi, Ulhasnagar - MPCB","23-09-2026 12:00:00",19.2307571,73.155192,NO2,7,10,9
India,Meghalaya,Byrnihat,"15th Mile-Nongthymmai, Byrnihat -Meghalaya PCB","23-09-2026 12:00:00",26.079047,91.875185,SO2,NA,NA,NA
India,Meghalaya,Shillong,"Lumpyngngad, Shillong - Meghalaya PCB","23-09-2026 12:00:00",25.5586,91.8985,PM10,NA,NA,NA
India,Meghalaya,Shillong,"Lumpyngngad, Shillong - Meghalaya PCB","23-09-2026 12:00:00",25.5586,91.8985,SO2,12,14,13
India,Mizoram,Aizawl,"Sikulpuikawn, Aizawl - Mizoram PCB","23-09-2026 12:00:00",23.7176342,92.7192841,NH3,0,0,0
India,Odisha,Nayagarh,"Dabuna, Nayagarh - OSPCB","23-09-2026 12:00:00",21.847279,85.416905,CO,6,7,7
India,Odisha,Nayagarh,"Dabuna, Nayagarh - OSPCB","23-09-2026 12:00:00",21.847279,85.416905,OZONE,16,17,16
India,Odisha,Rairangpur,"Divisional Forest Office, Rairangpur - OSPCB","23-09-2026 12:00:00",22.265816,86.174829,PM10,14,41,25
India,Odisha,Rairangpur,"Divisional Forest Office, Rairangpur - OSPCB","23-09-2026 12:00:00",22.265816,86.174829,NO2,6,7,6
India,Odisha,Rourkela,"Fertilizer Township, Rourkela - OSPCB","23-09-2026 12:00:00",22.18972222,84.86277778,NO2,11,11,11
India,Odisha,Rourkela,"Fertilizer Township, Rourkela - OSPCB","23-09-2026 12:00:00",22.18972222,84.86277778,NH3,NA,NA,NA
India,Odisha,Rourkela,"Fertilizer Township, Rourkela - OSPCB","23-09-2026 12:00:00",22.18972222,84.86277778,CO,12,15,14
India,Odisha,Rourkela,"Raghunathpali, Rourkela - OSPCB","23-09-2026 12:00:00",22.220833,84.809444,NH3,NA,NA,NA
India,Odisha,Rourkela,"Sector-2, Rourkela - OSPCB","23-09-2026 12:00:00",22.245,84.88111111,PM2.5,28,28,28
India,Odisha,Rourkela,"Sector-2, Rourkela - OSPCB","23-09-2026 12:00:00",22.245,84.88111111,PM10,23,23,23
India,Odisha,Rourkela,"Sector-2, Rourkela - OSPCB","23-09-2026 12:00:00",22.245,84.88111111,NO2,14,14,14
India,Odisha,Rourkela,"Sector-2, Rourkela - OSPCB","23-09-2026 12:00:00",22.245,84.88111111,OZONE,NA,NA,NA
India,Puducherry,Puducherry,"Jawahar Nagar, Puducherry - PPCC","23-09-2026 12:00:00",11.9309,79.8027,PM2.5,8,58,26
India,Punjab,Amritsar,"Golden Temple, Amritsar - PPCB","23-09-2026 12:00:00",31.62,74.876512,PM2.5,81,97,85
India,Punjab,Amritsar,"Golden Temple, Amritsar - PPCB","23-09-2026 12:00:00",31.62,74.876512,PM10,87,103,92
India,Punjab,Jalandhar,"Civil Line, Jalandhar - PPCB","23-09-2026 12:00:00",31.321907,75.578914,OZONE,26,39,30
India,Punjab,Khanna,"Kalal Majra, Khanna - PPCB","23-09-2026 12:00:00",30.736056,76.209694,NH3,4,10,6
India,Punjab,Khanna,"Kalal Majra, Khanna - PPCB","23-09-2026 12:00:00",30.736056,76.209694,SO2,6,15,10
India,Rajasthan,Hanumangarh,"Housing Board, Hanumangarh - RSPCB","23-09-2026 12:00:00",29.61075,74.283608,CO,31,45,38
India,Rajasthan,Jaipur,"Shastri Nagar, Jaipur - RSPCB","23-09-2026 12:00:00",26.9502929,75.730943,NH3,6,17,11
India,Rajasthan,Jaipur,"Adarsh Nagar, Jaipur - RSPCB","23-09-2026 12:00:00",26.902909,75.836858,PM2.5,47,204,82
India,Rajasthan,Jaipur,"Adarsh Nagar, Jaipur - RSPCB","23-09-2026 12:00:00",26.902909,75.836858,CO,32,48,41
India,Rajasthan,Jaipur,"Mansarovar Sector-12, Jaipur - RSPCB","23-09-2026 12:00:00",26.843698,75.766894,CO,43,64,53
India,Rajasthan,Jaipur,"Police Commissionerate, Jaipur - RSPCB","23-09-2026 12:00:00",26.9164092,75.7994901,PM2.5,51,96,69
India,Rajasthan,Jaipur,"Police Commissionerate, Jaipur - RSPCB","23-09-2026 12:00:00",26.9164092,75.7994901,NH3,4,29,12
India,Rajasthan,Jaipur,"Sector-2 Murlipura, Jaipur - RSPCB","23-09-2026 12:00:00",26.960669,75.771817,PM2.5,32,79,51
India,Rajasthan,Jaipur,"Sector-2 Murlipura, Jaipur - RSPCB","23-09-2026 12:00:00",26.960669,75.771817,NH3,8,13,10
India,Rajasthan,Jaipur,"RIICO Sitapura, Jaipur - RSPCB","23-09-2026 12:00:00",26.786682,75.827928,PM2.5,98,423,225
India,Rajasthan,Jaipur,"RIICO Sitapura, Jaipur - RSPCB","23-09-2026 12:00:00",26.786682,75.827928,OZONE,48,168,90
India,Rajasthan,Jaisalmer,"Sadar Bazar, Jaisalmer - RSPCB","23-09-2026 12:00:00",26.912329,70.909168,NO2,30,55,47
India,Rajasthan,Jaisalmer,"Sadar Bazar, Jaisalmer - RSPCB","23-09-2026 12:00:00",26.912329,70.909168,SO2,2,7,3
India,Rajasthan,Jalore,"Mudtra Sili, Jalore - RSPCB","23-09-2026 12:00:00",25.344694,72.626208,PM2.5,NA,NA,NA
India,Rajasthan,Jodhpur,"Collectorate, Jodhpur - RSPCB","23-09-2026 12:00:00",26.268249,73.0193853,PM2.5,15,185,65
India,Rajasthan,Jodhpur,"Jhalamand, Jodhpur - RSPCB","23-09-2026 12:00:00",26.215415,73.070156,NH3,5,34,16
India,Odisha,Angul,"Hakimapada, Angul - OSPCB","23-09-2026 12:00:00",20.832874,85.104082,SO2,9,127,29
India,Odisha,Balasore,"Kalidaspur, Balasore - OSPCB","23-09-2026 12:00:00",21.51161,86.89088,OZONE,29,52,37
India,Odisha,Baripada,"Meher Colony, Baripada - OSPCB","23-09-2026 12:00:00",21.941841,86.728318,PM10,NA,NA,NA
India,Odisha,Baripada,"Meher Colony, Baripada - OSPCB","23-09-2026 12:00:00",21.941841,86.728318,NO2,0,21,10
India,Odisha,Baripada,"Meher Colony, Baripada - OSPCB","23-09-2026 12:00:00",21.941841,86.728318,NH3,0,3,2
India,Odisha,Bhubaneswar,"Lingraj Mandir, Bhubaneswar - OSPCB","23-09-2026 12:00:00",20.24079,85.836784,PM10,5,25,14
India,Odisha,Bhubaneswar,"Lingraj Mandir, Bhubaneswar - OSPCB","23-09-2026 12:00:00",20.24079,85.836784,NH3,3,7,4
India,Odisha,Bileipada,"Tata Township, Bileipada - OSPCB","23-09-2026 12:00:00",22.06156703,85.47409613,SO2,6,7,7
India,Odisha,Byasanagar,"Ferro Chrome Colony, Byasanagar - OSPCB","23-09-2026 12:00:00",20.94185,86.1151,PM10,12,32,24
India,Odisha,Byasanagar,"Ferro Chrome Colony, Byasanagar - OSPCB","23-09-2026 12:00:00",20.94185,86.1151,NO2,4,7,5
India,Odisha,Byasanagar,"Ferro Chrome Colony, Byasanagar - OSPCB","23-09-2026 12:00:00",20.94185,86.1151,NH3,0,1,0
India,Odisha,Cuttack,"CDA Area, Cuttack - OSPCB","23-09-2026 12:00:00",20.48891,85.84768,PM2.5,NA,NA,NA
India,Odisha,Cuttack,"CDA Area, Cuttack - OSPCB","23-09-2026 12:00:00",20.48891,85.84768,NH3,4,8,5
India,Odisha,Cuttack,"CDA Area, Cuttack - OSPCB","23-09-2026 12:00:00",20.48891,85.84768,CO,11,27,20
India,Odisha,Cuttack,"CDA Area, Cuttack - OSPCB","23-09-2026 12:00:00",20.48891,85.84768,OZONE,44,76,57
India,Odisha,Keonjhar,"Jagamohanpur, Keonjhar - OSPCB","23-09-2026 12:00:00",21.6439,85.599355,PM2.5,18,56,36
India,Telangana,Hyderabad,"Ramachandrapuram, Hyderabad - TSPCB","23-09-2026 12:00:00",17.528544,78.286195,CO,20,30,23
India,Telangana,Hyderabad,"Ramachandrapuram, Hyderabad - TSPCB","23-09-2026 12:00:00",17.528544,78.286195,OZONE,18,25,20
India,Telangana,Hyderabad,"ECIL Kapra, Hyderabad - TSPCB","23-09-2026 12:00:00",17.470431,78.566959,PM10,25,89,56
India,Telangana,Hyderabad,"ECIL Kapra, Hyderabad - TSPCB","23-09-2026 12:00:00",17.470431,78.566959,OZONE,15,29,20
India,Telangana,Hyderabad,"New Malakpet, Hyderabad - TSPCB","23-09-2026 12:00:00",17.37206,78.50864,NH3,2,4,3
India,Telangana,Hyderabad,"New Malakpet, Hyderabad - TSPCB","23-09-2026 12:00:00",17.37206,78.50864,OZONE,13,22,14
India,Telangana,Hyderabad,"Nacharam_TSIIC IALA, Hyderabad - TSPCB","23-09-2026 12:00:00",17.429398,78.569354,NH3,5,6,5
India,Telangana,Hyderabad,"Nacharam_TSIIC IALA, Hyderabad - TSPCB","23-09-2026 12:00:00",17.429398,78.569354,SO2,12,16,13
India,Telangana,Hyderabad,"ICRISAT Patancheru, Hyderabad - TSPCB","23-09-2026 12:00:00",17.5184,78.278777,OZONE,24,29,26
India,Telangana,Hyderabad,"IDA Pashamylaram, Hyderabad - TSPCB","23-09-2026 12:00:00",17.5316895,78.218939,SO2,1,11,9
India,Telangana,Hyderabad,"Sanathnagar, Hyderabad - TSPCB","23-09-2026 12:00:00",17.4559458,78.4332152,PM10,NA,NA,NA
India,Telangana,Hyderabad,"Sanathnagar, Hyderabad - TSPCB","23-09-2026 12:00:00",17.4559458,78.4332152,SO2,2,20,9
India,Telangana,Hyderabad,"Somajiguda, Hyderabad - TSPCB","23-09-2026 12:00:00",17.417094,78.457437,PM2.5,20,92,65
India,Tripura,Agartala,"Bardowali, Agartala - Tripura SPCB","23-09-2026 12:00:00",23.8175497,91.2726974,PM2.5,10,66,30
India,Punjab,Ludhiana,"Punjab Agricultural University, Ludhiana - PPCB","23-09-2026 12:00:00",30.9028,75.8086,NH3,3,26,10
India,Punjab,Ludhiana,"Punjab Agricultural University, Ludhiana - PPCB","23-09-2026 12:00:00",30.9028,75.8086,OZONE,23,38,28
India,Punjab,"Mandi Gobindgarh","RIMT University, Mandi Gobindgarh - PPCB","23-09-2026 12:00:00",30.649961,76.331442,PM2.5,88,334,179
India,Punjab,"Mandi Gobindgarh","RIMT University, Mandi Gobindgarh - PPCB","23-09-2026 12:00:00",30.649961,76.331442,NH3,5,5,5
India,Punjab,Rupnagar,"Ratanpura, Rupnagar - Ambuja Cements","23-09-2026 12:00:00",31.0325454,76.5623046,OZONE,NA,NA,NA
India,Rajasthan,Ajmer,"Civil Lines,  Ajmer - RSPCB","23-09-2026 12:00:00",26.470859,74.646594,NH3,7,8,8
India,Rajasthan,Ajmer,"Civil Lines,  Ajmer - RSPCB","23-09-2026 12:00:00",26.470859,74.646594,CO,34,54,44
India,Rajasthan,Ajmer,"Civil Lines,  Ajmer - RSPCB","23-09-2026 12:00:00",26.470859,74.646594,OZONE,15,18,17
India,Rajasthan,Banswara,"Rati Talai, Banswara - RSPCB","23-09-2026 12:00:00",23.55519,74.44001,SO2,8,19,10
India,Rajasthan,Baran,"Bamboliya, Baran - RSPCB","23-09-2026 12:00:00",25.106006,76.469948,NH3,5,7,6
India,Rajasthan,Baran,"Bamboliya, Baran - RSPCB","23-09-2026 12:00:00",25.106006,76.469948,CO,31,44,37
India,Tripura,Agartala,"Bardowali, Agartala - Tripura SPCB","23-09-2026 12:00:00",23.8175497,91.2726974,OZONE,1,3,2
India,"Uttar Pradesh",Agra,"Manoharpur, Agra - UPPCB","23-09-2026 12:00:00",27.23711,78.01936,PM10,98,145,114
India,"Uttar Pradesh",Agra,"Manoharpur, Agra - UPPCB","23-09-2026 12:00:00",27.23711,78.01936,NH3,2,2,2
India,"Uttar Pradesh",Agra,"Sanjay Palace, Agra - UPPCB","23-09-2026 12:00:00",27.19865833,78.00598056,NH3,NA,NA,NA
India,"Uttar Pradesh",Agra,"Sanjay Palace, Agra - UPPCB","23-09-2026 12:00:00",27.19865833,78.00598056,CO,28,33,31
India,"Uttar Pradesh",Agra,"Sector-3B Avas Vikas Colony, Agra - UPPCB","23-09-2026 12:00:00",27.19412,77.96237,NH3,3,4,4
India,"Uttar Pradesh",Agra,"Sector-3B Avas Vikas Colony, Agra - UPPCB","23-09-2026 12:00:00",27.19412,77.96237,CO,50,59,55
India,"Uttar Pradesh",Agra,"Shastripuram, Agra - UPPCB","23-09-2026 12:00:00",27.19862,77.92066,NH3,3,3,3
India,"Uttar Pradesh",Agra,"Rohta, Agra - UPPCB","23-09-2026 12:00:00",27.106972,78.000111,PM2.5,49,98,74
India,"Uttar Pradesh",Agra,"Rohta, Agra - UPPCB","23-09-2026 12:00:00",27.106972,78.000111,PM10,56,153,118
India,"Uttar Pradesh",Agra,"Rohta, Agra - UPPCB","23-09-2026 12:00:00",27.106972,78.000111,NO2,16,16,16
India,"Uttar Pradesh",Agra,"Shahjahan Garden, Agra - UPPCB","23-09-2026 12:00:00",27.169338,78.03582,PM2.5,NA,NA,NA
India,"Uttar Pradesh",Agra,"Shahjahan Garden, Agra - UPPCB","23-09-2026 12:00:00",27.169338,78.03582,CO,20,67,43
India,"Uttar Pradesh",Baraut,"Nagar Palika Parishad, Baraut - UPPCB","23-09-2026 12:00:00",29.09956,77.26235,NH3,NA,NA,NA
India,"Uttar Pradesh",Bareilly,"Rajendra Nagar, Bareilly - UPPCB","23-09-2026 12:00:00",28.38910936,79.42963708,NO2,9,10,9
India,"Uttar Pradesh",Bareilly,"Civil Lines, Bareilly - UPPCB","23-09-2026 12:00:00",28.359581,79.414455,OZONE,2,2,2
India,"Uttar Pradesh",Bulandshahr,"Yamunapuram, Bulandshahr - UPPCB","23-09-2026 12:00:00",28.406963,77.849831,NO2,11,50,29
India,"Uttar Pradesh",Bulandshahr,"Yamunapuram, Bulandshahr - UPPCB","23-09-2026 12:00:00",28.406963,77.849831,NH3,5,9,7
India,"Uttar Pradesh","Fatehpur Sikri","Dadupura, Fatehpur Sikri - UPPCB","23-09-2026 12:00:00",27.097694,77.671335,PM10,112,213,153
India,"Uttar Pradesh","Fatehpur Sikri","Dadupura, Fatehpur Sikri - UPPCB","23-09-2026 12:00:00",27.097694,77.671335,NH3,2,2,2
India,"Uttar Pradesh","Fatehpur Sikri","Dadupura, Fatehpur Sikri - UPPCB","23-09-2026 12:00:00",27.097694,77.671335,OZONE,15,72,34
India,"Uttar Pradesh",Firozabad,"Vibhab Nagar, Firozabad - UPPCB","23-09-2026 12:00:00",27.1594,78.3953,PM10,33,55,44
India,"Uttar Pradesh",Firozabad,"Vibhab Nagar, Firozabad - UPPCB","23-09-2026 12:00:00",27.1594,78.3953,NO2,15,15,15
India,"Uttar Pradesh",Gajraula,"Rajanpur, Gajraula - UPPCB","23-09-2026 12:00:00",28.829109,78.248796,NO2,14,93,47
India,"Uttar Pradesh",Ghaziabad,"Govindpuram, Ghaziabad - UPPCB","23-09-2026 12:00:00",28.694528,77.494705,PM10,69,126,97
India,"Uttar Pradesh",Ghaziabad,"Govindpuram, Ghaziabad - UPPCB","23-09-2026 12:00:00",28.694528,77.494705,NO2,28,36,31
India,"Uttar Pradesh",Ghaziabad,"Ved Vihar-Loni, Ghaziabad - UPPCB","23-09-2026 12:00:00",28.739153,77.273668,PM10,116,159,134
India,"Uttar Pradesh",Ghaziabad,"Wave City, Ghaziabad - UPPCB","23-09-2026 12:00:00",28.646675,77.489049,PM2.5,NA,NA,NA
India,"Uttar Pradesh",Ghaziabad,"Vasundhara, Ghaziabad - UPPCB","23-09-2026 12:00:00",28.6603346,77.3572563,NO2,16,75,44
India,"Uttar Pradesh",Ghaziabad,"Sanjay Nagar, Ghaziabad - UPPCB","23-09-2026 12:00:00",28.685382,77.453839,PM10,109,182,142
India,"Uttar Pradesh",Gorakhpur,"Madan Mohan Malaviya University of Technology, Gorakhpur - UPPCB","23-09-2026 12:00:00",26.730136,83.433859,PM10,57,116,71
India,"Uttar Pradesh","Greater Noida","Knowledge Park - V, Greater Noida - UPPCB","23-09-2026 12:00:00",28.557054,77.453663,PM2.5,85,303,194
India,"Uttar Pradesh","Greater Noida","Knowledge Park - V, Greater Noida - UPPCB","23-09-2026 12:00:00",28.557054,77.453663,NO2,37,102,66
India,"Uttar Pradesh","Greater Noida","Knowledge Park - V, Greater Noida - UPPCB","23-09-2026 12:00:00",28.557054,77.453663,CO,25,57,44
India,"Uttar Pradesh","Greater Noida","Knowledge Park - III, Greater Noida - UPPCB","23-09-2026 12:00:00",28.47272,77.482,NO2,17,91,52
India,"Uttar Pradesh","Greater Noida","Knowledge Park - III, Greater Noida - UPPCB","23-09-2026 12:00:00",28.47272,77.482,SO2,2,14,9
India,"Uttar Pradesh",Hapur,"Anand Vihar, Hapur - UPPCB","23-09-2026 12:00:00",28.725645,77.749675,PM2.5,80,263,159
India,"Uttar Pradesh",Hapur,"Anand Vihar, Hapur - UPPCB","23-09-2026 12:00:00",28.725645,77.749675,PM10,92,165,127
India,"Uttar Pradesh",Hapur,"Anand Vihar, Hapur - UPPCB","23-09-2026 12:00:00",28.725645,77.749675,NH3,0,1,1
India,"Uttar Pradesh",Hapur,"Anand Vihar, Hapur - UPPCB","23-09-2026 12:00:00",28.725645,77.749675,OZONE,16,16,16
India,"Uttar Pradesh",Kanpur,"FTI Kidwai Nagar, Kanpur - UPPCB","23-09-2026 12:00:00",26.428282,80.327067,SO2,19,37,24
India,"Uttar Pradesh",Kanpur,"FTI Kidwai Nagar, Kanpur - UPPCB","23-09-2026 12:00:00",26.428282,80.327067,CO,31,33,32
India,"Uttar Pradesh",Kanpur,"NSI Kalyanpur, Kanpur - UPPCB","23-09-2026 12:00:00",26.509954,80.249612,PM10,36,112,71
India,"Uttar Pradesh",Kanpur,"Nehru Nagar, Kanpur - UPPCB","23-09-2026 12:00:00",26.4703136,80.3229863,SO2,11,13,12
India,"Uttar Pradesh",Kanpur,"Nehru Nagar, Kanpur - UPPCB","23-09-2026 12:00:00",26.4703136,80.3229863,OZONE,2,51,15
India,"Uttar Pradesh",Khora,"Prashant Garden, Khora - UPPCB","23-09-2026 12:00:00",28.61119,77.34206,PM10,117,155,134
India,"Uttar Pradesh",Khora,"Prashant Garden, Khora - UPPCB","23-09-2026 12:00:00",28.61119,77.34206,NO2,22,58,36
India,"Uttar Pradesh",Khurja,"Kalindi Kunj, Khurja - UPPCB","23-09-2026 12:00:00",28.2348927,77.8683002,PM10,53,138,112
India,"Uttar Pradesh",Lucknow,"B R Ambedkar University, Lucknow - UPPCB","23-09-2026 12:00:00",26.766433,80.927299,NO2,14,14,14
India,"Uttar Pradesh",Lucknow,"B R Ambedkar University, Lucknow - UPPCB","23-09-2026 12:00:00",26.766433,80.927299,SO2,30,40,33
India,"Uttar Pradesh",Lucknow,"Kendriya Vidyalaya, Lucknow - CPCB","23-09-2026 12:00:00",26.906111,80.948222,PM2.5,42,175,88
India,"Uttar Pradesh",Lucknow,"Kendriya Vidyalaya, Lucknow - CPCB","23-09-2026 12:00:00",26.906111,80.948222,SO2,3,11,7
India,"Uttar Pradesh",Lucknow,"Lalbagh, Lucknow - CPCB","23-09-2026 12:00:00",26.8458805,80.9365541,PM10,65,114,84
India,"Uttar Pradesh",Lucknow,"Lalbagh, Lucknow - CPCB","23-09-2026 12:00:00",26.8458805,80.9365541,SO2,1,8,3
India,"Uttar Pradesh",Lucknow,"Gomti Nagar, Lucknow - UPPCB","23-09-2026 12:00:00",26.86812,81.005119,NO2,9,10,10
India,"Uttar Pradesh",Lucknow,"Talkatora District Industries Center, Lucknow - CPCB","23-09-2026 12:00:00",26.83399722,80.8917361,NO2,19,75,26
India,"Uttar Pradesh",Lucknow,"Talkatora District Industries Center, Lucknow - CPCB","23-09-2026 12:00:00",26.83399722,80.8917361,NH3,6,28,16
India,"Uttar Pradesh",Lucknow,"Talkatora District Industries Center, Lucknow - CPCB","23-09-2026 12:00:00",26.83399722,80.8917361,OZONE,10,311,76
India,"Uttar Pradesh",Mathura,"Pali Dungra, Mathura - UPPCB","23-09-2026 12:00:00",27.410954,77.550619,PM10,147,178,162
India,"Uttar Pradesh",Mathura,"Pali Dungra, Mathura - UPPCB","23-09-2026 12:00:00",27.410954,77.550619,SO2,12,19,13
India,"Uttar Pradesh",Mathura,"Pali Dungra, Mathura - UPPCB","23-09-2026 12:00:00",27.410954,77.550619,OZONE,7,22,13
India,"Uttar Pradesh",Meerut,"Pallavpuram Phase 2, Meerut - UPPCB","23-09-2026 12:00:00",29.06351,77.709723,OZONE,15,65,36
India,"Uttar Pradesh",Meerut,"Ganga Nagar, Meerut - UPPCB","23-09-2026 12:00:00",28.999264,77.7590354,SO2,6,15,9
India,"Uttar Pradesh",Modinagar,"SRM University, Modinagar - UPPCB","23-09-2026 12:00:00",28.798171,77.540243,NH3,3,4,4
India,"Uttar Pradesh",Moradabad,"Eco Herbal Park, Moradabad - UPPCB","23-09-2026 12:00:00",28.840739,78.697531,PM2.5,56,150,94
India,"Uttar Pradesh",Moradabad,"Eco Herbal Park, Moradabad - UPPCB","23-09-2026 12:00:00",28.840739,78.697531,NH3,11,14,13
India,"Uttar Pradesh",Moradabad,"Eco Herbal Park, Moradabad - UPPCB","23-09-2026 12:00:00",28.840739,78.697531,CO,16,29,20
India,"Uttar Pradesh",Moradabad,"Kashiram Nagar, Moradabad - UPPCB","23-09-2026 12:00:00",28.849399,78.742362,PM10,79,138,111
India,"Uttar Pradesh",Moradabad,"Transport Nagar, Moradabad - UPPCB","23-09-2026 12:00:00",28.802625,78.753728,PM10,114,222,141
India,"Uttar Pradesh",Moradabad,"Transport Nagar, Moradabad - UPPCB","23-09-2026 12:00:00",28.802625,78.753728,NO2,24,25,24
India,"Uttar Pradesh",Moradabad,"Transport Nagar, Moradabad - UPPCB","23-09-2026 12:00:00",28.802625,78.753728,NH3,5,6,5
India,"Uttar Pradesh",Moradabad,"Transport Nagar, Moradabad - UPPCB","23-09-2026 12:00:00",28.802625,78.753728,SO2,21,21,21
India,"Uttar Pradesh",Moradabad,"Employment Office, Moradabad - UPPCB","23-09-2026 12:00:00",28.88528,78.7388,NH3,3,3,3
India,"Uttar Pradesh",Moradabad,"Buddhi Vihar, Moradabad - UPPCB","23-09-2026 12:00:00",28.83526,78.7446,PM2.5,47,214,86
India,"Uttar Pradesh",Moradabad,"Buddhi Vihar, Moradabad - UPPCB","23-09-2026 12:00:00",28.83526,78.7446,NO2,29,29,29
India,"Uttar Pradesh",Moradabad,"Buddhi Vihar, Moradabad - UPPCB","23-09-2026 12:00:00",28.83526,78.7446,NH3,5,5,5
India,"Uttar Pradesh",Moradabad,"Buddhi Vihar, Moradabad - UPPCB","23-09-2026 12:00:00",28.83526,78.7446,SO2,34,36,35
India,"Uttar Pradesh",Moradabad,"Jigar Colony, Moradabad - UPPCB","23-09-2026 12:00:00",28.856664,78.772638,PM2.5,37,92,60
India,"Uttar Pradesh",Muzaffarnagar,"New Mandi, Muzaffarnagar - UPPCB","23-09-2026 12:00:00",29.4723508,77.7194031,NO2,16,38,25
India,"Uttar Pradesh",Noida,"Sector - 62, Noida - IITM","23-09-2026 12:00:00",28.6245479,77.3577104,PM2.5,102,264,168
India,"Uttar Pradesh",Noida,"Sector - 62, Noida - IITM","23-09-2026 12:00:00",28.6245479,77.3577104,SO2,NA,NA,NA
India,"Uttar Pradesh",Noida,"Sector - 125, Noida - UPPCB","23-09-2026 12:00:00",28.5447608,77.3231257,PM2.5,89,340,158
India,"Uttar Pradesh",Noida,"Sector-1, Noida - UPPCB","23-09-2026 12:00:00",28.5898,77.3101,CO,40,89,58
India,"Uttar Pradesh",Noida,"Sector-116, Noida - UPPCB","23-09-2026 12:00:00",28.56923,77.393848,OZONE,5,95,32
India,"Uttar Pradesh",Prayagraj,"Nagar Nigam, Prayagraj - UPPCB","23-09-2026 12:00:00",25.44919916,81.82735986,NO2,5,5,5
India,"Uttar Pradesh",Prayagraj,"Nagar Nigam, Prayagraj - UPPCB","23-09-2026 12:00:00",25.44919916,81.82735986,CO,17,19,18
India,"Uttar Pradesh",Prayagraj,"Nagar Nigam, Prayagraj - UPPCB","23-09-2026 12:00:00",25.44919916,81.82735986,OZONE,15,16,16
India,"Uttar Pradesh",Prayagraj,"Jhunsi, Prayagraj - UPPCB","23-09-2026 12:00:00",25.425602,81.917152,PM10,23,63,38
India,"Uttar Pradesh",Prayagraj,"Jhunsi, Prayagraj - UPPCB","23-09-2026 12:00:00",25.425602,81.917152,OZONE,33,47,40
India,"Uttar Pradesh",Raebareli," Indira Nagar, Raebareli - NTPC Unchahar","23-09-2026 12:00:00",26.207781,81.245571,PM10,NA,NA,NA
India,"Uttar Pradesh",Varanasi,"Bhelupur, Varanasi - UPPCB","23-09-2026 12:00:00",25.301778,82.996789,PM2.5,27,452,174
India,"Uttar Pradesh",Varanasi,"IESD Banaras Hindu University, Varanasi - UPPCB","23-09-2026 12:00:00",25.262326,82.995408,CO,1,2,2
India,"Uttar Pradesh",Varanasi,"IESD Banaras Hindu University, Varanasi - UPPCB","23-09-2026 12:00:00",25.262326,82.995408,OZONE,3,12,5
India,"Uttar Pradesh",Vrindavan,"Omex Eternity, Vrindavan - UPPCB","23-09-2026 12:00:00",27.571409,77.655757,NH3,6,8,8
India,"Uttar Pradesh",Vrindavan," Chhatikara, Vrindavan - UPPCB","23-09-2026 12:00:00",27.57194,77.62346,SO2,19,29,25
India,"Uttar Pradesh",Vrindavan," Chhatikara, Vrindavan - UPPCB","23-09-2026 12:00:00",27.57194,77.62346,CO,152,154,153
India,"Uttar Pradesh",Vrindavan," Chhatikara, Vrindavan - UPPCB","23-09-2026 12:00:00",27.57194,77.62346,OZONE,20,124,52
India,Uttarakhand,Kashipur,"Govt. Girls Inter College, Kashipur - UKPCB","23-09-2026 12:00:00",29.2124114,78.9611753,NH3,NA,NA,NA
India,Uttarakhand,Kashipur,"Govt. Girls Inter College, Kashipur - UKPCB","23-09-2026 12:00:00",29.2124114,78.9611753,OZONE,NA,NA,NA
India,Uttarakhand,Rishikesh,"Shivaji Nagar, Rishikesh - UKPCB","23-09-2026 12:00:00",30.075911,78.2859547,PM2.5,2,2,2
India,"West Bengal",Asansol,"Asansol Court Area, Asansol - WBPCB","23-09-2026 12:00:00",23.685297,86.945968,PM10,20,44,32
India,"West Bengal",Asansol,"Evelyn Lodge, Asansol - WBPCB","23-09-2026 12:00:00",23.697936,86.944395,OZONE,7,12,9
India,"West Bengal",Asansol,"Trivenidevi Bhalotia College, Asansol - WBPCB","23-09-2026 12:00:00",23.616515,87.119133,NH3,4,4,4
India,"West Bengal",Asansol,"Trivenidevi Bhalotia College, Asansol - WBPCB","23-09-2026 12:00:00",23.616515,87.119133,CO,30,56,40
India,"West Bengal",Barrackpore,"SVSPA Campus, Barrackpore - WBPCB","23-09-2026 12:00:00",22.7605581,88.3617589,CO,30,34,32
India,"West Bengal",Durgapur,"Mahishkapur Road_B-Zone, Durgapur - WBPCB","23-09-2026 12:00:00",23.567923,87.306843,PM2.5,12,178,62
India,"West Bengal",Durgapur,"Mahishkapur Road_B-Zone, Durgapur - WBPCB","23-09-2026 12:00:00",23.567923,87.306843,OZONE,18,27,21
India,"West Bengal",Durgapur,"Womens College_City Center, Durgapur - WBPCB","23-09-2026 12:00:00",23.549395,87.300496,PM10,25,43,32
India,"West Bengal",Howrah,"Ghusuri, Howrah - WBPCB","23-09-2026 12:00:00",22.611968,88.347422,PM10,20,41,29
India,"West Bengal",Howrah,"Ghusuri, Howrah - WBPCB","23-09-2026 12:00:00",22.611968,88.347422,NO2,21,37,26
India,"West Bengal",Kolkata,"Rabindra Bharati University, Kolkata - WBPCB","23-09-2026 12:00:00",22.627847,88.380669,NH3,3,7,5
India,"West Bengal",Kolkata,"Rabindra Bharati University, Kolkata - WBPCB","23-09-2026 12:00:00",22.627847,88.380669,SO2,8,10,9
India,"West Bengal",Kolkata,"Rabindra Bharati University, Kolkata - WBPCB","23-09-2026 12:00:00",22.627847,88.380669,OZONE,12,47,34
India,"West Bengal",Kolkata,"Fort William, Kolkata - WBPCB","23-09-2026 12:00:00",22.55664,88.342674,PM2.5,18,40,28
India,"West Bengal",Kolkata,"Fort William, Kolkata - WBPCB","23-09-2026 12:00:00",22.55664,88.342674,CO,13,20,17
India,"West Bengal",Kolkata,"Ballygunge, Kolkata - WBPCB","23-09-2026 12:00:00",22.5367507,88.3638022,OZONE,31,37,34
India,"West Bengal",Kolkata,"Rabindra Sarobar, Kolkata - WBPCB","23-09-2026 12:00:00",22.51106,88.35142,SO2,6,7,6
India,"West Bengal",Kolkata,"Bidhannagar, Kolkata - WBPCB","23-09-2026 12:00:00",22.58157048,88.41002457,NH3,3,6,5
India,Bihar,Muzaffarpur,"MIT-Daudpur Kothi, Muzaffarpur - BSPCB","23-09-2026 12:00:00",26.1403345,85.3650192,OZONE,6,54,30
India,Bihar,Muzaffarpur,"Buddha Colony, Muzaffarpur - BSPCB","23-09-2026 12:00:00",26.11442,85.39813,PM10,30,61,42
India,Bihar,Muzaffarpur,"Buddha Colony, Muzaffarpur - BSPCB","23-09-2026 12:00:00",26.11442,85.39813,SO2,4,6,5
India,Bihar,Patna,"Samanpura, Patna - BSPCB","23-09-2026 12:00:00",25.596727,85.085624,NH3,4,8,6
India,Bihar,Patna,"Muradpur, Patna - BSPCB","23-09-2026 12:00:00",25.619651,85.147382,NH3,4,5,5
India,Bihar,Patna,"Muradpur, Patna - BSPCB","23-09-2026 12:00:00",25.619651,85.147382,SO2,8,9,8
India,Bihar,Patna,"Muradpur, Patna - BSPCB","23-09-2026 12:00:00",25.619651,85.147382,OZONE,5,59,22
India,Bihar,Patna,"DRM Office Danapur, Patna - BSPCB","23-09-2026 12:00:00",25.586562,85.043586,PM10,22,71,35
India,Bihar,Patna,"DRM Office Danapur, Patna - BSPCB","23-09-2026 12:00:00",25.586562,85.043586,OZONE,14,31,21
India,Bihar,Patna,"Govt. High School Shikarpur, Patna - BSPCB","23-09-2026 12:00:00",25.592539,85.227158,PM10,36,165,91
India,Bihar,Patna,"IGSC Planetarium Complex, Patna - BSPCB","23-09-2026 12:00:00",25.610369,85.132568,SO2,9,19,14
India,Bihar,Purnia,"Mariam Nagar, Purnia - BSPCB","23-09-2026 12:00:00",25.366336,87.117468,OZONE,11,38,22
India,Bihar,Rajgir,"Dangi Tola, Rajgir - BSPCB","23-09-2026 12:00:00",25.0328,85.41948,PM2.5,22,40,23
India,Bihar,Rajgir,"Dangi Tola, Rajgir - BSPCB","23-09-2026 12:00:00",25.0328,85.41948,NH3,3,3,3
India,Bihar,Rajgir,"Dangi Tola, Rajgir - BSPCB","23-09-2026 12:00:00",25.0328,85.41948,OZONE,6,32,15
India,Bihar,Saharsa,"Police Line, Saharsa - BSPCB","23-09-2026 12:00:00",25.892357,86.590325,NO2,6,10,7
India,Bihar,Gaya,"Kareemganj, Gaya - BSPCB","23-09-2026 12:00:00",24.792403,84.992416,PM2.5,3,107,26
India,Bihar,Gaya,"Kareemganj, Gaya - BSPCB","23-09-2026 12:00:00",24.792403,84.992416,SO2,35,48,41
India,Bihar,Gaya,"Collectorate, Gaya - BSPCB","23-09-2026 12:00:00",24.7955,84.9994,PM10,NA,NA,NA
India,Bihar,Gaya,"Collectorate, Gaya - BSPCB","23-09-2026 12:00:00",24.7955,84.9994,NO2,NA,NA,NA
India,Bihar,Gaya,"Collectorate, Gaya - BSPCB","23-09-2026 12:00:00",24.7955,84.9994,CO,12,12,12
India,Bihar,Gaya,"SFTI Kusdihra, Gaya - BSPCB","23-09-2026 12:00:00",24.762518,84.982348,PM10,31,50,39
India,Bihar,Gaya,"SFTI Kusdihra, Gaya - BSPCB","23-09-2026 12:00:00",24.762518,84.982348,SO2,7,9,8
India,Bihar,Hajipur,"Industrial Area, Hajipur - BSPCB","23-09-2026 12:00:00",25.697189,85.2459,NO2,12,29,19
India,Bihar,Hajipur,"Industrial Area, Hajipur - BSPCB","23-09-2026 12:00:00",25.697189,85.2459,SO2,3,5,4
India,Bihar,Katihar,"Mirchaibari, Katihar - BSPCB","23-09-2026 12:00:00",25.560083,87.553265,NH3,1,1,1
India,Bihar,Kishanganj,"SDM Office_Khagra, Kishanganj - BSPCB","23-09-2026 12:00:00",26.0881305,87.93840336,NO2,7,8,7
India,Bihar,Kishanganj,"SDM Office_Khagra, Kishanganj - BSPCB","23-09-2026 12:00:00",26.0881305,87.93840336,CO,38,41,39
India,Bihar,Manguraha,"Forest Rest House, Manguraha - BSPCB","23-09-2026 12:00:00",27.308328,84.531742,PM2.5,NA,NA,NA
India,Bihar,Motihari,"Gandak Colony, Motihari - BSPCB","23-09-2026 12:00:00",26.63086,84.90051,SO2,3,3,3
India,Bihar,Muzaffarpur,"MIT-Daudpur Kothi, Muzaffarpur - BSPCB","23-09-2026 12:00:00",26.1403345,85.3650192,NO2,2,7,4
India,Chandigarh,Chandigarh,"Sector-25, Chandigarh - CPCC","23-09-2026 12:00:00",30.751462,76.762879,PM2.5,25,56,36
India,Chandigarh,Chandigarh,"Sector-25, Chandigarh - CPCC","23-09-2026 12:00:00",30.751462,76.762879,OZONE,6,44,19
India,Chandigarh,Chandigarh,"Sector-53, Chandigarh - CPCC","23-09-2026 12:00:00",30.719859,76.738637,NO2,NA,NA,NA
India,Chandigarh,Chandigarh,"Sector 22, Chandigarh - CPCC","23-09-2026 12:00:00",30.735567,76.775714,PM2.5,15,48,30
India,Chandigarh,Chandigarh,"Sector 22, Chandigarh - CPCC","23-09-2026 12:00:00",30.735567,76.775714,PM10,19,63,36
India,Chhattisgarh,Bhilai,"Hathkhoj, Bhilai - CECB","23-09-2026 12:00:00",21.224231,81.40835,PM2.5,18,40,29
India,Chhattisgarh,Bhilai,"Hathkhoj, Bhilai - CECB","23-09-2026 12:00:00",21.224231,81.40835,OZONE,6,20,12
India,Chhattisgarh,Bhilai,"Civic Center, Bhilai - Bhilai Steel Plant","23-09-2026 12:00:00",21.185571,81.343175,NH3,1,2,1
India,Chhattisgarh,Bhilai,"Civic Center, Bhilai - Bhilai Steel Plant","23-09-2026 12:00:00",21.185571,81.343175,OZONE,10,15,12
India,Chhattisgarh,Bhilai,"32Bungalows, Bhilai - CECB","23-09-2026 12:00:00",21.194815,81.31477,PM2.5,7,20,14
India,Chhattisgarh,Bilaspur,"Mangala, Bilaspur - NTPC","23-09-2026 12:00:00",22.08815,82.13737,NH3,NA,NA,NA
India,Chhattisgarh,Bilaspur,"Mangala, Bilaspur - NTPC","23-09-2026 12:00:00",22.08815,82.13737,OZONE,NA,NA,NA
India,Chhattisgarh,Chhal,"Nawapara SECL Colony, Chhal - CECB","23-09-2026 12:00:00",22.118125,83.140608,CO,19,23,21
India,Chhattisgarh,Korba,"Rampur, Korba - CECB","23-09-2026 12:00:00",22.368195,82.746431,PM2.5,11,12,11
India,Chhattisgarh,Korba,"Rampur, Korba - CECB","23-09-2026 12:00:00",22.368195,82.746431,OZONE,12,12,12
India,"Andhra Pradesh",Amaravati,"Secretariat, Amaravati - APPCB","23-09-2026 12:00:00",16.5150833,80.5181667,CO,8,21,15
India,"Andhra Pradesh",Anantapur,"Gulzarpet, Anantapur - APPCB","23-09-2026 12:00:00",14.675886,77.593027,OZONE,16,29,22
India,"Andhra Pradesh",Chittoor,"Gangineni Cheruvu, Chittoor - APPCB","23-09-2026 12:00:00",13.20488,79.097889,NO2,26,38,29
India,"Andhra Pradesh",Chittoor,"Gangineni Cheruvu, Chittoor - APPCB","23-09-2026 12:00:00",13.20488,79.097889,SO2,18,28,20
India,"Andhra Pradesh",Guntur,"Rajendra Nagar North, Guntur - APPCB","23-09-2026 12:00:00",16.316553,80.413302,SO2,8,17,13
India,"Andhra Pradesh",Kadapa,"Yerramukkapalli, Kadapa - APPCB","23-09-2026 12:00:00",14.465052,78.824187,NO2,15,24,20
India,"Andhra Pradesh",Kakinada,"Rama Rao Peta, Kakinada - APPCB","23-09-2026 12:00:00",16.962488,82.229513,NO2,8,52,27
India,"Andhra Pradesh",Kakinada,"Rama Rao Peta, Kakinada - APPCB","23-09-2026 12:00:00",16.962488,82.229513,CO,NA,NA,NA
India,"Andhra Pradesh",Kakinada,"Rama Rao Peta, Kakinada - APPCB","23-09-2026 12:00:00",16.962488,82.229513,OZONE,25,44,33
India,"Andhra Pradesh",Kurnool,"Sita Rama Nagar, Kurnool - APPCB","23-09-2026 12:00:00",15.83411,78.028546,NO2,25,43,29
India,"Andhra Pradesh",Machilipatnam,"Srinivas Nagar Colony, Machilipatnam - APPCB","23-09-2026 12:00:00",16.186555,81.13219,PM10,59,73,64
India,"Andhra Pradesh",Rajamahendravaram,"Anand Kala Kshetram, Rajamahendravaram - APPCB","23-09-2026 12:00:00",16.9872867,81.7363176,SO2,4,20,6
India,"Andhra Pradesh",Tirupati,"Vaikuntapuram, Tirupati - APPCB","23-09-2026 12:00:00",13.615387,79.40923,NH3,NA,NA,NA
India,"Andhra Pradesh",Tirupati,"Vaikuntapuram, Tirupati - APPCB","23-09-2026 12:00:00",13.615387,79.40923,CO,19,21,20
India,"Andhra Pradesh",Vijayawada,"HB Colony, Vijayawada - APPCB","23-09-2026 12:00:00",16.536107,80.594233,OZONE,17,19,18
India,"Andhra Pradesh",Vijayawada,"Rajiv Nagar, Vijayawada - APPCB","23-09-2026 12:00:00",16.554731,80.64911,SO2,9,18,11
India,"Andhra Pradesh",Vijayawada,"Rajiv Nagar, Vijayawada - APPCB","23-09-2026 12:00:00",16.554731,80.64911,CO,32,38,34
India,"Andhra Pradesh",Vijayawada,"Rajiv Gandhi Park, Vijayawada - APPCB","23-09-2026 12:00:00",16.509717,80.612222,PM10,NA,NA,NA
India,"Andhra Pradesh",Vijayawada,"Rajiv Gandhi Park, Vijayawada - APPCB","23-09-2026 12:00:00",16.509717,80.612222,NH3,NA,NA,NA
India,"Andhra Pradesh",Vijayawada,"Rajiv Gandhi Park, Vijayawada - APPCB","23-09-2026 12:00:00",16.509717,80.612222,CO,21,35,28
India,"Andhra Pradesh",Visakhapatnam,"GVM Corporation, Visakhapatnam - APPCB","23-09-2026 12:00:00",17.72,83.3,NH3,2,3,3
India,"Arunachal Pradesh",Naharlagun,"Naharlagun, Naharlagun - APSPCB","23-09-2026 12:00:00",27.103358,93.679645,NO2,8,9,9
India,Bihar,Araria,"Kharahiya Basti, Araria - BSPCB","23-09-2026 12:00:00",26.146529,87.454184,SO2,19,22,20
India,Bihar,Araria,"Kharahiya Basti, Araria - BSPCB","23-09-2026 12:00:00",26.146529,87.454184,CO,20,34,25
India,Bihar,Arrah,"New DM Office, Arrah - BSPCB","23-09-2026 12:00:00",25.5626095,84.663264,SO2,5,6,5
India,Bihar,Arrah,"New DM Office, Arrah - BSPCB","23-09-2026 12:00:00",25.5626095,84.663264,OZONE,6,9,7
India,Bihar,Begusarai,"Lohiyanagar, Begusarai - BSPCB","23-09-2026 12:00:00",25.42742023,86.13886079,SO2,12,16,14
India,Bihar,Bettiah,"Kamalnath Nagar, Bettiah - BSPCB","23-09-2026 12:00:00",26.80365,84.51954,CO,26,42,31
India,Bihar,Bhagalpur,"Mayaganj, Bhagalpur - BSPCB","23-09-2026 12:00:00",25.265194,87.012947,SO2,8,128,54
India,Bihar,"Bihar Sharif","D M Colony, Bihar Sharif - BSPCB","23-09-2026 12:00:00",25.204762,85.51496,PM10,13,113,39
India,Bihar,"Bihar Sharif","D M Colony, Bihar Sharif - BSPCB","23-09-2026 12:00:00",25.204762,85.51496,NO2,9,10,9
India,Bihar,"Bihar Sharif","D M Colony, Bihar Sharif - BSPCB","23-09-2026 12:00:00",25.204762,85.51496,OZONE,2,2,2
India,Bihar,Chhapra,"Darshan Nagar, Chhapra - BSPCB","23-09-2026 12:00:00",25.7808257,84.7446768,PM10,NA,NA,NA
India,Delhi,Delhi,"Cantonment Area, Delhi - DPCC","23-09-2026 12:00:00",28.594169,77.1251,OZONE,5,9,6
India,Delhi,Delhi,"Major Dhyan Chand National Stadium, Delhi - DPCC","23-09-2026 12:00:00",28.611281,77.237738,PM10,89,179,126
India,Delhi,Delhi,"Major Dhyan Chand National Stadium, Delhi - DPCC","23-09-2026 12:00:00",28.611281,77.237738,SO2,24,41,29
India,Delhi,Delhi,"Bawana, Delhi - DPCC","23-09-2026 12:00:00",28.7762,77.051074,NO2,8,39,19
India,Delhi,Delhi,"Bawana, Delhi - DPCC","23-09-2026 12:00:00",28.7762,77.051074,SO2,27,34,29
India,Delhi,Delhi,"Bawana, Delhi - DPCC","23-09-2026 12:00:00",28.7762,77.051074,CO,32,69,49
India,Delhi,Delhi,"Rohini, Delhi - DPCC","23-09-2026 12:00:00",28.732528,77.11992,NH3,3,5,4
India,Delhi,Delhi,"Rohini, Delhi - DPCC","23-09-2026 12:00:00",28.732528,77.11992,SO2,11,22,13
India,Delhi,Delhi,"Jahangirpuri, Delhi - DPCC","23-09-2026 12:00:00",28.73282,77.170633,NO2,18,56,33
India,Delhi,Delhi,"Jahangirpuri, Delhi - DPCC","23-09-2026 12:00:00",28.73282,77.170633,OZONE,4,21,9
India,Delhi,Delhi,"Sri Aurobindo Marg, Delhi - DPCC","23-09-2026 12:00:00",28.531346,77.190156,PM2.5,47,207,96
India,Delhi,Delhi,"Sri Aurobindo Marg, Delhi - DPCC","23-09-2026 12:00:00",28.531346,77.190156,NO2,16,45,25
India,Assam,Byrnihat,"Central Academy for SFS, Byrnihat - PCBA","23-09-2026 12:00:00",26.071318,91.87488,PM2.5,74,112,84
India,Assam,Byrnihat,"Central Academy for SFS, Byrnihat - PCBA","23-09-2026 12:00:00",26.071318,91.87488,NO2,7,10,8
India,Assam,Guwahati,"LGBI Airport, Guwahati - PCBA","23-09-2026 12:00:00",26.10887,91.589544,CO,20,27,24
India,Assam,Guwahati,"Pan Bazaar, Guwahati - PCBA","23-09-2026 12:00:00",26.1875,91.744194,NH3,1,1,1
India,Assam,Guwahati,"Pan Bazaar, Guwahati - PCBA","23-09-2026 12:00:00",26.1875,91.744194,CO,5,11,8
India,Assam,Guwahati,"Railway Colony, Guwahati - PCBA","23-09-2026 12:00:00",26.181742,91.78063,NO2,2,4,3
India,Assam,Nagaon,"Christianpatty, Nagaon - PCBA","23-09-2026 12:00:00",26.349082,92.68449,NH3,0,4,4
India,Assam,Nalbari,"Bata Chowk, Nalbari - PCBA","23-09-2026 12:00:00",26.446912,91.439057,OZONE,19,19,19
India,Assam,Sivasagar,"Girls College, Sivasagar - PCBA","23-09-2026 12:00:00",26.987634,94.636574,NO2,9,15,12
India,Assam,Sivasagar,"Girls College, Sivasagar - PCBA","23-09-2026 12:00:00",26.987634,94.636574,CO,15,22,18
India,Chhattisgarh,Milupara,"Govt. Higher Secondary School, Milupara - CECB","23-09-2026 12:00:00",22.1910172,83.5197009,PM2.5,3,15,9
India,Chhattisgarh,Raipur,"Bhatagaon New ISBT, Raipur - CECB","23-09-2026 12:00:00",21.219665,81.630094,NO2,7,35,16
India,Chhattisgarh,Raipur,"Bhatagaon New ISBT, Raipur - CECB","23-09-2026 12:00:00",21.219665,81.630094,SO2,2,6,3
India,Chhattisgarh,Raipur,"AIIMS, Raipur - CECB","23-09-2026 12:00:00",21.258815,81.578979,PM2.5,12,65,42
India,Chhattisgarh,Raipur,"AIIMS, Raipur - CECB","23-09-2026 12:00:00",21.258815,81.578979,SO2,0,5,4
India,Chhattisgarh,Raipur,"AIIMS, Raipur - CECB","23-09-2026 12:00:00",21.258815,81.578979,CO,21,28,26
India,Chhattisgarh,Raipur,"AIIMS, Raipur - CECB","23-09-2026 12:00:00",21.258815,81.578979,OZONE,14,32,21
India,Chhattisgarh,Raipur,"Siltara Phase-II, Raipur - CECB","23-09-2026 12:00:00",21.371751,81.664929,SO2,1,12,3
India,Delhi,Delhi,"Wazirpur, Delhi - DPCC","23-09-2026 12:00:00",28.699793,77.165453,PM10,139,320,211
India,Delhi,Delhi,"Wazirpur, Delhi - DPCC","23-09-2026 12:00:00",28.699793,77.165453,NH3,6,20,13
India,Delhi,Delhi,"Wazirpur, Delhi - DPCC","23-09-2026 12:00:00",28.699793,77.165453,CO,52,67,60
India,"Andhra Pradesh",Amaravati,"Secretariat, Amaravati - APPCB","23-09-2026 12:00:00",16.5150833,80.5181667,PM2.5,37,190,91
India,Delhi,Delhi,"Pusa, Delhi - DPCC","23-09-2026 12:00:00",28.639652,77.146275,PM2.5,83,203,118
India,Delhi,Delhi,"Pusa, Delhi - DPCC","23-09-2026 12:00:00",28.639652,77.146275,OZONE,6,8,7
India,Delhi,Delhi,"Sirifort, Delhi - CPCB","23-09-2026 12:00:00",28.5504249,77.2159377,PM2.5,90,247,150
India,Delhi,Delhi,"Sirifort, Delhi - CPCB","23-09-2026 12:00:00",28.5504249,77.2159377,NO2,25,34,30
India,Delhi,Delhi,"Sirifort, Delhi - CPCB","23-09-2026 12:00:00",28.5504249,77.2159377,SO2,20,28,26
India,Delhi,Delhi,"Chandni Chowk, Delhi - IITM","23-09-2026 12:00:00",28.656756,77.227234,PM2.5,145,310,234
India,Delhi,Delhi,"Chandni Chowk, Delhi - IITM","23-09-2026 12:00:00",28.656756,77.227234,NO2,38,71,52
India,Delhi,Delhi,"Chandni Chowk, Delhi - IITM","23-09-2026 12:00:00",28.656756,77.227234,NH3,3,6,4
India,Delhi,Delhi,"Chandni Chowk, Delhi - IITM","23-09-2026 12:00:00",28.656756,77.227234,SO2,12,17,15
India,Delhi,Delhi,"Chandni Chowk, Delhi - IITM","23-09-2026 12:00:00",28.656756,77.227234,CO,72,85,78
India,Delhi,Delhi,"Pusa, Delhi - IITM","23-09-2026 12:00:00",28.63611,77.173332,CO,35,52,43
India,Delhi,Delhi,"Pusa, Delhi - IITM","23-09-2026 12:00:00",28.63611,77.173332,OZONE,24,127,52
India,Delhi,Delhi,"IGNOU_Maidan Garhi, Delhi - DPCC","23-09-2026 12:00:00",28.493624,77.201159,NO2,20,67,34
India,Delhi,Delhi,"Commonwealth Sports Complex, Delhi - DPCC","23-09-2026 12:00:00",28.615828,77.271992,CO,69,103,88
India,Delhi,Delhi,"Talkatora Garden, Delhi - DPCC","23-09-2026 12:00:00",28.62181,77.1944633,PM10,66,147,103
India,Delhi,Delhi,"Talkatora Garden, Delhi - DPCC","23-09-2026 12:00:00",28.62181,77.1944633,NH3,1,3,2
India,Delhi,Delhi,"Talkatora Garden, Delhi - DPCC","23-09-2026 12:00:00",28.62181,77.1944633,SO2,1,3,2
India,Delhi,Delhi,"NSIT Dwarka, Delhi - CPCB","23-09-2026 12:00:00",28.60909,77.0325413,CO,15,69,34
India,Delhi,Delhi,"Aya Nagar, Delhi - IITM","23-09-2026 12:00:00",28.4706914,77.1099364,NO2,0,37,13
India,Gujarat,Rajkot,"Mavdi, Rajkot - Nexteng Enviro ","23-09-2026 12:00:00",22.248853,70.776774,SO2,17,21,19
India,Gujarat,Surat,"Katargam, Surat - Nexteng Enviro","23-09-2026 12:00:00",21.217779,72.834787,PM10,42,96,68
India,Gujarat,Vadodara,"Bapunagar, Vadodara - Nexteng Enviro","23-09-2026 12:00:00",22.320153,73.216285,CO,86,88,87
India,Gujarat,Vapi,"Phase-1 GIDC, Vapi - GPCB","23-09-2026 12:00:00",20.362421,72.918013,PM10,25,129,61
India,Gujarat,Vatva,"Phase-4 GIDC, Vatva - GPCB","23-09-2026 12:00:00",22.969611,72.6435,SO2,36,60,52
India,Gujarat,Vatva,"Phase-4 GIDC, Vatva - GPCB","23-09-2026 12:00:00",22.969611,72.6435,OZONE,9,27,14
India,Haryana,Ambala,"Patti Mehar, Ambala - HSPCB","23-09-2026 12:00:00",30.379589,76.778328,CO,20,37,32
India,Haryana,Bahadurgarh,"Arya Nagar, Bahadurgarh - HSPCB","23-09-2026 12:00:00",28.6701,76.9254,PM2.5,98,274,155
India,Haryana,Bahadurgarh,"Arya Nagar, Bahadurgarh - HSPCB","23-09-2026 12:00:00",28.6701,76.9254,SO2,5,8,7
India,Haryana,Ballabgarh,"Nathu Colony, Ballabgarh - HSPCB","23-09-2026 12:00:00",28.3419248,77.319699,PM10,60,268,82
India,Haryana,Bhiwani,"H.B. Colony, Bhiwani - HSPCB","23-09-2026 12:00:00",28.806223,76.141105,CO,48,48,48
India,Haryana,"Charkhi Dadri","Mini Secretariat, Charkhi Dadri - HSPCB","23-09-2026 12:00:00",28.593883,76.270653,PM2.5,23,191,115
India,Haryana,"Charkhi Dadri","Mini Secretariat, Charkhi Dadri - HSPCB","23-09-2026 12:00:00",28.593883,76.270653,PM10,18,111,79
India,Haryana,"Charkhi Dadri","Mini Secretariat, Charkhi Dadri - HSPCB","23-09-2026 12:00:00",28.593883,76.270653,NO2,9,24,15
India,Haryana,"Charkhi Dadri","Mini Secretariat, Charkhi Dadri - HSPCB","23-09-2026 12:00:00",28.593883,76.270653,CO,11,17,14
India,Delhi,Delhi,"CRRI Mathura Road, Delhi - IITM","23-09-2026 12:00:00",28.5512005,77.2735737,NH3,NA,NA,NA
India,Delhi,Delhi,"Burari Crossing, Delhi - IITM","23-09-2026 12:00:00",28.7256504,77.2011573,NH3,NA,NA,NA
India,Delhi,Delhi,"IMD Lodhi Road, Delhi - IITM","23-09-2026 12:00:00",28.5918245,77.2273074,PM10,90,209,131
India,Delhi,Delhi,"IMD Lodhi Road, Delhi - IITM","23-09-2026 12:00:00",28.5918245,77.2273074,NO2,6,44,23
India,Delhi,Delhi,"IMD Lodhi Road, Delhi - IITM","23-09-2026 12:00:00",28.5918245,77.2273074,NH3,NA,NA,NA
India,Delhi,Delhi,"ITO, Delhi - CPCB","23-09-2026 12:00:00",28.628624,77.24106,SO2,6,59,22
India,Delhi,Delhi,"ITO, Delhi - CPCB","23-09-2026 12:00:00",28.628624,77.24106,CO,26,103,55
India,Delhi,Delhi,"R K Puram, Delhi - DPCC","23-09-2026 12:00:00",28.563262,77.186937,PM2.5,52,253,141
India,Delhi,Delhi,"R K Puram, Delhi - DPCC","23-09-2026 12:00:00",28.563262,77.186937,NO2,20,96,52
India,Delhi,Delhi,"R K Puram, Delhi - DPCC","23-09-2026 12:00:00",28.563262,77.186937,NH3,6,8,7
India,Delhi,Delhi,"R K Puram, Delhi - DPCC","23-09-2026 12:00:00",28.563262,77.186937,SO2,29,31,30
India,Delhi,Delhi,"North Campus, DU, Delhi - IITM","23-09-2026 12:00:00",28.6573814,77.1585447,PM2.5,69,358,175
India,Delhi,Delhi,"North Campus, DU, Delhi - IITM","23-09-2026 12:00:00",28.6573814,77.1585447,CO,66,97,77
India,Delhi,Delhi,"Alipur, Delhi - DPCC","23-09-2026 12:00:00",28.815329,77.15301,SO2,7,13,9
India,Gujarat,Ahmedabad,"Rakhial, Ahmedabad - IITM","23-09-2026 12:00:00",23.016834,72.625775,PM2.5,96,304,178
India,Gujarat,Ahmedabad,"Rakhial, Ahmedabad - IITM","23-09-2026 12:00:00",23.016834,72.625775,NO2,33,294,109
India,Gujarat,Ahmedabad,"Rakhial, Ahmedabad - IITM","23-09-2026 12:00:00",23.016834,72.625775,SO2,26,62,42
India,Gujarat,Ahmedabad,"SAC ISRO Satellite, Ahmedabad - IITM","23-09-2026 12:00:00",23.023389,72.515201,PM10,70,128,93
India,Haryana,Jind,"Police Lines, Jind - HSPCB","23-09-2026 12:00:00",29.307814,76.337619,PM2.5,129,302,200
India,Haryana,Jind,"Police Lines, Jind - HSPCB","23-09-2026 12:00:00",29.307814,76.337619,OZONE,8,12,10
India,Haryana,Kaithal,"Rishi Nagar, Kaithal - HSPCB","23-09-2026 12:00:00",29.8006,76.4155,PM2.5,84,111,97
India,Haryana,Kaithal,"Rishi Nagar, Kaithal - HSPCB","23-09-2026 12:00:00",29.8006,76.4155,PM10,102,119,112
India,Haryana,Kaithal,"Rishi Nagar, Kaithal - HSPCB","23-09-2026 12:00:00",29.8006,76.4155,NO2,19,26,22
India,Haryana,Karnal,"Sector-12, Karnal - HSPCB","23-09-2026 12:00:00",29.6953,77.0027,PM2.5,20,77,39
India,Haryana,Karnal,"Sector-12, Karnal - HSPCB","23-09-2026 12:00:00",29.6953,77.0027,PM10,23,86,44
India,Haryana,Karnal,"Sector-12, Karnal - HSPCB","23-09-2026 12:00:00",29.6953,77.0027,CO,25,56,42
India,Haryana,Mandikhera,"General Hospital, Mandikhera(Nuh) - HSPCB","23-09-2026 12:00:00",27.9002,76.9938,NH3,14,14,14
India,Haryana,Manesar,"Sector-2 IMT, Manesar - HSPCB","23-09-2026 12:00:00",28.360699,76.93609,NO2,16,72,30
India,Haryana,Narnaul,"Shastri Nagar, Narnaul - HSPCB","23-09-2026 12:00:00",28.060249,76.113115,PM2.5,49,220,101
India,Haryana,Narnaul,"Shastri Nagar, Narnaul - HSPCB","23-09-2026 12:00:00",28.060249,76.113115,CO,24,29,27
India,Haryana,Panchgaon,"Amity University, Panchgaon - IITM","23-09-2026 12:00:00",28.3153,76.9143,PM10,3,76,19
India,Haryana,Panchgaon,"Amity University, Panchgaon - IITM","23-09-2026 12:00:00",28.3153,76.9143,NH3,4,10,6
India,Haryana,Panipat,"Sector-18, Panipat - HSPCB","23-09-2026 12:00:00",29.432304,76.972765,OZONE,41,43,42
India,Haryana,Sonipat,"Murthal, Sonipat - HSPCB","23-09-2026 12:00:00",29.0272,77.0621,NH3,9,9,9
India,Haryana,Sonipat,"Murthal, Sonipat - HSPCB","23-09-2026 12:00:00",29.0272,77.0621,OZONE,49,52,51
India,"Himachal Pradesh",Baddi,"HIMUDA Complex Phase-1, Baddi - HPPCB","23-09-2026 12:00:00",30.943887,76.801991,SO2,1,2,1
India,"Jammu and Kashmir",Srinagar,"Rajbagh, Srinagar - JKPCC","23-09-2026 12:00:00",34.066206,74.81982,NH3,9,9,9
India,"Jammu and Kashmir",Srinagar,"Rajbagh, Srinagar - JKPCC","23-09-2026 12:00:00",34.066206,74.81982,SO2,3,4,3
India,"Jammu and Kashmir",Srinagar,"Rajbagh, Srinagar - JKPCC","23-09-2026 12:00:00",34.066206,74.81982,OZONE,0,1,1
India,"Jammu and Kashmir",Srinagar,"Khunmoh, Srinagar - JKPCC","23-09-2026 12:00:00",34.06313,74.96017,PM10,38,470,85
India,Jharkhand,Dhanbad,"Sardar Patel Nagar, Dhanbad - JSPCB","23-09-2026 12:00:00",23.80569,86.44268,NO2,93,180,100
India,Karnataka,Bengaluru,"Hebbal, Bengaluru - KSPCB","23-09-2026 12:00:00",13.029152,77.585901,PM2.5,NA,NA,NA
India,Karnataka,Bengaluru,"Hebbal, Bengaluru - KSPCB","23-09-2026 12:00:00",13.029152,77.585901,NO2,NA,NA,NA
India,Karnataka,Bengaluru,"Hombegowda Nagar, Bengaluru - KSPCB","23-09-2026 12:00:00",12.938539,77.5901,OZONE,14,18,17
India,Karnataka,Bengaluru,"Peenya, Bengaluru - CPCB","23-09-2026 12:00:00",13.0270199,77.494094,SO2,5,17,10
India,Karnataka,Bengaluru,"Jayanagar 5th Block, Bengaluru - KSPCB","23-09-2026 12:00:00",12.920984,77.584908,CO,3,14,9
India,Gujarat,Ahmedabad,"Chandkheda, Ahmedabad - IITM","23-09-2026 12:00:00",23.107969,72.574648,PM2.5,5,158,103
India,Gujarat,Ahmedabad,"SVPI Airport Hansol, Ahmedabad - IITM","23-09-2026 12:00:00",23.076793,72.627874,PM2.5,58,159,85
India,Gujarat,Ahmedabad,"SVPI Airport Hansol, Ahmedabad - IITM","23-09-2026 12:00:00",23.076793,72.627874,PM10,80,176,116
India,Gujarat,Ahmedabad,"Raikhad, Ahmedabad - IITM","23-09-2026 12:00:00",23.020509,72.579261,PM10,68,129,92
India,Gujarat,Ahmedabad,"Raikhad, Ahmedabad - IITM","23-09-2026 12:00:00",23.020509,72.579261,NO2,10,19,14
India,Gujarat,Ahmedabad,"Raikhad, Ahmedabad - IITM","23-09-2026 12:00:00",23.020509,72.579261,CO,24,38,33
India,Gujarat,Ahmedabad,"Maninagar, Ahmedabad - GPCB","23-09-2026 12:00:00",23.002657,72.591912,NH3,NA,NA,NA
India,Gujarat,Ahmedabad,"Maninagar, Ahmedabad - GPCB","23-09-2026 12:00:00",23.002657,72.591912,OZONE,24,135,53
India,Gujarat,Ahmedabad,"SAC ISRO Bopal, Ahmedabad - IITM","23-09-2026 12:00:00",23.041137,72.456691,OZONE,10,22,15
India,Gujarat,Bhavnagar,"Vidhyanagar, Bhavnagar - Nexteng Enviro","23-09-2026 12:00:00",21.755417,72.139056,PM2.5,28,70,51
India,Gujarat,Gandhinagar,"GIFT City, Gandhinagar - IITM","23-09-2026 12:00:00",23.163798,72.677768,NO2,21,58,33
India,Gujarat,Mehsana,"Sadanand Nagar, Mehsana - Nexteng Enviro","23-09-2026 12:00:00",23.59315,72.372792,PM10,43,129,93
India,Gujarat,Nandesari,"GIDC, Nandesari - Nandesari Ind. Association","23-09-2026 12:00:00",22.410802,73.097923,PM2.5,44,159,82
India,Karnataka,Bengaluru,"Jigani, Bengaluru - KSPCB","23-09-2026 12:00:00",12.7816279,77.6299145,SO2,NA,NA,NA
India,Karnataka,Bengaluru,"BTM Layout, Bengaluru - CPCB","23-09-2026 12:00:00",12.9135218,77.5950804,CO,NA,NA,NA
India,Karnataka,Bengaluru,"Silk Board, Bengaluru - KSPCB","23-09-2026 12:00:00",12.917348,77.622813,SO2,16,23,20
India,Karnataka,Bengaluru,"Silk Board, Bengaluru - KSPCB","23-09-2026 12:00:00",12.917348,77.622813,OZONE,13,16,15
India,Karnataka,Chikkaballapur,"Chikkaballapur Rural, Chikkaballapur - KSPCB","23-09-2026 12:00:00",13.428828,77.731418,NH3,1,1,1
India,Karnataka,Chikkamagaluru,"Kalyana Nagara, Chikkamagaluru - KSPCB","23-09-2026 12:00:00",13.328028,75.797056,SO2,NA,NA,NA
India,Karnataka,Dharwad,"Kalabhavan, Dharwad - KSPCB","23-09-2026 12:00:00",15.459706,75.008381,PM2.5,NA,NA,NA
India,Karnataka,Dharwad,"Kalabhavan, Dharwad - KSPCB","23-09-2026 12:00:00",15.459706,75.008381,PM10,NA,NA,NA
India,Karnataka,Dharwad,"Kalabhavan, Dharwad - KSPCB","23-09-2026 12:00:00",15.459706,75.008381,SO2,7,8,8
India,Karnataka,Dharwad,"Kalabhavan, Dharwad - KSPCB","23-09-2026 12:00:00",15.459706,75.008381,CO,34,37,35
India,Karnataka,Hubballi,"Lingaraj Nagar, Hubballi - KSPCB","23-09-2026 12:00:00",15.3714823,75.1160168,PM2.5,36,49,41
India,Karnataka,Kalaburagi,"Mahatma Basaveswar Colony, Kalaburgi - KSPCB","23-09-2026 12:00:00",17.336318,76.847397,NO2,11,14,13
India,Karnataka,Kalaburagi,"Mahatma Basaveswar Colony, Kalaburgi - KSPCB","23-09-2026 12:00:00",17.336318,76.847397,SO2,2,4,3
India,Delhi,Delhi,"Jawaharlal Nehru Stadium, Delhi - DPCC","23-09-2026 12:00:00",28.58028,77.233829,NO2,20,61,39
India,Delhi,Delhi,"Jawaharlal Nehru Stadium, Delhi - DPCC","23-09-2026 12:00:00",28.58028,77.233829,SO2,20,29,24
India,Delhi,Delhi,"Najafgarh, Delhi - DPCC","23-09-2026 12:00:00",28.570173,76.933762,NH3,5,8,6
India,Delhi,Delhi,"Mundka, Delhi - DPCC","23-09-2026 12:00:00",28.684678,77.076574,CO,50,64,56
India,Delhi,Delhi,"NSUT Jaffarpur, Delhi - DPCC","23-09-2026 12:00:00",28.594004,76.909423,PM2.5,86,272,160
India,Delhi,Delhi,"Anand Vihar, Delhi - DPCC","23-09-2026 12:00:00",28.647622,77.315809,OZONE,1,49,16
India,Delhi,Delhi,"Punjabi Bagh, Delhi - DPCC","23-09-2026 12:00:00",28.674045,77.131023,SO2,23,30,25
India,Delhi,Delhi,"DTU, Delhi - CPCB","23-09-2026 12:00:00",28.7500499,77.1112615,PM10,101,142,122
India,Delhi,Delhi,"DTU, Delhi - CPCB","23-09-2026 12:00:00",28.7500499,77.1112615,NO2,13,31,22
India,Delhi,Delhi,"Shadipur, Delhi - CPCB","23-09-2026 12:00:00",28.6514781,77.1473105,PM2.5,53,83,65
India,Delhi,Delhi,"Shadipur, Delhi - CPCB","23-09-2026 12:00:00",28.6514781,77.1473105,CO,34,69,49
India,Haryana,Dharuhera,"Municipal Corporation Office, Dharuhera -  HSPCB","23-09-2026 12:00:00",28.2068,76.7997,NH3,4,9,6
India,Haryana,Faridabad,"Sector 30, Faridabad - HSPCB","23-09-2026 12:00:00",28.4417,77.3217,SO2,2,4,2
India,Haryana,Faridabad,"New Industrial Town, Faridabad - HSPCB","23-09-2026 12:00:00",28.39072,77.30059,NH3,NA,NA,NA
India,Haryana,Gurugram,"NISE Gwal Pahari, Gurugram - IITM","23-09-2026 12:00:00",28.422681,77.148944,NO2,18,46,26
India,Haryana,Gurugram,"NISE Gwal Pahari, Gurugram - IITM","23-09-2026 12:00:00",28.422681,77.148944,NH3,NA,NA,NA
India,Haryana,Gurugram,"Teri Gram, Gurugram - HSPCB","23-09-2026 12:00:00",28.4275,77.1465,NH3,9,16,11
India,"Madhya Pradesh",Ratlam,"Shasthri Nagar, Ratlam - IPCA Lab","23-09-2026 12:00:00",23.331731,75.045981,SO2,10,13,12
India,"Madhya Pradesh",Ratlam,"Shasthri Nagar, Ratlam - IPCA Lab","23-09-2026 12:00:00",23.331731,75.045981,CO,NA,NA,NA
India,"Madhya Pradesh",Satna,"Bandhavgar Colony, Satna - Birla Cement","23-09-2026 12:00:00",24.58434363,80.8549414,PM2.5,49,52,50
India,"Madhya Pradesh",Ujjain,"Mahashweta Nagar, Ujjain - MPPCB","23-09-2026 12:00:00",23.1633321,75.800225,NO2,12,40,24
India,"Madhya Pradesh",Ujjain,"Mahashweta Nagar, Ujjain - MPPCB","23-09-2026 12:00:00",23.1633321,75.800225,OZONE,57,117,80
India,Maharashtra,Ahmednagar,"Tarakpur, Ahmednagar - MPCB","23-09-2026 12:00:00",19.10122,74.73339,NH3,0,1,1
India,Maharashtra,Ahmednagar,"Tarakpur, Ahmednagar - MPCB","23-09-2026 12:00:00",19.10122,74.73339,OZONE,25,63,41
India,Maharashtra,Akola,"Ramdaspeth, Akola - MPCB","23-09-2026 12:00:00",20.719516,77.000253,PM2.5,16,47,38
India,Maharashtra,Akola,"Ramdaspeth, Akola - MPCB","23-09-2026 12:00:00",20.719516,77.000253,PM10,30,59,46
India,Maharashtra,Akola,"Ramdaspeth, Akola - MPCB","23-09-2026 12:00:00",20.719516,77.000253,NH3,7,8,7
India,Maharashtra,Akola,"Ramdaspeth, Akola - MPCB","23-09-2026 12:00:00",20.719516,77.000253,SO2,2,5,4
India,Maharashtra,Amravati,"Shri Shivaji Science College, Amravati - MPCB","23-09-2026 12:00:00",20.939198,77.765701,NO2,3,37,10
India,Maharashtra,Amravati,"Shri Shivaji Science College, Amravati - MPCB","23-09-2026 12:00:00",20.939198,77.765701,CO,27,30,29
India,Maharashtra,Aurangabad,"MIDC Chilkalthana, Aurangabad - MPCB","23-09-2026 12:00:00",19.87562,75.38731,PM10,NA,NA,NA
India,Maharashtra,Aurangabad,"MIDC Chilkalthana, Aurangabad - MPCB","23-09-2026 12:00:00",19.87562,75.38731,NO2,1,7,1
India,Maharashtra,Aurangabad,"MIDC Chilkalthana, Aurangabad - MPCB","23-09-2026 12:00:00",19.87562,75.38731,CO,26,28,27
India,Maharashtra,Aurangabad,"Rachnakar Colony, Aurangabad - MPCB","23-09-2026 12:00:00",19.863756,75.321188,NO2,7,29,14
India,Maharashtra,Aurangabad,"Rachnakar Colony, Aurangabad - MPCB","23-09-2026 12:00:00",19.863756,75.321188,SO2,2,2,2
India,Maharashtra,Aurangabad,"Rachnakar Colony, Aurangabad - MPCB","23-09-2026 12:00:00",19.863756,75.321188,OZONE,9,10,10
India,Maharashtra,Aurangabad,"More Chowk Waluj, Aurangabad - MPCB","23-09-2026 12:00:00",19.8389439,75.244448,NO2,9,12,10
India,Maharashtra,Aurangabad,"More Chowk Waluj, Aurangabad - MPCB","23-09-2026 12:00:00",19.8389439,75.244448,OZONE,15,51,33
India,Maharashtra,Badlapur,"Katrap, Badlapur - MPCB","23-09-2026 12:00:00",19.16485,73.23409,NH3,12,16,14
India,Maharashtra,Badlapur,"Katrap, Badlapur - MPCB","23-09-2026 12:00:00",19.16485,73.23409,SO2,6,9,7
India,"Madhya Pradesh",Indore,"Chhoti Gwaltoli, Indore - MPPCB","23-09-2026 12:00:00",22.431,75.5213,NH3,3,9,7
India,"Madhya Pradesh",Indore,"Chhoti Gwaltoli, Indore - MPPCB","23-09-2026 12:00:00",22.431,75.5213,SO2,16,28,21
India,"Madhya Pradesh",Indore,"Airport Area, Indore - IMC","23-09-2026 12:00:00",22.7289,75.8076,PM2.5,NA,NA,NA
India,"Madhya Pradesh",Indore,"Airport Area, Indore - IMC","23-09-2026 12:00:00",22.7289,75.8076,NO2,18,32,20
India,"Madhya Pradesh",Indore,"Airport Area, Indore - IMC","23-09-2026 12:00:00",22.7289,75.8076,SO2,NA,NA,NA
India,"Madhya Pradesh",Indore,"Airport Area, Indore - IMC","23-09-2026 12:00:00",22.7289,75.8076,CO,39,45,43
India,"Madhya Pradesh",Indore,"Residency Area, Indore - IMC","23-09-2026 12:00:00",22.7084,75.8815,PM2.5,3,73,46
India,"Madhya Pradesh",Indore,"Maguda Nagar, Indore - IMC","23-09-2026 12:00:00",22.7524,75.8872,CO,41,42,41
India,"Madhya Pradesh",Indore,"Maguda Nagar, Indore - IMC","23-09-2026 12:00:00",22.7524,75.8872,OZONE,11,11,11
India,"Madhya Pradesh",Jabalpur,"Marhatal, Jabalpur - MPPCB","23-09-2026 12:00:00",23.168606,79.932247,PM10,10,34,24
India,"Madhya Pradesh",Jabalpur,"Marhatal, Jabalpur - MPPCB","23-09-2026 12:00:00",23.168606,79.932247,NO2,15,26,19
India,"Madhya Pradesh",Jabalpur,"Marhatal, Jabalpur - MPPCB","23-09-2026 12:00:00",23.168606,79.932247,SO2,8,9,8
India,"Madhya Pradesh",Jabalpur,"Suhagi, Jabalpur - JMC","23-09-2026 12:00:00",23.218135,79.95777,NH3,6,6,6
India,"Madhya Pradesh",Katni,"Gole Bazar, Katni - MPPCB","23-09-2026 12:00:00",23.50016,80.23284,PM2.5,38,137,68
India,"Madhya Pradesh",Katni,"Gole Bazar, Katni - MPPCB","23-09-2026 12:00:00",23.50016,80.23284,OZONE,13,50,27
India,"Madhya Pradesh",Maihar,"Sahilara, Maihar - KJS Cements","23-09-2026 12:00:00",24.2613009,80.7231783,PM10,NA,NA,NA
India,"Madhya Pradesh",Maihar,"Sahilara, Maihar - KJS Cements","23-09-2026 12:00:00",24.2613009,80.7231783,OZONE,NA,NA,NA
India,"Madhya Pradesh",Mandideep,"Sector-D Industrial Area, Mandideep - MPPCB","23-09-2026 12:00:00",23.10844,77.511428,PM2.5,63,234,118
India,"Madhya Pradesh",Mandideep,"Sector-D Industrial Area, Mandideep - MPPCB","23-09-2026 12:00:00",23.10844,77.511428,PM10,96,191,136
India,"Madhya Pradesh",Mandideep,"Sector-D Industrial Area, Mandideep - MPPCB","23-09-2026 12:00:00",23.10844,77.511428,CO,24,50,36
India,"Madhya Pradesh",Ratlam,"Shasthri Nagar, Ratlam - IPCA Lab","23-09-2026 12:00:00",23.331731,75.045981,PM10,28,101,56
India,Maharashtra,Beed,"Bir, Beed - MPCB","23-09-2026 12:00:00",18.988474,75.753873,OZONE,20,34,24
India,Maharashtra,Belapur,"CBD Belapur, Belapur - MPCB","23-09-2026 12:00:00",19.0243902,73.0406721,NO2,14,52,31
India,Maharashtra,Bhiwandi,"Gokul Nagar, Bhiwandi - MPCB","23-09-2026 12:00:00",19.309073,73.057223,SO2,3,4,3
India,Maharashtra,Chandrapur,"Chauhan Colony, Chandrapur - MPCB","23-09-2026 12:00:00",19.9629,79.298714,NO2,15,21,17
India,Maharashtra,Chandrapur,"Chauhan Colony, Chandrapur - MPCB","23-09-2026 12:00:00",19.9629,79.298714,SO2,11,16,13
India,Maharashtra,Chandrapur,"Chauhan Colony, Chandrapur - MPCB","23-09-2026 12:00:00",19.9629,79.298714,CO,28,32,30
India,Maharashtra,Chandrapur,"Chauhan Colony, Chandrapur - MPCB","23-09-2026 12:00:00",19.9629,79.298714,OZONE,6,17,12
India,Maharashtra,Chandrapur,"MIDC Khutala, Chandrapur - MPCB","23-09-2026 12:00:00",19.9775302,79.2337086,PM2.5,33,39,38
India,Maharashtra,Chandrapur,"MIDC Khutala, Chandrapur - MPCB","23-09-2026 12:00:00",19.9775302,79.2337086,PM10,37,163,107
India,Maharashtra,Chandrapur,"MIDC Khutala, Chandrapur - MPCB","23-09-2026 12:00:00",19.9775302,79.2337086,OZONE,3,41,15
India,Maharashtra,Dombivli,"Kalu Nagar, Dombivli - MPCB","23-09-2026 12:00:00",19.2268427,73.0788456,NO2,NA,NA,NA
India,Maharashtra,Dombivli,"Kalu Nagar, Dombivli - MPCB","23-09-2026 12:00:00",19.2268427,73.0788456,OZONE,19,56,33
India,Maharashtra,Hingoli,"Ashta Vinayak Nagar, Hingoli - MPCB","23-09-2026 12:00:00",19.710842,77.151824,OZONE,25,52,37
India,Maharashtra,Jalgaon,"Prabhat Colony, Jalgaon - MPCB","23-09-2026 12:00:00",21.001264,75.565602,PM2.5,31,89,62
India,Maharashtra,Jalgaon,"Prabhat Colony, Jalgaon - MPCB","23-09-2026 12:00:00",21.001264,75.565602,OZONE,15,35,23
India,Maharashtra,Jalna,"Old MIDC, Jalna - MPCB","23-09-2026 12:00:00",19.854616,75.905894,PM2.5,71,256,151
India,Maharashtra,Kolhapur,"Shivaji University, Kolhapur - MPCB","23-09-2026 12:00:00",16.6870449,74.2505872,CO,7,20,14
India,Maharashtra,Kolhapur,"Sinchan Bhavan, Kolhapur - MPCB","23-09-2026 12:00:00",16.7143745,74.2426398,NO2,4,12,7
India,Karnataka,Kolar,"Tamaka Ind. Area, Kolar - KSPCB","23-09-2026 12:00:00",13.1276288,78.1570122,NH3,NA,NA,NA
India,Karnataka,Madikeri,"Stuart Hill, Madikeri - KSPCB","23-09-2026 12:00:00",12.415911,75.73505,PM2.5,NA,NA,NA
India,Karnataka,Madikeri,"Stuart Hill, Madikeri - KSPCB","23-09-2026 12:00:00",12.415911,75.73505,NH3,NA,NA,NA
India,Karnataka,Mangalore,"Kadri, Mangalore - KSPCB","23-09-2026 12:00:00",12.88925,74.853,PM2.5,16,63,43
India,Karnataka,Mangalore,"Kadri, Mangalore - KSPCB","23-09-2026 12:00:00",12.88925,74.853,SO2,NA,NA,NA
India,Karnataka,Mangalore,"Kadri, Mangalore - KSPCB","23-09-2026 12:00:00",12.88925,74.853,CO,NA,NA,NA
India,Karnataka,Ramanagara,"Vijay Nagar, Ramanagara - KSPCB","23-09-2026 12:00:00",12.733409,77.298051,NH3,NA,NA,NA
India,Karnataka,Ramanagara,"Vijay Nagar, Ramanagara - KSPCB","23-09-2026 12:00:00",12.733409,77.298051,SO2,16,19,18
India,Karnataka,Shivamogga,"Vinoba Nagara, Shivamogga - KSPCB","23-09-2026 12:00:00",13.94,75.555917,SO2,6,6,6
India,Karnataka,Udupi,"Brahmagiri, Udupi - KSPCB","23-09-2026 12:00:00",13.34194444,74.74694444,PM2.5,20,77,31
India,Karnataka,Udupi,"Brahmagiri, Udupi - KSPCB","23-09-2026 12:00:00",13.34194444,74.74694444,NH3,2,3,2
India,Karnataka,Udupi,"Brahmagiri, Udupi - KSPCB","23-09-2026 12:00:00",13.34194444,74.74694444,CO,47,72,58
India,Kerala,Eloor,"Udyogamandal, Eloor - Kerala PCB","23-09-2026 12:00:00",10.073232,76.302765,SO2,2,2,2
India,Kerala,Eloor,"Udyogamandal, Eloor - Kerala PCB","23-09-2026 12:00:00",10.073232,76.302765,OZONE,28,30,29
India,Kerala,Thiruvananthapuram,"Plammoodu, Thiruvananthapuram - Kerala PCB","23-09-2026 12:00:00",8.5149093,76.9435879,PM2.5,14,26,19
India,Kerala,Thiruvananthapuram,"Plammoodu, Thiruvananthapuram - Kerala PCB","23-09-2026 12:00:00",8.5149093,76.9435879,NO2,3,5,4
India,Kerala,Thiruvananthapuram,"Plammoodu, Thiruvananthapuram - Kerala PCB","23-09-2026 12:00:00",8.5149093,76.9435879,SO2,7,24,15
India,Kerala,Thiruvananthapuram,"Kariavattom, Thiruvananthapuram - Kerala PCB","23-09-2026 12:00:00",8.5637,76.8865,PM2.5,50,58,55
India,Kerala,Thiruvananthapuram,"Kariavattom, Thiruvananthapuram - Kerala PCB","23-09-2026 12:00:00",8.5637,76.8865,SO2,4,4,4
India,Kerala,Thiruvananthapuram,"Kariavattom, Thiruvananthapuram - Kerala PCB","23-09-2026 12:00:00",8.5637,76.8865,CO,18,23,21
India,Maharashtra,Mumbai,"Ghatkopar, Mumbai - BMC","23-09-2026 12:00:00",19.083694,72.920967,NO2,3,20,8
India,Maharashtra,Mumbai,"Ghatkopar, Mumbai - BMC","23-09-2026 12:00:00",19.083694,72.920967,OZONE,3,4,3
India,Maharashtra,Mumbai,"Mindspace-Malad West, Mumbai - MPCB","23-09-2026 12:00:00",19.1878657,72.8304069,NO2,18,19,18
India,Maharashtra,Mumbai,"Mindspace-Malad West, Mumbai - MPCB","23-09-2026 12:00:00",19.1878657,72.8304069,CO,15,16,15
India,Maharashtra,Mumbai,"Mindspace-Malad West, Mumbai - MPCB","23-09-2026 12:00:00",19.1878657,72.8304069,OZONE,18,18,18
India,Maharashtra,Mumbai,"Chembur, Mumbai - MPCB","23-09-2026 12:00:00",19.0364585,72.8954371,CO,32,44,37
India,Maharashtra,Mumbai,"Chembur, Mumbai - MPCB","23-09-2026 12:00:00",19.0364585,72.8954371,OZONE,5,16,9
India,Maharashtra,Mumbai,"Deonar, Mumbai - IITM","23-09-2026 12:00:00",19.04946,72.923,NO2,19,54,35
India,Maharashtra,Mumbai,"Malad West, Mumbai - IITM","23-09-2026 12:00:00",19.19709,72.82204,NH3,1,4,2
India,Maharashtra,Nagpur,"Ram Nagar, Nagpur - MPCB","23-09-2026 12:00:00",21.143383,79.048912,NH3,2,3,2
India,Maharashtra,Nagpur,"Mahal, Nagpur - MPCB","23-09-2026 12:00:00",21.14472,79.107595,NH3,2,7,4
India,Maharashtra,Nagpur,"Mahal, Nagpur - MPCB","23-09-2026 12:00:00",21.14472,79.107595,SO2,0,87,9
India,Maharashtra,Nagpur,"Mahal, Nagpur - MPCB","23-09-2026 12:00:00",21.14472,79.107595,OZONE,11,24,15
India,Maharashtra,Nagpur,"Opp GPO Civil Lines, Nagpur - MPCB","23-09-2026 12:00:00",21.152875,79.0517531,PM2.5,15,70,40
India,Maharashtra,Nagpur,"Opp GPO Civil Lines, Nagpur - MPCB","23-09-2026 12:00:00",21.152875,79.0517531,PM10,29,81,48
India,Maharashtra,Nagpur,"Opp GPO Civil Lines, Nagpur - MPCB","23-09-2026 12:00:00",21.152875,79.0517531,NH3,2,3,2
India,Maharashtra,Nagpur,"Opp GPO Civil Lines, Nagpur - MPCB","23-09-2026 12:00:00",21.152875,79.0517531,SO2,6,15,11
India,Maharashtra,Nagpur,"Ambazari, Nagpur - MPCB","23-09-2026 12:00:00",21.121801,79.04952,NH3,1,2,2
India,Maharashtra,Nagpur,"Ambazari, Nagpur - MPCB","23-09-2026 12:00:00",21.121801,79.04952,SO2,7,17,12
India,Maharashtra,Nashik,"Gangapur Road, Nashik - MPCB","23-09-2026 12:00:00",20.0073285,73.7762427,CO,1,4,2
India,Maharashtra,Mumbai,"Sewri, Mumbai - BMC","23-09-2026 12:00:00",19.000084,72.85673,CO,10,22,14
India,Maharashtra,Mumbai,"Khindipada-Bhandup West, Mumbai - IITM","23-09-2026 12:00:00",19.1653323,72.922099,CO,30,37,34
India,Maharashtra,Mumbai,"Khindipada-Bhandup West, Mumbai - IITM","23-09-2026 12:00:00",19.1653323,72.922099,OZONE,4,29,14
India,Maharashtra,Mumbai,"Kandivali West, Mumbai - BMC","23-09-2026 12:00:00",19.215859,72.831718,PM2.5,21,48,31
India,Maharashtra,Mumbai,"Chakala-Andheri East, Mumbai - IITM","23-09-2026 12:00:00",19.11074,72.86084,PM2.5,4,27,10
India,Maharashtra,Mumbai,"Chakala-Andheri East, Mumbai - IITM","23-09-2026 12:00:00",19.11074,72.86084,PM10,27,105,54
India,Maharashtra,Mumbai,"Kurla, Mumbai - MPCB","23-09-2026 12:00:00",19.0863,72.8888,CO,25,25,25
India,Maharashtra,Mumbai,"Bandra Kurla Complex, Mumbai - IITM","23-09-2026 12:00:00",19.053536,72.84643,PM2.5,NA,NA,NA
India,Maharashtra,Mumbai,"Byculla, Mumbai - BMC","23-09-2026 12:00:00",18.9767,72.838,NO2,9,56,21
India,Maharashtra,Mumbai,"Kherwadi_Bandra East, Mumbai - MPCB","23-09-2026 12:00:00",19.0632143,72.8456324,NH3,5,5,5
India,Maharashtra,Mumbai,"Kherwadi_Bandra East, Mumbai - MPCB","23-09-2026 12:00:00",19.0632143,72.8456324,SO2,3,9,5
India,Maharashtra,Mumbai,"Kherwadi_Bandra East, Mumbai - MPCB","23-09-2026 12:00:00",19.0632143,72.8456324,OZONE,2,27,11
India,Maharashtra,Mumbai,"Siddharth Nagar-Worli, Mumbai - IITM","23-09-2026 12:00:00",19.000083,72.813993,PM2.5,10,21,13
India,Maharashtra,Mumbai,"Siddharth Nagar-Worli, Mumbai - IITM","23-09-2026 12:00:00",19.000083,72.813993,NO2,15,70,23
India,Maharashtra,Mumbai,"Worli, Mumbai - MPCB","23-09-2026 12:00:00",18.9936162,72.8128113,NO2,7,38,16
India,Maharashtra,Mumbai,"Worli, Mumbai - MPCB","23-09-2026 12:00:00",18.9936162,72.8128113,CO,37,60,46
India,Maharashtra,Mumbai,"Mazgaon, Mumbai - IITM","23-09-2026 12:00:00",18.96702,72.84214,NO2,21,72,35
India,Maharashtra,Mumbai,"Mazgaon, Mumbai - IITM","23-09-2026 12:00:00",18.96702,72.84214,SO2,0,12,7
India,Maharashtra,Kolhapur,"Sinchan Bhavan, Kolhapur - MPCB","23-09-2026 12:00:00",16.7143745,74.2426398,CO,6,14,10
India,Maharashtra,Latur,"Sawe Wadi, Latur - MPCB","23-09-2026 12:00:00",18.39963,76.57452,NO2,4,15,8
India,Maharashtra,Mahad,"Kamble Tarf Birwadi, Mahad - MPCB","23-09-2026 12:00:00",18.1023399,73.4783687,OZONE,9,21,13
India,Maharashtra,Malegaon,"Mahesh Nagar, Malegaon - MPCB","23-09-2026 12:00:00",20.555712,74.529236,PM2.5,67,117,86
India,Maharashtra,Malegaon,"Mahesh Nagar, Malegaon - MPCB","23-09-2026 12:00:00",20.555712,74.529236,CO,11,21,15
India,Maharashtra,Mira-Bhayandar,"Bhayandar West, Mira-Bhayandar - MPCB","23-09-2026 12:00:00",19.296481,72.840923,PM10,17,47,33
India,Maharashtra,Mumbai,"Chhatrapati Shivaji Intl. Airport (T2), Mumbai - MPCB","23-09-2026 12:00:00",19.10078,72.87462,SO2,7,8,8
India,Maharashtra,Mumbai,"Chhatrapati Shivaji Intl. Airport (T2), Mumbai - MPCB","23-09-2026 12:00:00",19.10078,72.87462,OZONE,NA,NA,NA
India,Maharashtra,Mumbai,"Navy Nagar-Colaba, Mumbai - IITM","23-09-2026 12:00:00",18.897756,72.81332,PM2.5,20,53,36
India,Maharashtra,Mumbai,"Navy Nagar-Colaba, Mumbai - IITM","23-09-2026 12:00:00",18.897756,72.81332,PM10,28,57,41
India,Maharashtra,Mumbai,"Mulund West, Mumbai - MPCB","23-09-2026 12:00:00",19.175,72.9419,PM10,NA,NA,NA
India,Maharashtra,Mumbai,"Mulund West, Mumbai - MPCB","23-09-2026 12:00:00",19.175,72.9419,NH3,4,5,5
India,Maharashtra,Mumbai,"Bandra Kurla Complex, Mumbai - MPCB","23-09-2026 12:00:00",19.065931,72.862131,CO,16,25,22
India,Maharashtra,Mumbai,"Shivaji Nagar, Mumbai - BMC","23-09-2026 12:00:00",19.060498,72.923356,PM2.5,3,59,45
India,Maharashtra,Mumbai,"Sewri, Mumbai - BMC","23-09-2026 12:00:00",19.000084,72.85673,NO2,22,45,33
India,Kerala,Thrissur,"Corporation Ground, Thrissur - Kerala PCB","23-09-2026 12:00:00",10.5324,76.2159,PM10,45,57,50
India,Kerala,Thrissur,"Corporation Ground, Thrissur - Kerala PCB","23-09-2026 12:00:00",10.5324,76.2159,SO2,0,0,0
India,Kerala,Thrissur,"Corporation Ground, Thrissur - Kerala PCB","23-09-2026 12:00:00",10.5324,76.2159,OZONE,30,30,30
India,"Madhya Pradesh",Bhopal,"Idgah Hills, Bhopal - MPPCB","23-09-2026 12:00:00",23.264759,77.381568,PM2.5,35,73,56
India,"Madhya Pradesh",Bhopal,"Idgah Hills, Bhopal - MPPCB","23-09-2026 12:00:00",23.264759,77.381568,NO2,6,12,9
India,"Madhya Pradesh",Bhopal,"T T Nagar, Bhopal - MPPCB","23-09-2026 12:00:00",23.233584,77.400574,PM2.5,47,76,62
India,"Madhya Pradesh",Bhopal,"T T Nagar, Bhopal - MPPCB","23-09-2026 12:00:00",23.233584,77.400574,PM10,62,113,89
India,"Madhya Pradesh",Bhopal,"Paryavaran Parisar, Bhopal - MPPCB","23-09-2026 12:00:00",23.210494,77.425409,NO2,15,31,21
India,"Madhya Pradesh",Bhopal,"Paryavaran Parisar, Bhopal - MPPCB","23-09-2026 12:00:00",23.210494,77.425409,OZONE,25,38,31
India,"Madhya Pradesh",Dewas,"Bhopal Chauraha, Dewas - MPPCB","23-09-2026 12:00:00",22.9682591,76.064118,NO2,57,85,68
India,"Madhya Pradesh",Gwalior,"Maharaj Bada, Gwalior - MPPCB","23-09-2026 12:00:00",26.200388,78.147714,NH3,3,8,6
India,"Madhya Pradesh",Gwalior,"Maharaj Bada, Gwalior - MPPCB","23-09-2026 12:00:00",26.200388,78.147714,CO,30,39,35
India,"Madhya Pradesh",Gwalior,"City Center, Gwalior - MPPCB","23-09-2026 12:00:00",26.203442,78.193251,SO2,11,23,18
India,"Madhya Pradesh",Gwalior,"City Center, Gwalior - MPPCB","23-09-2026 12:00:00",26.203442,78.193251,OZONE,9,42,27
India,"Madhya Pradesh",Gwalior,"Deen Dayal Nagar, Gwalior - MPPCB","23-09-2026 12:00:00",26.259242,78.216432,OZONE,16,47,36
India,Maharashtra,Nashik,"MIDC Ambad, Nashik - MPCB","23-09-2026 12:00:00",19.95022,73.73148,PM2.5,34,57,48
India,Maharashtra,"Navi Mumbai","Kopripada-Vashi, Navi Mumbai - MPCB","23-09-2026 12:00:00",19.090337,73.014232,CO,33,72,46
India,Maharashtra,"Navi Mumbai","Nerul, Navi Mumbai - MPCB","23-09-2026 12:00:00",19.008751,73.01662,SO2,NA,NA,NA
India,Maharashtra,"Navi Mumbai","Nerul, Navi Mumbai - MPCB","23-09-2026 12:00:00",19.008751,73.01662,CO,NA,NA,NA
India,Maharashtra,"Navi Mumbai","Sector-2E Kalamboli, Navi Mumbai - MPCB","23-09-2026 12:00:00",19.02579,73.10297,OZONE,10,18,14
India,Maharashtra,"Navi Mumbai","Mahape, Navi Mumbai - MPCB","23-09-2026 12:00:00",19.1135051,73.008978,NH3,1,1,1
India,Maharashtra,"Navi Mumbai","Mahape, Navi Mumbai - MPCB","23-09-2026 12:00:00",19.1135051,73.008978,CO,NA,NA,NA
India,Maharashtra,Parbhani,"Masoom Colony, Parbhani - MPCB","23-09-2026 12:00:00",19.265594,76.761463,PM10,85,148,106
India,Maharashtra,Parbhani,"Masoom Colony, Parbhani - MPCB","23-09-2026 12:00:00",19.265594,76.761463,CO,8,14,11
India,Maharashtra,Pimpri-Chinchwad,"Gavalinagar, Pimpri Chinchwad - MPCB","23-09-2026 12:00:00",18.63673,73.82487,OZONE,13,35,22
India,Rajasthan,Jaipur,"Shastri Nagar, Jaipur - RSPCB","23-09-2026 12:00:00",26.9502929,75.730943,NO2,23,78,41
India,Rajasthan,Jaipur,"Adarsh Nagar, Jaipur - RSPCB","23-09-2026 12:00:00",26.902909,75.836858,PM10,93,112,103
India,Rajasthan,Jaipur,"Adarsh Nagar, Jaipur - RSPCB","23-09-2026 12:00:00",26.902909,75.836858,OZONE,19,83,42
India,Rajasthan,Jaipur,"Mansarovar Sector-12, Jaipur - RSPCB","23-09-2026 12:00:00",26.843698,75.766894,PM2.5,48,203,77
India,Rajasthan,Jaipur,"Police Commissionerate, Jaipur - RSPCB","23-09-2026 12:00:00",26.9164092,75.7994901,PM10,75,163,117
India,Rajasthan,Jaipur,"Police Commissionerate, Jaipur - RSPCB","23-09-2026 12:00:00",26.9164092,75.7994901,NO2,68,127,87
India,Rajasthan,Jaipur,"Sector-2 Murlipura, Jaipur - RSPCB","23-09-2026 12:00:00",26.960669,75.771817,PM10,56,130,87
India,Rajasthan,Jaipur,"RIICO Sitapura, Jaipur - RSPCB","23-09-2026 12:00:00",26.786682,75.827928,NH3,0,5,3
India,Rajasthan,Jaipur,"RIICO Sitapura, Jaipur - RSPCB","23-09-2026 12:00:00",26.786682,75.827928,SO2,4,32,9
India,Rajasthan,Jaipur,"RIICO Sitapura, Jaipur - RSPCB","23-09-2026 12:00:00",26.786682,75.827928,CO,37,94,55
India,Rajasthan,Jaisalmer,"Sadar Bazar, Jaisalmer - RSPCB","23-09-2026 12:00:00",26.912329,70.909168,PM2.5,30,63,43
India,Rajasthan,Jaisalmer,"Sadar Bazar, Jaisalmer - RSPCB","23-09-2026 12:00:00",26.912329,70.909168,OZONE,37,80,56
India,Rajasthan,Jalore,"Mudtra Sili, Jalore - RSPCB","23-09-2026 12:00:00",25.344694,72.626208,CO,12,25,19
India,Rajasthan,Jhalawar,"Rajlaxmi Nagar, Jhalawar - RSPCB","23-09-2026 12:00:00",24.588397,76.172782,NO2,20,55,34
India,Rajasthan,Jhalawar,"Rajlaxmi Nagar, Jhalawar - RSPCB","23-09-2026 12:00:00",24.588397,76.172782,CO,5,51,14
India,Rajasthan,Jhalawar,"Rajlaxmi Nagar, Jhalawar - RSPCB","23-09-2026 12:00:00",24.588397,76.172782,OZONE,9,27,20
India,Rajasthan,Jhunjhunu,"Indra Nagar, Jhunjhunu - RSPCB","23-09-2026 12:00:00",28.108988,75.386577,PM10,70,159,99
India,Rajasthan,Jodhpur,"Collectorate, Jodhpur - RSPCB","23-09-2026 12:00:00",26.268249,73.0193853,PM10,27,203,99
India,Rajasthan,Jodhpur,"Collectorate, Jodhpur - RSPCB","23-09-2026 12:00:00",26.268249,73.0193853,NH3,2,31,10
India,Rajasthan,Jodhpur,"Samrat Ashok Udhyan, Jodhpur - RSPCB","23-09-2026 12:00:00",26.253384,72.976571,SO2,2,5,3
India,Rajasthan,Jodhpur,"Mandor, Jodhpur - RSPCB","23-09-2026 12:00:00",26.358805,73.047444,PM2.5,20,72,40
India,Odisha,Paradeep,"Nua Sandhakuda, Paradeep - OSPCB","23-09-2026 12:00:00",20.258828,86.665185,NH3,5,7,5
India,Odisha,Rairangpur,"Divisional Forest Office, Rairangpur - OSPCB","23-09-2026 12:00:00",22.265816,86.174829,NH3,3,3,3
India,Odisha,Rourkela,"Fertilizer Township, Rourkela - OSPCB","23-09-2026 12:00:00",22.18972222,84.86277778,PM2.5,23,53,36
India,Odisha,Rourkela,"Fertilizer Township, Rourkela - OSPCB","23-09-2026 12:00:00",22.18972222,84.86277778,PM10,41,53,45
India,Odisha,Rourkela,"Fertilizer Township, Rourkela - OSPCB","23-09-2026 12:00:00",22.18972222,84.86277778,SO2,11,12,11
India,Odisha,Rourkela,"Fertilizer Township, Rourkela - OSPCB","23-09-2026 12:00:00",22.18972222,84.86277778,OZONE,NA,NA,NA
India,Odisha,Talcher,"Talcher Coalfields,Talcher - OSPCB","23-09-2026 12:00:00",20.9360711,85.1707021,PM2.5,NA,NA,NA
India,Odisha,Talcher,"Talcher Coalfields,Talcher - OSPCB","23-09-2026 12:00:00",20.9360711,85.1707021,SO2,12,31,24
India,Odisha,Talcher,"Talcher Coalfields,Talcher - OSPCB","23-09-2026 12:00:00",20.9360711,85.1707021,OZONE,15,17,16
India,Odisha,Tensa,"Barsua Iron Ore Mines, Tensa - OSPCB","23-09-2026 12:00:00",21.869985,85.167016,PM2.5,9,11,10
India,Odisha,Tensa,"Barsua Iron Ore Mines, Tensa - OSPCB","23-09-2026 12:00:00",21.869985,85.167016,NO2,NA,NA,NA
India,Odisha,Tensa,"Barsua Iron Ore Mines, Tensa - OSPCB","23-09-2026 12:00:00",21.869985,85.167016,SO2,21,31,27
India,Puducherry,Puducherry,"Jawahar Nagar, Puducherry - PPCC","23-09-2026 12:00:00",11.9309,79.8027,PM10,9,69,37
India,Punjab,Amritsar,"Golden Temple, Amritsar - PPCB","23-09-2026 12:00:00",31.62,74.876512,NO2,19,23,21
India,Punjab,Bathinda,"Hardev Nagar, Bathinda - PPCB","23-09-2026 12:00:00",30.233011,74.907758,NH3,NA,NA,NA
India,Punjab,Bathinda,"Hardev Nagar, Bathinda - PPCB","23-09-2026 12:00:00",30.233011,74.907758,CO,15,26,20
India,Punjab,Jalandhar,"Civil Line, Jalandhar - PPCB","23-09-2026 12:00:00",31.321907,75.578914,PM10,58,120,83
India,Punjab,Khanna,"Kalal Majra, Khanna - PPCB","23-09-2026 12:00:00",30.736056,76.209694,PM2.5,29,49,38
India,Punjab,Khanna,"Kalal Majra, Khanna - PPCB","23-09-2026 12:00:00",30.736056,76.209694,NO2,12,33,21
India,Punjab,Ludhiana,"Punjab Agricultural University, Ludhiana - PPCB","23-09-2026 12:00:00",30.9028,75.8086,PM10,50,168,109
India,Rajasthan,Sikar,"Radhakishan Pura, Sikar - RSPCB","23-09-2026 12:00:00",27.608912,75.153302,NH3,11,21,16
India,Rajasthan,Sikar,"Radhakishan Pura, Sikar - RSPCB","23-09-2026 12:00:00",27.608912,75.153302,OZONE,41,59,49
India,Rajasthan,Sirohi,"Vedhaynath Colony, Sirohi - RSPCB","23-09-2026 12:00:00",24.885261,72.857549,OZONE,36,77,61
India,Rajasthan,"Sri Ganganagar","Old City, Sri Ganganagar - RSPCB","23-09-2026 12:00:00",29.931624,73.864511,NO2,30,64,47
India,Rajasthan,Tonk,"Shastri Nagar, Tonk - RSPCB","23-09-2026 12:00:00",26.159933,75.780517,PM2.5,43,177,77
India,Rajasthan,Tonk,"Shastri Nagar, Tonk - RSPCB","23-09-2026 12:00:00",26.159933,75.780517,NH3,NA,NA,NA
India,Rajasthan,Udaipur,"Ashok Nagar, Udaipur - RSPCB","23-09-2026 12:00:00",24.5886166,73.6321397,PM2.5,23,195,92
India,Rajasthan,Udaipur,"Ashok Nagar, Udaipur - RSPCB","23-09-2026 12:00:00",24.5886166,73.6321397,PM10,73,195,119
India,Rajasthan,Udaipur,"Ashok Nagar, Udaipur - RSPCB","23-09-2026 12:00:00",24.5886166,73.6321397,CO,1,29,13
India,Sikkim,Gangtok,"Zero Point GICI, Gangtok - SSPCB","23-09-2026 12:00:00",27.33853,88.614099,NO2,7,8,8
India,"Tamil Nadu",Chennai,"Manali Village, Chennai - TNPCB","23-09-2026 12:00:00",13.1662,80.2584,PM10,35,112,57
India,"Tamil Nadu",Chennai,"Manali Village, Chennai - TNPCB","23-09-2026 12:00:00",13.1662,80.2584,CO,44,53,48
India,"Tamil Nadu",Chennai,"Velachery Res. Area, Chennai - CPCB","23-09-2026 12:00:00",13.0052189,80.2398125,NH3,NA,NA,NA
India,"Tamil Nadu",Madurai,"Uchapatti, Madurai - TNPCB","23-09-2026 12:00:00",9.865935,78.022669,CO,10,10,10
India,Telangana,Hyderabad,"Kompally Municipal Office, Hyderabad - TSPCB","23-09-2026 12:00:00",17.544899,78.486949,NH3,2,4,2
India,Telangana,Hyderabad,"Ramachandrapuram, Hyderabad - TSPCB","23-09-2026 12:00:00",17.528544,78.286195,NO2,10,14,12
India,Telangana,Hyderabad,"Ramachandrapuram, Hyderabad - TSPCB","23-09-2026 12:00:00",17.528544,78.286195,SO2,6,17,8
India,Rajasthan,Jodhpur,"Mandor, Jodhpur - RSPCB","23-09-2026 12:00:00",26.358805,73.047444,CO,7,24,16
India,Rajasthan,Jodhpur,"Digari Kalan, Jodhpur - RSPCB","23-09-2026 12:00:00",26.29581,73.082283,NO2,10,98,44
India,Rajasthan,Karauli,"Satyawati Vihar, Karauli - RSPCB","23-09-2026 12:00:00",26.506177,77.025989,OZONE,6,97,42
India,Rajasthan,Khairthal,"New Anaj Mandi, Khairthal - RSPCB","23-09-2026 12:00:00",27.8015617,76.6365217,SO2,NA,NA,NA
India,Rajasthan,Khairthal,"New Anaj Mandi, Khairthal - RSPCB","23-09-2026 12:00:00",27.8015617,76.6365217,CO,127,127,127
India,Rajasthan,Kota,"Nayapura, Kota - RSPCB","23-09-2026 12:00:00",25.196024,75.855668,OZONE,21,79,47
India,Rajasthan,Kota,"Shrinath Puram, Kota - RSPCB","23-09-2026 12:00:00",25.14389,75.821256,PM10,20,131,82
India,Rajasthan,Kota,"Shrinath Puram, Kota - RSPCB","23-09-2026 12:00:00",25.14389,75.821256,NO2,3,16,9
India,Rajasthan,Kota,"Shrinath Puram, Kota - RSPCB","23-09-2026 12:00:00",25.14389,75.821256,NH3,0,9,4
India,Rajasthan,Nagaur,"Karni Colony, Nagaur - RSPCB","23-09-2026 12:00:00",27.213494,73.734444,NO2,5,59,28
India,Rajasthan,Nagaur,"Karni Colony, Nagaur - RSPCB","23-09-2026 12:00:00",27.213494,73.734444,SO2,2,6,3
India,Rajasthan,Pali,"Indira Colony Vistar, Pali - RSPCB","23-09-2026 12:00:00",25.771061,73.340227,PM2.5,6,305,98
India,Rajasthan,Pali,"Indira Colony Vistar, Pali - RSPCB","23-09-2026 12:00:00",25.771061,73.340227,PM10,NA,NA,NA
India,Rajasthan,Pali,"Indira Colony Vistar, Pali - RSPCB","23-09-2026 12:00:00",25.771061,73.340227,SO2,4,16,10
India,Rajasthan,Pratapgarh,"Pragati Nagar, Pratapgarh - RSPCB","23-09-2026 12:00:00",24.041198,74.780702,CO,19,26,22
India,Rajasthan,Rajsamand,"Dhoinda, Rajsamand - RSPCB","23-09-2026 12:00:00",25.03636,73.883502,PM2.5,7,147,56
India,Rajasthan,Rajsamand,"Dhoinda, Rajsamand - RSPCB","23-09-2026 12:00:00",25.03636,73.883502,NH3,8,32,19
India,Rajasthan,"Sawai Madhopur","Sahu Nagar, Sawai Madhopur - RSPCB","23-09-2026 12:00:00",26.031443,76.359327,OZONE,8,98,48
India,Rajasthan,Bharatpur,"Krishna Nagar, Bharatpur - RSPCB","23-09-2026 12:00:00",27.215415,77.50873,PM2.5,58,106,80
India,Rajasthan,Bharatpur,"Krishna Nagar, Bharatpur - RSPCB","23-09-2026 12:00:00",27.215415,77.50873,PM10,94,143,118
India,Rajasthan,Bharatpur,"Krishna Nagar, Bharatpur - RSPCB","23-09-2026 12:00:00",27.215415,77.50873,NH3,3,20,8
India,Rajasthan,Bharatpur,"Krishna Nagar, Bharatpur - RSPCB","23-09-2026 12:00:00",27.215415,77.50873,CO,33,53,45
India,Rajasthan,Bhilwara,"Pratap Nagar, Bhilwara - RSPCB","23-09-2026 12:00:00",25.339605,74.618883,NH3,2,12,8
India,Rajasthan,Bhiwadi,"Vasundhara Nagar_UIT, Bhiwadi - RSPCB","23-09-2026 12:00:00",28.207266,76.829265,CO,27,74,57
India,Rajasthan,Bhiwadi,"RIICO Ind. Area III, Bhiwadi - RSPCB","23-09-2026 12:00:00",28.194909,76.862296,NH3,4,10,6
India,Rajasthan,Bhiwadi,"RIICO Ind. Area III, Bhiwadi - RSPCB","23-09-2026 12:00:00",28.194909,76.862296,SO2,6,27,11
India,Rajasthan,Bikaner,"MM Ground, Bikaner - RSPCB","23-09-2026 12:00:00",28.018792,73.292658,OZONE,34,74,55
India,Rajasthan,Bundi,"New Colony, Bundi - RSPCB","23-09-2026 12:00:00",25.435774,75.644272,CO,12,26,18
India,Rajasthan,Churu,"Subash Chowk, Churu - RSPCB","23-09-2026 12:00:00",28.296139,74.961696,PM10,77,166,114
India,Rajasthan,Churu,"Subash Chowk, Churu - RSPCB","23-09-2026 12:00:00",28.296139,74.961696,NO2,0,25,10
India,Rajasthan,Churu,"Subash Chowk, Churu - RSPCB","23-09-2026 12:00:00",28.296139,74.961696,OZONE,58,99,72
India,Rajasthan,Dausa,"Khatikan Mohalla, Dausa - RSPCB","23-09-2026 12:00:00",26.895552,76.334753,OZONE,8,61,33
India,Rajasthan,Dholpur,"Raja Ganj, Dholpur - RSPCB","23-09-2026 12:00:00",26.699557,77.898881,PM10,68,137,102
India,Rajasthan,Dholpur,"Raja Ganj, Dholpur - RSPCB","23-09-2026 12:00:00",26.699557,77.898881,SO2,3,9,7
India,Rajasthan,Dungarpur,"Bhoiwada, Dungarpur - RSPCB","23-09-2026 12:00:00",23.837789,73.714926,PM10,54,106,76
India,Rajasthan,Dungarpur,"Bhoiwada, Dungarpur - RSPCB","23-09-2026 12:00:00",23.837789,73.714926,CO,19,26,22
India,Maharashtra,Sangli,"Vijay Nagar, Sangli - MPCB","23-09-2026 12:00:00",16.5038,74.3623,CO,12,21,17
India,Maharashtra,Satara,"Koyana Nagar, Satara - MPCB","23-09-2026 12:00:00",17.696651,74.003387,SO2,3,6,5
India,Maharashtra,Solapur,"Dnyaneshwar Nagar, Solapur - MPCB","23-09-2026 12:00:00",17.6336264,75.9132495,OZONE,6,24,15
India,Maharashtra,Thane,"Upvan Fort, Thane - MPCB","23-09-2026 12:00:00",19.222279,72.957979,NH3,1,7,2
India,Maharashtra,Ulhasnagar,"Sidhi Vinayak Nagar, Ulhasnagar - MPCB","23-09-2026 12:00:00",19.235581,73.159121,PM2.5,52,98,78
India,Maharashtra,Ulhasnagar,"Sidhi Vinayak Nagar, Ulhasnagar - MPCB","23-09-2026 12:00:00",19.235581,73.159121,NH3,2,2,2
India,Maharashtra,Ulhasnagar,"Vithalwadi, Ulhasnagar - MPCB","23-09-2026 12:00:00",19.2307571,73.155192,NH3,4,6,5
India,Maharashtra,Virar,"Bolinj, Virar - MPCB","23-09-2026 12:00:00",19.445821,72.7988231,CO,8,98,38
India,Meghalaya,Byrnihat,"15th Mile-Nongthymmai, Byrnihat -Meghalaya PCB","23-09-2026 12:00:00",26.079047,91.875185,PM10,146,146,146
India,Meghalaya,Byrnihat,"15th Mile-Nongthymmai, Byrnihat -Meghalaya PCB","23-09-2026 12:00:00",26.079047,91.875185,NH3,0,1,0
India,Meghalaya,Byrnihat,"15th Mile-Nongthymmai, Byrnihat -Meghalaya PCB","23-09-2026 12:00:00",26.079047,91.875185,OZONE,NA,NA,NA
India,Mizoram,Aizawl,"Sikulpuikawn, Aizawl - Mizoram PCB","23-09-2026 12:00:00",23.7176342,92.7192841,NO2,1,1,1
India,Mizoram,Aizawl,"Sikulpuikawn, Aizawl - Mizoram PCB","23-09-2026 12:00:00",23.7176342,92.7192841,CO,3,3,3
India,Mizoram,Aizawl,"Sikulpuikawn, Aizawl - Mizoram PCB","23-09-2026 12:00:00",23.7176342,92.7192841,OZONE,0,1,1
India,Nagaland,Kohima,"PWD Junction, Kohima - NPCB","23-09-2026 12:00:00",25.6635413,94.0989878,PM10,NA,NA,NA
India,Odisha,Angul,"Hakimapada, Angul - OSPCB","23-09-2026 12:00:00",20.832874,85.104082,PM2.5,7,63,25
India,Punjab,Patiala,"Model Town, Patiala - PPCB","23-09-2026 12:00:00",30.349388,76.366642,NH3,3,10,6
India,Punjab,Rupnagar,"Ratanpura, Rupnagar - Ambuja Cements","23-09-2026 12:00:00",31.0325454,76.5623046,PM2.5,7,84,35
India,Punjab,Rupnagar,"Ratanpura, Rupnagar - Ambuja Cements","23-09-2026 12:00:00",31.0325454,76.5623046,CO,53,60,56
India,Rajasthan,Ajmer,"Civil Lines,  Ajmer - RSPCB","23-09-2026 12:00:00",26.470859,74.646594,SO2,0,16,7
India,Rajasthan,Alwar,"Vigyan Nagar, Alwar - RSPCB","23-09-2026 12:00:00",27.598796,76.63861,PM10,112,182,143
India,Rajasthan,Alwar,"Vigyan Nagar, Alwar - RSPCB","23-09-2026 12:00:00",27.598796,76.63861,CO,52,69,61
India,Rajasthan,Alwar,"Moti Doongri, Alwar - RSPCB","23-09-2026 12:00:00",27.554793,76.611536,PM2.5,45,135,77
India,Rajasthan,Alwar,"Moti Doongri, Alwar - RSPCB","23-09-2026 12:00:00",27.554793,76.611536,NH3,2,12,9
India,Rajasthan,Alwar,"Moti Doongri, Alwar - RSPCB","23-09-2026 12:00:00",27.554793,76.611536,CO,81,102,95
India,Rajasthan,Alwar,"Moti Doongri, Alwar - RSPCB","23-09-2026 12:00:00",27.554793,76.611536,OZONE,18,39,29
India,Rajasthan,Banswara,"Rati Talai, Banswara - RSPCB","23-09-2026 12:00:00",23.55519,74.44001,NH3,3,8,5
India,Rajasthan,Baran,"Bamboliya, Baran - RSPCB","23-09-2026 12:00:00",25.106006,76.469948,PM2.5,25,38,32
India,Rajasthan,Baran,"Bamboliya, Baran - RSPCB","23-09-2026 12:00:00",25.106006,76.469948,PM10,60,98,78
India,Rajasthan,Barmer,"Railway Colony, Barmer - RSPCB","23-09-2026 12:00:00",25.747299,71.393989,OZONE,50,81,66
India,Maharashtra,Pimpri-Chinchwad,"Park Street Wakad, Pimpri Chinchwad - MPCB","23-09-2026 12:00:00",18.59051,73.77946,NH3,NA,NA,NA
India,Maharashtra,Pimpri-Chinchwad,"Savta Mali Nagar, Pimpri-Chinchwad - IITM","23-09-2026 12:00:00",18.614767,73.799516,SO2,NA,NA,NA
India,Maharashtra,Pimpri-Chinchwad,"Transport Nagar-Nigdi, Pune - IITM","23-09-2026 12:00:00",18.664282,73.763966,PM2.5,40,95,64
India,Maharashtra,Pimpri-Chinchwad,"Transport Nagar-Nigdi, Pune - IITM","23-09-2026 12:00:00",18.664282,73.763966,NH3,NA,NA,NA
India,Maharashtra,Pune,"Panchawati_Pashan, Pune - IITM","23-09-2026 12:00:00",18.536457,73.805454,PM2.5,37,75,52
India,Maharashtra,Pune,"Panchawati_Pashan, Pune - IITM","23-09-2026 12:00:00",18.536457,73.805454,NO2,4,16,8
India,Maharashtra,Pune,"Savitribai Phule Pune University, Pune - MPCB","23-09-2026 12:00:00",18.547056,73.826908,NH3,2,3,2
India,Maharashtra,Pune,"Savitribai Phule Pune University, Pune - MPCB","23-09-2026 12:00:00",18.547056,73.826908,OZONE,5,43,19
India,Maharashtra,Pune,"Hadapsar, Pune - IITM","23-09-2026 12:00:00",18.501793,73.927532,PM10,33,124,72
India,Maharashtra,Pune,"Katraj Dairy, Pune - MPCB","23-09-2026 12:00:00",18.45445,73.854155,NH3,1,2,1
India,Maharashtra,Pune,"Revenue Colony-Shivajinagar, Pune - IITM","23-09-2026 12:00:00",18.530085,73.849598,NH3,NA,NA,NA
India,Maharashtra,Pune,"Dhankawadi, Pune - IITM","23-09-2026 12:00:00",18.459883,73.852193,OZONE,4,23,10
India,Maharashtra,Sangli,"Vijay Nagar, Sangli - MPCB","23-09-2026 12:00:00",16.5038,74.3623,SO2,3,8,6
India,Odisha,Angul,"Hakimapada, Angul - OSPCB","23-09-2026 12:00:00",20.832874,85.104082,PM10,12,108,43
India,Odisha,Angul,"Hakimapada, Angul - OSPCB","23-09-2026 12:00:00",20.832874,85.104082,CO,10,120,57
India,Odisha,Balasore,"Kalidaspur, Balasore - OSPCB","23-09-2026 12:00:00",21.51161,86.89088,CO,44,48,46
India,Odisha,Barbil,"Forest Office, Barbil - OSPCB","23-09-2026 12:00:00",22.1166054,85.3945546,NO2,5,20,10
India,Odisha,Barbil,"Forest Office, Barbil - OSPCB","23-09-2026 12:00:00",22.1166054,85.3945546,NH3,1,2,2
India,Odisha,Barbil,"Forest Office, Barbil - OSPCB","23-09-2026 12:00:00",22.1166054,85.3945546,SO2,7,27,14
India,Odisha,Bhubaneswar,"Lingraj Mandir, Bhubaneswar - OSPCB","23-09-2026 12:00:00",20.24079,85.836784,PM2.5,2,15,10
India,Odisha,Bhubaneswar,"Patia, Bhubaneswar - OSPCB","23-09-2026 12:00:00",20.34652,85.8163,NH3,3,20,10
India,Odisha,Bhubaneswar,"Patia, Bhubaneswar - OSPCB","23-09-2026 12:00:00",20.34652,85.8163,CO,11,24,16
India,Odisha,Bileipada,"Tata Township, Bileipada - OSPCB","23-09-2026 12:00:00",22.06156703,85.47409613,NH3,5,6,5
India,Odisha,Brajrajnagar,"GM Office, Brajrajnagar - OSPCB","23-09-2026 12:00:00",21.8004996,83.8396977,CO,56,58,57
India,Odisha,Keonjhar,"Jagamohanpur, Keonjhar - OSPCB","23-09-2026 12:00:00",21.6439,85.599355,NH3,2,2,2
India,Odisha,Nayagarh,"Dabuna, Nayagarh - OSPCB","23-09-2026 12:00:00",21.847279,85.416905,SO2,18,19,18
India,"Uttar Pradesh",Gajraula,"Rajanpur, Gajraula - UPPCB","23-09-2026 12:00:00",28.829109,78.248796,OZONE,1,38,14
India,"Uttar Pradesh",Ghaziabad,"Indirapuram, Ghaziabad - UPPCB","23-09-2026 12:00:00",28.646233,77.358075,CO,5,8,7
India,"Uttar Pradesh",Ghaziabad,"Govindpuram, Ghaziabad - UPPCB","23-09-2026 12:00:00",28.694528,77.494705,PM2.5,72,189,113
India,"Uttar Pradesh",Ghaziabad,"Ved Vihar-Loni, Ghaziabad - UPPCB","23-09-2026 12:00:00",28.739153,77.273668,NO2,25,53,39
India,"Uttar Pradesh",Ghaziabad,"Ved Vihar-Loni, Ghaziabad - UPPCB","23-09-2026 12:00:00",28.739153,77.273668,NH3,4,36,14
India,"Uttar Pradesh",Ghaziabad,"Wave City, Ghaziabad - UPPCB","23-09-2026 12:00:00",28.646675,77.489049,SO2,2,4,3
India,"Uttar Pradesh",Ghaziabad,"Wave City, Ghaziabad - UPPCB","23-09-2026 12:00:00",28.646675,77.489049,OZONE,1,94,27
India,"Uttar Pradesh",Ghaziabad,"Loni, Ghaziabad - UPPCB","23-09-2026 12:00:00",28.757294,77.278792,PM2.5,99,298,191
India,"Uttar Pradesh",Ghaziabad,"Loni, Ghaziabad - UPPCB","23-09-2026 12:00:00",28.757294,77.278792,OZONE,5,10,7
India,"Uttar Pradesh",Ghaziabad,"Vasundhara, Ghaziabad - UPPCB","23-09-2026 12:00:00",28.6603346,77.3572563,PM2.5,83,298,193
India,"Uttar Pradesh",Ghaziabad,"Vasundhara, Ghaziabad - UPPCB","23-09-2026 12:00:00",28.6603346,77.3572563,NH3,5,10,8
India,"Uttar Pradesh",Ghaziabad,"Vasundhara, Ghaziabad - UPPCB","23-09-2026 12:00:00",28.6603346,77.3572563,OZONE,16,70,30
India,"Uttar Pradesh",Ghaziabad,"Sanjay Nagar, Ghaziabad - UPPCB","23-09-2026 12:00:00",28.685382,77.453839,NO2,11,64,29
India,"Uttar Pradesh",Ghaziabad,"Sanjay Nagar, Ghaziabad - UPPCB","23-09-2026 12:00:00",28.685382,77.453839,SO2,5,14,8
India,"Uttar Pradesh",Gorakhpur,"Madan Mohan Malaviya University of Technology, Gorakhpur - UPPCB","23-09-2026 12:00:00",26.730136,83.433859,PM2.5,68,195,88
India,"Uttar Pradesh",Gorakhpur,"Madan Mohan Malaviya University of Technology, Gorakhpur - UPPCB","23-09-2026 12:00:00",26.730136,83.433859,NH3,1,1,1
India,"Uttar Pradesh",Gorakhpur,"Madan Mohan Malaviya University of Technology, Gorakhpur - UPPCB","23-09-2026 12:00:00",26.730136,83.433859,SO2,49,53,50
India,"Uttar Pradesh",Gorakhpur,"Madan Mohan Malaviya University of Technology, Gorakhpur - UPPCB","23-09-2026 12:00:00",26.730136,83.433859,CO,6,6,6
India,"Uttar Pradesh","Greater Noida","Knowledge Park - III, Greater Noida - UPPCB","23-09-2026 12:00:00",28.47272,77.482,PM2.5,NA,NA,NA
India,"Uttar Pradesh","Greater Noida","Knowledge Park - III, Greater Noida - UPPCB","23-09-2026 12:00:00",28.47272,77.482,PM10,102,234,144
India,"Uttar Pradesh",Hapur,"Anand Vihar, Hapur - UPPCB","23-09-2026 12:00:00",28.725645,77.749675,SO2,12,17,14
India,"Uttar Pradesh",Jhansi,"Shivaji Nagar, Jhansi - UPPCB","23-09-2026 12:00:00",25.4547,78.6039,PM2.5,50,310,98
India,"Uttar Pradesh",Jhansi,"Shivaji Nagar, Jhansi - UPPCB","23-09-2026 12:00:00",25.4547,78.6039,PM10,59,181,99
India,"Uttar Pradesh",Lucknow,"Kukrail Picnic Spot-1, Lucknow - UPPCB","23-09-2026 12:00:00",26.90723,80.98579,NO2,28,32,32
India,"Uttar Pradesh",Lucknow,"Kukrail Picnic Spot-1, Lucknow - UPPCB","23-09-2026 12:00:00",26.90723,80.98579,NH3,6,6,6
India,"Uttar Pradesh",Mathura,"Pali Dungra, Mathura - UPPCB","23-09-2026 12:00:00",27.410954,77.550619,PM2.5,156,226,189
India,"Uttar Pradesh",Mathura,"Pali Dungra, Mathura - UPPCB","23-09-2026 12:00:00",27.410954,77.550619,NH3,1,2,2
India,"Uttar Pradesh",Meerut,"Pallavpuram Phase 2, Meerut - UPPCB","23-09-2026 12:00:00",29.06351,77.709723,PM2.5,55,234,139
India,"Uttar Pradesh",Meerut,"Pallavpuram Phase 2, Meerut - UPPCB","23-09-2026 12:00:00",29.06351,77.709723,PM10,97,149,126
India,"Uttar Pradesh",Meerut,"Pallavpuram Phase 2, Meerut - UPPCB","23-09-2026 12:00:00",29.06351,77.709723,NO2,16,47,34
India,"Uttar Pradesh",Meerut,"Pallavpuram Phase 2, Meerut - UPPCB","23-09-2026 12:00:00",29.06351,77.709723,CO,8,42,19
India,"Uttar Pradesh",Meerut,"Ganga Nagar, Meerut - UPPCB","23-09-2026 12:00:00",28.999264,77.7590354,CO,53,60,56
India,"Uttar Pradesh",Meerut,"Ganga Nagar, Meerut - UPPCB","23-09-2026 12:00:00",28.999264,77.7590354,OZONE,25,103,54
India,"Uttar Pradesh",Meerut,"MIET College, Meerut - UPPCB","23-09-2026 12:00:00",28.972677,77.641018,PM2.5,14,278,146
India,"Uttar Pradesh",Meerut,"MIET College, Meerut - UPPCB","23-09-2026 12:00:00",28.972677,77.641018,CO,32,68,59
India,"Uttar Pradesh",Meerut,"Jai Bhim Nagar, Meerut - UPPCB","23-09-2026 12:00:00",28.9535882,77.7622941,PM2.5,37,163,79
India,"Uttar Pradesh",Meerut,"Jai Bhim Nagar, Meerut - UPPCB","23-09-2026 12:00:00",28.9535882,77.7622941,PM10,81,151,109
India,"Uttar Pradesh",Meerut,"Jai Bhim Nagar, Meerut - UPPCB","23-09-2026 12:00:00",28.9535882,77.7622941,SO2,5,15,9
India,"Uttar Pradesh",Modinagar,"SRM University, Modinagar - UPPCB","23-09-2026 12:00:00",28.798171,77.540243,PM2.5,86,190,129
India,"Uttar Pradesh",Modinagar,"SRM University, Modinagar - UPPCB","23-09-2026 12:00:00",28.798171,77.540243,OZONE,17,263,109
India,"Uttar Pradesh",Moradabad,"Kashiram Nagar, Moradabad - UPPCB","23-09-2026 12:00:00",28.849399,78.742362,NH3,4,4,4
India,"Uttar Pradesh",Moradabad,"Kashiram Nagar, Moradabad - UPPCB","23-09-2026 12:00:00",28.849399,78.742362,CO,38,44,40
India,"Uttar Pradesh",Moradabad,"Kashiram Nagar, Moradabad - UPPCB","23-09-2026 12:00:00",28.849399,78.742362,OZONE,14,22,17
India,"Uttar Pradesh",Moradabad,"Transport Nagar, Moradabad - UPPCB","23-09-2026 12:00:00",28.802625,78.753728,CO,19,49,37
India,"Uttar Pradesh",Moradabad,"Employment Office, Moradabad - UPPCB","23-09-2026 12:00:00",28.88528,78.7388,PM10,68,216,98
India,"Uttar Pradesh",Jhansi,"Shivaji Nagar, Jhansi - UPPCB","23-09-2026 12:00:00",25.4547,78.6039,SO2,18,33,25
India,"Uttar Pradesh",Kanpur,"FTI Kidwai Nagar, Kanpur - UPPCB","23-09-2026 12:00:00",26.428282,80.327067,PM10,15,176,62
India,"Uttar Pradesh",Kanpur,"NSI Kalyanpur, Kanpur - UPPCB","23-09-2026 12:00:00",26.509954,80.249612,OZONE,20,22,21
India,"Uttar Pradesh",Kanpur,"Nehru Nagar, Kanpur - UPPCB","23-09-2026 12:00:00",26.4703136,80.3229863,PM2.5,3,71,39
India,"Uttar Pradesh",Kanpur,"Nehru Nagar, Kanpur - UPPCB","23-09-2026 12:00:00",26.4703136,80.3229863,PM10,3,64,35
India,"Uttar Pradesh",Kanpur,"Nehru Nagar, Kanpur - UPPCB","23-09-2026 12:00:00",26.4703136,80.3229863,NH3,NA,NA,NA
India,"Uttar Pradesh",Khora,"Prashant Garden, Khora - UPPCB","23-09-2026 12:00:00",28.61119,77.34206,SO2,0,5,3
India,"Uttar Pradesh",Khurja,"Kalindi Kunj, Khurja - UPPCB","23-09-2026 12:00:00",28.2348927,77.8683002,NH3,1,1,1
India,"Uttar Pradesh",Khurja,"Kalindi Kunj, Khurja - UPPCB","23-09-2026 12:00:00",28.2348927,77.8683002,CO,38,61,46
India,"Uttar Pradesh",Lucknow,"B R Ambedkar University, Lucknow - UPPCB","23-09-2026 12:00:00",26.766433,80.927299,PM10,28,76,43
India,"Uttar Pradesh",Lucknow,"B R Ambedkar University, Lucknow - UPPCB","23-09-2026 12:00:00",26.766433,80.927299,OZONE,12,41,24
India,"Uttar Pradesh",Lucknow,"Kendriya Vidyalaya, Lucknow - CPCB","23-09-2026 12:00:00",26.906111,80.948222,NO2,27,41,32
India,"Uttar Pradesh",Lucknow,"Kendriya Vidyalaya, Lucknow - CPCB","23-09-2026 12:00:00",26.906111,80.948222,CO,32,57,41
India,"Uttar Pradesh",Lucknow,"Lalbagh, Lucknow - CPCB","23-09-2026 12:00:00",26.8458805,80.9365541,CO,12,44,28
India,"Uttar Pradesh",Lucknow,"Gomti Nagar, Lucknow - UPPCB","23-09-2026 12:00:00",26.86812,81.005119,PM2.5,22,246,56
India,"Uttar Pradesh",Lucknow,"Gomti Nagar, Lucknow - UPPCB","23-09-2026 12:00:00",26.86812,81.005119,OZONE,40,44,42
India,"Uttar Pradesh",Lucknow,"Talkatora District Industries Center, Lucknow - CPCB","23-09-2026 12:00:00",26.83399722,80.8917361,SO2,3,41,12
India,"West Bengal",Howrah,"Belur Math, Howrah - WBPCB","23-09-2026 12:00:00",22.629801,88.352017,NO2,21,51,32
India,"West Bengal",Howrah,"Belur Math, Howrah - WBPCB","23-09-2026 12:00:00",22.629801,88.352017,OZONE,9,9,9
India,"West Bengal",Howrah,"Dasnagar, Howrah - WBPCB","23-09-2026 12:00:00",22.6025571,88.3105664,PM2.5,16,57,39
India,"West Bengal",Howrah,"Padmapukur, Howrah - WBPCB","23-09-2026 12:00:00",22.5687319,88.2797276,PM10,31,89,71
India,"West Bengal",Howrah,"Padmapukur, Howrah - WBPCB","23-09-2026 12:00:00",22.5687319,88.2797276,NH3,3,11,7
India,"West Bengal",Howrah,"Padmapukur, Howrah - WBPCB","23-09-2026 12:00:00",22.5687319,88.2797276,CO,50,56,53
India,"West Bengal",Howrah,"Padmapukur, Howrah - WBPCB","23-09-2026 12:00:00",22.5687319,88.2797276,OZONE,17,19,18
India,"West Bengal",Howrah,"Botanical Garden, Howrah - WBPCB","23-09-2026 12:00:00",22.554954,88.292568,NH3,1,3,2
India,"West Bengal",Howrah,"Botanical Garden, Howrah - WBPCB","23-09-2026 12:00:00",22.554954,88.292568,CO,3,14,6
India,"West Bengal",Howrah,"Botanical Garden, Howrah - WBPCB","23-09-2026 12:00:00",22.554954,88.292568,OZONE,45,50,48
India,"West Bengal",Kolkata,"Fort William, Kolkata - WBPCB","23-09-2026 12:00:00",22.55664,88.342674,PM10,11,39,24
India,"West Bengal",Kolkata,"Fort William, Kolkata - WBPCB","23-09-2026 12:00:00",22.55664,88.342674,OZONE,39,45,41
India,"West Bengal",Kolkata,"Jadavpur, Kolkata - WBPCB","23-09-2026 12:00:00",22.49929,88.36917,PM2.5,21,35,28
India,"West Bengal",Kolkata,"Jadavpur, Kolkata - WBPCB","23-09-2026 12:00:00",22.49929,88.36917,PM10,17,35,26
India,"West Bengal",Kolkata,"Jadavpur, Kolkata - WBPCB","23-09-2026 12:00:00",22.49929,88.36917,NO2,20,43,30
India,"West Bengal",Kolkata,"Ballygunge, Kolkata - WBPCB","23-09-2026 12:00:00",22.5367507,88.3638022,NO2,18,90,28
India,"West Bengal",Kolkata,"Victoria, Kolkata - WBPCB","23-09-2026 12:00:00",22.5448082,88.3403691,SO2,2,9,5
India,"West Bengal",Siliguri,"Ward-32 Bapupara, Siliguri - WBPCB","23-09-2026 12:00:00",26.6879226,88.4152495,SO2,13,15,15
India,"West Bengal",Siliguri,"Ward-32 Bapupara, Siliguri - WBPCB","23-09-2026 12:00:00",26.6879226,88.4152495,CO,6,42,27
India,"Uttar Pradesh",Raebareli,"Anand Nagar, Raebareli - UPPCB","23-09-2026 12:00:00",26.219512,81.237648,PM10,48,92,74
India,"Uttar Pradesh",Raebareli,"Anand Nagar, Raebareli - UPPCB","23-09-2026 12:00:00",26.219512,81.237648,NO2,9,52,21
India,"Uttar Pradesh",Raebareli,"Anand Nagar, Raebareli - UPPCB","23-09-2026 12:00:00",26.219512,81.237648,NH3,NA,NA,NA
India,"Uttar Pradesh",Raebareli,"Anand Nagar, Raebareli - UPPCB","23-09-2026 12:00:00",26.219512,81.237648,CO,50,84,58
India,"Uttar Pradesh",Raebareli,"Anand Nagar, Raebareli - UPPCB","23-09-2026 12:00:00",26.219512,81.237648,OZONE,45,72,55
India,"Uttar Pradesh",Varanasi,"Ardhali Bazar, Varanasi - UPPCB","23-09-2026 12:00:00",25.3505986,82.9083074,SO2,4,7,6
India,"Uttar Pradesh",Varanasi,"Bhelupur, Varanasi - UPPCB","23-09-2026 12:00:00",25.301778,82.996789,NO2,8,8,8
India,"Uttar Pradesh",Varanasi,"Bhelupur, Varanasi - UPPCB","23-09-2026 12:00:00",25.301778,82.996789,SO2,33,35,34
India,"Uttar Pradesh",Varanasi,"IESD Banaras Hindu University, Varanasi - UPPCB","23-09-2026 12:00:00",25.262326,82.995408,NO2,2,2,2
India,"Uttar Pradesh",Vrindavan," Chhatikara, Vrindavan - UPPCB","23-09-2026 12:00:00",27.57194,77.62346,PM10,154,383,205
India,Uttarakhand,Dehradun,"Doon University, Dehradun - UKPCB","23-09-2026 12:00:00",30.269444,78.044167,PM10,45,126,81
India,Uttarakhand,Dehradun,"Doon University, Dehradun - UKPCB","23-09-2026 12:00:00",30.269444,78.044167,OZONE,7,31,18
India,"West Bengal",Asansol,"Asansol Court Area, Asansol - WBPCB","23-09-2026 12:00:00",23.685297,86.945968,PM2.5,23,46,32
India,"West Bengal",Asansol,"Asansol Court Area, Asansol - WBPCB","23-09-2026 12:00:00",23.685297,86.945968,NO2,25,37,29
India,"West Bengal",Asansol,"Asansol Court Area, Asansol - WBPCB","23-09-2026 12:00:00",23.685297,86.945968,SO2,4,24,14
India,"West Bengal",Asansol,"Mahabir Colliery, Asansol - WBPCB","23-09-2026 12:00:00",23.618183,87.105718,CO,16,25,19
India,"West Bengal",Asansol,"Mahabir Colliery, Asansol - WBPCB","23-09-2026 12:00:00",23.618183,87.105718,OZONE,9,13,10
India,"West Bengal",Asansol,"Trivenidevi Bhalotia College, Asansol - WBPCB","23-09-2026 12:00:00",23.616515,87.119133,PM10,11,117,35
India,"West Bengal",Asansol,"Trivenidevi Bhalotia College, Asansol - WBPCB","23-09-2026 12:00:00",23.616515,87.119133,OZONE,7,18,10
India,"West Bengal",Barrackpore,"SVSPA Campus, Barrackpore - WBPCB","23-09-2026 12:00:00",22.7605581,88.3617589,SO2,13,14,14
India,"West Bengal",Barrackpore,"SVSPA Campus, Barrackpore - WBPCB","23-09-2026 12:00:00",22.7605581,88.3617589,OZONE,4,32,16
India,"West Bengal",Durgapur,"Mahishkapur Road_B-Zone, Durgapur - WBPCB","23-09-2026 12:00:00",23.567923,87.306843,NH3,0,1,0
India,"West Bengal",Durgapur,"Womens College_City Center, Durgapur - WBPCB","23-09-2026 12:00:00",23.549395,87.300496,PM2.5,7,25,13
India,"West Bengal",Haldia,"Priyambada Housing Estate, Haldia - WBPCB","23-09-2026 12:00:00",22.06047,88.109737,PM10,18,44,25
India,"West Bengal",Haldia,"Priyambada Housing Estate, Haldia - WBPCB","23-09-2026 12:00:00",22.06047,88.109737,NO2,10,31,17
India,"West Bengal",Howrah,"Ghusuri, Howrah - WBPCB","23-09-2026 12:00:00",22.611968,88.347422,SO2,6,12,9
India,"West Bengal",Howrah,"Ghusuri, Howrah - WBPCB","23-09-2026 12:00:00",22.611968,88.347422,OZONE,19,25,21
India,"Uttar Pradesh",Moradabad,"Jigar Colony, Moradabad - UPPCB","23-09-2026 12:00:00",28.856664,78.772638,CO,40,40,40
India,"Uttar Pradesh",Noida,"Sector - 62, Noida - IITM","23-09-2026 12:00:00",28.6245479,77.3577104,NO2,1,13,8
India,"Uttar Pradesh",Noida,"Sector-1, Noida - UPPCB","23-09-2026 12:00:00",28.5898,77.3101,NO2,18,83,40
India,"Uttar Pradesh",Noida,"Sector-116, Noida - UPPCB","23-09-2026 12:00:00",28.56923,77.393848,PM2.5,101,289,193
India,"Uttar Pradesh",Noida,"Sector-116, Noida - UPPCB","23-09-2026 12:00:00",28.56923,77.393848,PM10,129,273,169
India,"Uttar Pradesh",Noida,"Sector-116, Noida - UPPCB","23-09-2026 12:00:00",28.56923,77.393848,NO2,37,95,62
India,"Uttar Pradesh",Noida,"Sector-116, Noida - UPPCB","23-09-2026 12:00:00",28.56923,77.393848,SO2,10,28,17
India,"Uttar Pradesh",Prayagraj,"Nagar Nigam, Prayagraj - UPPCB","23-09-2026 12:00:00",25.44919916,81.82735986,PM2.5,8,34,21
India,"Uttar Pradesh",Prayagraj,"Motilal Nehru NIT, Prayagraj - UPPCB","23-09-2026 12:00:00",25.494,81.863,OZONE,10,34,18
India,"Uttar Pradesh",Prayagraj,"Jhunsi, Prayagraj - UPPCB","23-09-2026 12:00:00",25.425602,81.917152,PM2.5,13,47,29
India,"Uttar Pradesh",Prayagraj,"Jhunsi, Prayagraj - UPPCB","23-09-2026 12:00:00",25.425602,81.917152,SO2,11,41,22
India,"Uttar Pradesh",Raebareli," Indira Nagar, Raebareli - NTPC Unchahar","23-09-2026 12:00:00",26.207781,81.245571,NH3,NA,NA,NA
India,"Uttar Pradesh",Raebareli," Indira Nagar, Raebareli - NTPC Unchahar","23-09-2026 12:00:00",26.207781,81.245571,SO2,NA,NA,NA
India,"Uttar Pradesh",Raebareli," Indira Nagar, Raebareli - NTPC Unchahar","23-09-2026 12:00:00",26.207781,81.245571,OZONE,7,10,8
India,Telangana,Hyderabad,"Zoo Park, Hyderabad - TSPCB","23-09-2026 12:00:00",17.349694,78.451437,NH3,2,2,2
India,Telangana,Hyderabad,"Kokapet, Hyderabad - TSPCB","23-09-2026 12:00:00",17.393559,78.339194,PM2.5,33,56,42
India,Telangana,Hyderabad,"Kokapet, Hyderabad - TSPCB","23-09-2026 12:00:00",17.393559,78.339194,PM10,50,74,59
India,Telangana,Hyderabad,"Kokapet, Hyderabad - TSPCB","23-09-2026 12:00:00",17.393559,78.339194,NO2,11,15,12
India,Telangana,Hyderabad,"Kokapet, Hyderabad - TSPCB","23-09-2026 12:00:00",17.393559,78.339194,SO2,6,10,8
India,Telangana,Hyderabad,"Kokapet, Hyderabad - TSPCB","23-09-2026 12:00:00",17.393559,78.339194,OZONE,14,19,17
India,Telangana,Hyderabad,"New Malakpet, Hyderabad - TSPCB","23-09-2026 12:00:00",17.37206,78.50864,PM10,57,68,62
India,Telangana,Hyderabad,"New Malakpet, Hyderabad - TSPCB","23-09-2026 12:00:00",17.37206,78.50864,NO2,11,15,12
India,Telangana,Hyderabad,"IITH Kandi, Hyderabad - TSPCB","23-09-2026 12:00:00",17.585705,78.126199,NO2,NA,NA,NA
India,Telangana,Hyderabad,"IITH Kandi, Hyderabad - TSPCB","23-09-2026 12:00:00",17.585705,78.126199,NH3,NA,NA,NA
India,Telangana,Hyderabad,"IDA Pashamylaram, Hyderabad - TSPCB","23-09-2026 12:00:00",17.5316895,78.218939,NH3,0,2,1
India,Telangana,Hyderabad,"IDA Pashamylaram, Hyderabad - TSPCB","23-09-2026 12:00:00",17.5316895,78.218939,OZONE,4,12,8
India,Telangana,Hyderabad,"Sanathnagar, Hyderabad - TSPCB","23-09-2026 12:00:00",17.4559458,78.4332152,PM2.5,14,78,42
India,Telangana,Hyderabad,"Sanathnagar, Hyderabad - TSPCB","23-09-2026 12:00:00",17.4559458,78.4332152,NO2,30,35,32
India,Telangana,Hyderabad,"Somajiguda, Hyderabad - TSPCB","23-09-2026 12:00:00",17.417094,78.457437,OZONE,13,23,16
India,"Uttar Pradesh",Agra,"Manoharpur, Agra - UPPCB","23-09-2026 12:00:00",27.23711,78.01936,PM2.5,76,158,97
India,"Uttar Pradesh",Agra,"Manoharpur, Agra - UPPCB","23-09-2026 12:00:00",27.23711,78.01936,NO2,31,31,31
India,"Uttar Pradesh",Agra,"Sector-3B Avas Vikas Colony, Agra - UPPCB","23-09-2026 12:00:00",27.19412,77.96237,NO2,35,38,35
India,"Uttar Pradesh",Agra,"Shastripuram, Agra - UPPCB","23-09-2026 12:00:00",27.19862,77.92066,PM2.5,52,214,100
India,"Uttar Pradesh",Agra,"Shastripuram, Agra - UPPCB","23-09-2026 12:00:00",27.19862,77.92066,OZONE,7,10,8
India,"Uttar Pradesh",Agra,"Rohta, Agra - UPPCB","23-09-2026 12:00:00",27.106972,78.000111,OZONE,12,16,14
India,"Uttar Pradesh",Baghpat,"Sardar Patel Inter College, Baghpat - UPPCB","23-09-2026 12:00:00",28.964949,77.278761,CO,19,27,24
India,"Uttar Pradesh",Baghpat,"Sardar Patel Inter College, Baghpat - UPPCB","23-09-2026 12:00:00",28.964949,77.278761,OZONE,3,69,28
India,"Uttar Pradesh","Fatehpur Sikri","Dadupura, Fatehpur Sikri - UPPCB","23-09-2026 12:00:00",27.097694,77.671335,NO2,7,8,8
India,"Uttar Pradesh",Firozabad,"Vibhab Nagar, Firozabad - UPPCB","23-09-2026 12:00:00",27.1594,78.3953,NH3,6,7,7
